cest;cest_normalizado;ncm_sh;authority_source_id;ingestion_source_id;snapshot_gerado_em
01.001.00;0100100;3815.12.10;CONFAZ_CV142_18;TABELASFISCAIS_SNAPSHOT;2026-08-10T11:41:31.190Z
01.001.00;0100100;3815.12.90;CONFAZ_CV142_18;TABELASFISCAIS_SNAPSHOT;2026-08-10T11:41:31.190Z
01.002.00;0100200;3917;CONFAZ_CV142_18;TABELASFISCAIS_SNAPSHOT;2026-08-10T11:41:31.190Z
01.003.00;0100300;3918.10.00;CONFAZ_CV142_18;TABELASFISCAIS_SNAPSHOT;2026-08-10T11:41:31.190Z
01.004.00;0100400;3923.30.00;CONFAZ_CV142_18;TABELASFISCAIS_SNAPSHOT;2026-08-10T11:41:31.190Z
01.005.00;0100500;3926.30.00;CONFAZ_CV142_18;TABELASFISCAIS_SNAPSHOT;2026-08-10T11:41:31.190Z
01.006.00;0100600;4010.3;CONFAZ_CV142_18;TABELASFISCAIS_SNAPSHOT;2026-08-10T11:41:31.190Z
01.006.00;0100600;5910.00.00;CONFAZ_CV142_18;TABELASFISCAIS_SNAPSHOT;2026-08-10T11:41:31.190Z
01.007.00;0100700;4016.93.00;CONFAZ_CV142_18;TABELASFISCAIS_SNAPSHOT;2026-08-10T11:41:31.190Z
01.007.00;0100700;4823.90.9;CONFAZ_CV142_18;TABELASFISCAIS_SNAPSHOT;2026-08-10T11:41:31.190Z
01.008.00;0100800;4016.10.10;CONFAZ_CV142_18;TABELASFISCAIS_SNAPSHOT;2026-08-10T11:41:31.190Z
01.009.00;0100900;4016.99.90;CONFAZ_CV142_18;TABELASFISCAIS_SNAPSHOT;2026-08-10T11:41:31.190Z
01.009.00;0100900;5705.00.00;CONFAZ_CV142_18;TABELASFISCAIS_SNAPSHOT;2026-08-10T11:41:31.190Z
01.010.00;0101000;5903.90.00;CONFAZ_CV142_18;TABELASFISCAIS_SNAPSHOT;2026-08-10T11:41:31.190Z
01.011.00;0101100;5909.00.00;CONFAZ_CV142_18;TABELASFISCAIS_SNAPSHOT;2026-08-10T11:41:31.190Z
01.012.00;0101200;6306.1;CONFAZ_CV142_18;TABELASFISCAIS_SNAPSHOT;2026-08-10T11:41:31.190Z
01.013.00;0101300;6506.10.00;CONFAZ_CV142_18;TABELASFISCAIS_SNAPSHOT;2026-08-10T11:41:31.190Z
01.014.00;0101400;6813;CONFAZ_CV142_18;TABELASFISCAIS_SNAPSHOT;2026-08-10T11:41:31.190Z
01.015.00;0101500;7007.11.00;CONFAZ_CV142_18;TABELASFISCAIS_SNAPSHOT;2026-08-10T11:41:31.190Z
01.015.00;0101500;7007.21.00;CONFAZ_CV142_18;TABELASFISCAIS_SNAPSHOT;2026-08-10T11:41:31.190Z
01.016.00;0101600;7009.10.00;CONFAZ_CV142_18;TABELASFISCAIS_SNAPSHOT;2026-08-10T11:41:31.190Z
01.017.00;0101700;7014.00.00;CONFAZ_CV142_18;TABELASFISCAIS_SNAPSHOT;2026-08-10T11:41:31.190Z
01.018.00;0101800;7311.00.00;CONFAZ_CV142_18;TABELASFISCAIS_SNAPSHOT;2026-08-10T11:41:31.190Z
01.019.00;0101900;7311.00.00;CONFAZ_CV142_18;TABELASFISCAIS_SNAPSHOT;2026-08-10T11:41:31.190Z
01.020.00;0102000;7320;CONFAZ_CV142_18;TABELASFISCAIS_SNAPSHOT;2026-08-10T11:41:31.190Z
01.021.00;0102100;7325;CONFAZ_CV142_18;TABELASFISCAIS_SNAPSHOT;2026-08-10T11:41:31.190Z
01.022.00;0102200;7806.00;CONFAZ_CV142_18;TABELASFISCAIS_SNAPSHOT;2026-08-10T11:41:31.190Z
01.023.00;0102300;8007.00.90;CONFAZ_CV142_18;TABELASFISCAIS_SNAPSHOT;2026-08-10T11:41:31.190Z
01.024.00;0102400;8301.20;CONFAZ_CV142_18;TABELASFISCAIS_SNAPSHOT;2026-08-10T11:41:31.190Z
01.024.00;0102400;8301.60;CONFAZ_CV142_18;TABELASFISCAIS_SNAPSHOT;2026-08-10T11:41:31.190Z
01.025.00;0102500;8301.70;CONFAZ_CV142_18;TABELASFISCAIS_SNAPSHOT;2026-08-10T11:41:31.190Z
01.026.00;0102600;8302.10.00;CONFAZ_CV142_18;TABELASFISCAIS_SNAPSHOT;2026-08-10T11:41:31.190Z
01.026.00;0102600;8302.30.00;CONFAZ_CV142_18;TABELASFISCAIS_SNAPSHOT;2026-08-10T11:41:31.190Z
01.027.00;0102700;8310.00;CONFAZ_CV142_18;TABELASFISCAIS_SNAPSHOT;2026-08-10T11:41:31.190Z
01.028.00;0102800;8407.3;CONFAZ_CV142_18;TABELASFISCAIS_SNAPSHOT;2026-08-10T11:41:31.190Z
01.029.00;0102900;8408.20;CONFAZ_CV142_18;TABELASFISCAIS_SNAPSHOT;2026-08-10T11:41:31.190Z
01.030.00;0103000;8409.9;CONFAZ_CV142_18;TABELASFISCAIS_SNAPSHOT;2026-08-10T11:41:31.190Z
01.031.00;0103100;8412.2;CONFAZ_CV142_18;TABELASFISCAIS_SNAPSHOT;2026-08-10T11:41:31.190Z
01.032.00;0103200;8413.30;CONFAZ_CV142_18;TABELASFISCAIS_SNAPSHOT;2026-08-10T11:41:31.190Z
01.033.00;0103300;8414.10.00;CONFAZ_CV142_18;TABELASFISCAIS_SNAPSHOT;2026-08-10T11:41:31.190Z
01.034.00;0103400;8414.80.1;CONFAZ_CV142_18;TABELASFISCAIS_SNAPSHOT;2026-08-10T11:41:31.190Z
01.034.00;0103400;8414.80.2;CONFAZ_CV142_18;TABELASFISCAIS_SNAPSHOT;2026-08-10T11:41:31.190Z
01.035.00;0103500;8413.91.90;CONFAZ_CV142_18;TABELASFISCAIS_SNAPSHOT;2026-08-10T11:41:31.190Z
01.035.00;0103500;8414.90.10;CONFAZ_CV142_18;TABELASFISCAIS_SNAPSHOT;2026-08-10T11:41:31.190Z
01.035.00;0103500;8414.90.3;CONFAZ_CV142_18;TABELASFISCAIS_SNAPSHOT;2026-08-10T11:41:31.190Z
01.035.00;0103500;8414.90.39;CONFAZ_CV142_18;TABELASFISCAIS_SNAPSHOT;2026-08-10T11:41:31.190Z
01.036.00;0103600;8415.20;CONFAZ_CV142_18;TABELASFISCAIS_SNAPSHOT;2026-08-10T11:41:31.190Z
01.037.00;0103700;8421.23.00;CONFAZ_CV142_18;TABELASFISCAIS_SNAPSHOT;2026-08-10T11:41:31.190Z
01.038.00;0103800;8421.29.90;CONFAZ_CV142_18;TABELASFISCAIS_SNAPSHOT;2026-08-10T11:41:31.190Z
01.039.00;0103900;8421.9;CONFAZ_CV142_18;TABELASFISCAIS_SNAPSHOT;2026-08-10T11:41:31.190Z
01.040.00;0104000;8424.10.00;CONFAZ_CV142_18;TABELASFISCAIS_SNAPSHOT;2026-08-10T11:41:31.190Z
01.041.00;0104100;8421.31.00;CONFAZ_CV142_18;TABELASFISCAIS_SNAPSHOT;2026-08-10T11:41:31.190Z
01.042.00;0104200;8421.32.00;CONFAZ_CV142_18;TABELASFISCAIS_SNAPSHOT;2026-08-10T11:41:31.190Z
01.043.00;0104300;8425.42.00;CONFAZ_CV142_18;TABELASFISCAIS_SNAPSHOT;2026-08-10T11:41:31.190Z
01.044.00;0104400;8431.10.10;CONFAZ_CV142_18;TABELASFISCAIS_SNAPSHOT;2026-08-10T11:41:31.190Z
01.045.00;0104500;8431.49.2;CONFAZ_CV142_18;TABELASFISCAIS_SNAPSHOT;2026-08-10T11:41:31.190Z
01.045.01;0104501;8433.90.90;CONFAZ_CV142_18;TABELASFISCAIS_SNAPSHOT;2026-08-10T11:41:31.190Z
01.046.00;0104600;8481.10.00;CONFAZ_CV142_18;TABELASFISCAIS_SNAPSHOT;2026-08-10T11:41:31.190Z
01.047.00;0104700;8481.2;CONFAZ_CV142_18;TABELASFISCAIS_SNAPSHOT;2026-08-10T11:41:31.190Z
01.048.00;0104800;8481.80.92;CONFAZ_CV142_18;TABELASFISCAIS_SNAPSHOT;2026-08-10T11:41:31.190Z
01.049.00;0104900;8482;CONFAZ_CV142_18;TABELASFISCAIS_SNAPSHOT;2026-08-10T11:41:31.190Z
01.050.00;0105000;8483;CONFAZ_CV142_18;TABELASFISCAIS_SNAPSHOT;2026-08-10T11:41:31.190Z
01.051.00;0105100;8484;CONFAZ_CV142_18;TABELASFISCAIS_SNAPSHOT;2026-08-10T11:41:31.190Z
01.052.00;0105200;8505.20;CONFAZ_CV142_18;TABELASFISCAIS_SNAPSHOT;2026-08-10T11:41:31.190Z
01.053.00;0105300;8507.10;CONFAZ_CV142_18;TABELASFISCAIS_SNAPSHOT;2026-08-10T11:41:31.190Z
01.053.01;0105301;8507.10.10;CONFAZ_CV142_18;TABELASFISCAIS_SNAPSHOT;2026-08-10T11:41:31.190Z
01.054.00;0105400;8511;CONFAZ_CV142_18;TABELASFISCAIS_SNAPSHOT;2026-08-10T11:41:31.190Z
01.055.00;0105500;8512.20;CONFAZ_CV142_18;TABELASFISCAIS_SNAPSHOT;2026-08-10T11:41:31.190Z
01.055.00;0105500;8512.40;CONFAZ_CV142_18;TABELASFISCAIS_SNAPSHOT;2026-08-10T11:41:31.190Z
01.055.00;0105500;8512.90.00;CONFAZ_CV142_18;TABELASFISCAIS_SNAPSHOT;2026-08-10T11:41:31.190Z
01.056.00;0105600;8517.14.10;CONFAZ_CV142_18;TABELASFISCAIS_SNAPSHOT;2026-08-10T11:41:31.190Z
01.057.00;0105700;8518;CONFAZ_CV142_18;TABELASFISCAIS_SNAPSHOT;2026-08-10T11:41:31.190Z
01.058.00;0105800;8518.50.00;CONFAZ_CV142_18;TABELASFISCAIS_SNAPSHOT;2026-08-10T11:41:31.190Z
01.059.00;0105900;8519.81;CONFAZ_CV142_18;TABELASFISCAIS_SNAPSHOT;2026-08-10T11:41:31.190Z
01.060.00;0106000;8525.50.1;CONFAZ_CV142_18;TABELASFISCAIS_SNAPSHOT;2026-08-10T11:41:31.190Z
01.060.00;0106000;8525.60.10;CONFAZ_CV142_18;TABELASFISCAIS_SNAPSHOT;2026-08-10T11:41:31.190Z
01.061.00;0106100;8527.21.00;CONFAZ_CV142_18;TABELASFISCAIS_SNAPSHOT;2026-08-10T11:41:31.190Z
01.062.00;0106200;8527.29.00;CONFAZ_CV142_18;TABELASFISCAIS_SNAPSHOT;2026-08-10T11:41:31.190Z
01.062.01;0106201;8521.90.90;CONFAZ_CV142_18;TABELASFISCAIS_SNAPSHOT;2026-08-10T11:41:31.190Z
01.063.00;0106300;8529.10;CONFAZ_CV142_18;TABELASFISCAIS_SNAPSHOT;2026-08-10T11:41:31.190Z
01.064.00;0106400;8534.00;CONFAZ_CV142_18;TABELASFISCAIS_SNAPSHOT;2026-08-10T11:41:31.190Z
01.065.00;0106500;8535.30;CONFAZ_CV142_18;TABELASFISCAIS_SNAPSHOT;2026-08-10T11:41:31.190Z
01.065.00;0106500;8536.50;CONFAZ_CV142_18;TABELASFISCAIS_SNAPSHOT;2026-08-10T11:41:31.190Z
01.066.00;0106600;8536.10.00;CONFAZ_CV142_18;TABELASFISCAIS_SNAPSHOT;2026-08-10T11:41:31.190Z
01.067.00;0106700;8536.20.00;CONFAZ_CV142_18;TABELASFISCAIS_SNAPSHOT;2026-08-10T11:41:31.190Z
01.068.00;0106800;8536.4;CONFAZ_CV142_18;TABELASFISCAIS_SNAPSHOT;2026-08-10T11:41:31.190Z
01.069.00;0106900;8538;CONFAZ_CV142_18;TABELASFISCAIS_SNAPSHOT;2026-08-10T11:41:31.190Z
01.070.00;0107000;8539.10;CONFAZ_CV142_18;TABELASFISCAIS_SNAPSHOT;2026-08-10T11:41:31.190Z
01.071.00;0107100;8539.2;CONFAZ_CV142_18;TABELASFISCAIS_SNAPSHOT;2026-08-10T11:41:31.190Z
01.072.00;0107200;8544.20.00;CONFAZ_CV142_18;TABELASFISCAIS_SNAPSHOT;2026-08-10T11:41:31.190Z
01.073.00;0107300;8544.30.00;CONFAZ_CV142_18;TABELASFISCAIS_SNAPSHOT;2026-08-10T11:41:31.190Z
01.074.00;0107400;8707;CONFAZ_CV142_18;TABELASFISCAIS_SNAPSHOT;2026-08-10T11:41:31.190Z
01.075.00;0107500;8708;CONFAZ_CV142_18;TABELASFISCAIS_SNAPSHOT;2026-08-10T11:41:31.190Z
01.076.00;0107600;8714.1;CONFAZ_CV142_18;TABELASFISCAIS_SNAPSHOT;2026-08-10T11:41:31.190Z
01.077.00;0107700;8716.90.90;CONFAZ_CV142_18;TABELASFISCAIS_SNAPSHOT;2026-08-10T11:41:31.190Z
01.078.00;0107800;9026.10;CONFAZ_CV142_18;TABELASFISCAIS_SNAPSHOT;2026-08-10T11:41:31.190Z
01.079.00;0107900;9026.20;CONFAZ_CV142_18;TABELASFISCAIS_SNAPSHOT;2026-08-10T11:41:31.190Z
01.080.00;0108000;9029;CONFAZ_CV142_18;TABELASFISCAIS_SNAPSHOT;2026-08-10T11:41:31.190Z
01.081.00;0108100;9030.33.21;CONFAZ_CV142_18;TABELASFISCAIS_SNAPSHOT;2026-08-10T11:41:31.190Z
01.082.00;0108200;9031.80.40;CONFAZ_CV142_18;TABELASFISCAIS_SNAPSHOT;2026-08-10T11:41:31.190Z
01.083.00;0108300;9032.89.2;CONFAZ_CV142_18;TABELASFISCAIS_SNAPSHOT;2026-08-10T11:41:31.190Z
01.084.00;0108400;9104.00.00;CONFAZ_CV142_18;TABELASFISCAIS_SNAPSHOT;2026-08-10T11:41:31.190Z
01.085.00;0108500;9401.20.00;CONFAZ_CV142_18;TABELASFISCAIS_SNAPSHOT;2026-08-10T11:41:31.190Z
01.085.00;0108500;9401.99.00;CONFAZ_CV142_18;TABELASFISCAIS_SNAPSHOT;2026-08-10T11:41:31.190Z
01.086.00;0108600;9613.80.00;CONFAZ_CV142_18;TABELASFISCAIS_SNAPSHOT;2026-08-10T11:41:31.190Z
01.087.00;0108700;4009;CONFAZ_CV142_18;TABELASFISCAIS_SNAPSHOT;2026-08-10T11:41:31.190Z
01.088.00;0108800;4504.90.00;CONFAZ_CV142_18;TABELASFISCAIS_SNAPSHOT;2026-08-10T11:41:31.190Z
01.088.00;0108800;6812.99.10;CONFAZ_CV142_18;TABELASFISCAIS_SNAPSHOT;2026-08-10T11:41:31.190Z
01.089.00;0108900;4823.40.00;CONFAZ_CV142_18;TABELASFISCAIS_SNAPSHOT;2026-08-10T11:41:31.190Z
01.090.00;0109000;3919.10;CONFAZ_CV142_18;TABELASFISCAIS_SNAPSHOT;2026-08-10T11:41:31.190Z
01.090.00;0109000;3919.90;CONFAZ_CV142_18;TABELASFISCAIS_SNAPSHOT;2026-08-10T11:41:31.190Z
01.090.00;0109000;8708.29.99;CONFAZ_CV142_18;TABELASFISCAIS_SNAPSHOT;2026-08-10T11:41:31.190Z
01.091.00;0109100;8412.31.10;CONFAZ_CV142_18;TABELASFISCAIS_SNAPSHOT;2026-08-10T11:41:31.190Z
01.092.00;0109200;8413.19.00;CONFAZ_CV142_18;TABELASFISCAIS_SNAPSHOT;2026-08-10T11:41:31.190Z
01.092.00;0109200;8413.50.90;CONFAZ_CV142_18;TABELASFISCAIS_SNAPSHOT;2026-08-10T11:41:31.190Z
01.092.00;0109200;8413.81.00;CONFAZ_CV142_18;TABELASFISCAIS_SNAPSHOT;2026-08-10T11:41:31.190Z
01.093.00;0109300;8413.60.19;CONFAZ_CV142_18;TABELASFISCAIS_SNAPSHOT;2026-08-10T11:41:31.190Z
01.093.00;0109300;8413.70.10;CONFAZ_CV142_18;TABELASFISCAIS_SNAPSHOT;2026-08-10T11:41:31.190Z
01.094.00;0109400;8414.59.10;CONFAZ_CV142_18;TABELASFISCAIS_SNAPSHOT;2026-08-10T11:41:31.190Z
01.094.00;0109400;8414.59.90;CONFAZ_CV142_18;TABELASFISCAIS_SNAPSHOT;2026-08-10T11:41:31.190Z
01.095.00;0109500;8421.39.90;CONFAZ_CV142_18;TABELASFISCAIS_SNAPSHOT;2026-08-10T11:41:31.190Z
01.096.00;0109600;8501.10.19;CONFAZ_CV142_18;TABELASFISCAIS_SNAPSHOT;2026-08-10T11:41:31.190Z
01.097.00;0109700;8501.31.10;CONFAZ_CV142_18;TABELASFISCAIS_SNAPSHOT;2026-08-10T11:41:31.190Z
01.098.00;0109800;8504.50.00;CONFAZ_CV142_18;TABELASFISCAIS_SNAPSHOT;2026-08-10T11:41:31.190Z
01.099.00;0109900;8507.20;CONFAZ_CV142_18;TABELASFISCAIS_SNAPSHOT;2026-08-10T11:41:31.190Z
01.099.00;0109900;8507.30;CONFAZ_CV142_18;TABELASFISCAIS_SNAPSHOT;2026-08-10T11:41:31.190Z
01.100.00;0110000;8512.30.00;CONFAZ_CV142_18;TABELASFISCAIS_SNAPSHOT;2026-08-10T11:41:31.190Z
01.101.00;0110100;9032.89.8;CONFAZ_CV142_18;TABELASFISCAIS_SNAPSHOT;2026-08-10T11:41:31.190Z
01.101.00;0110100;9032.89.9;CONFAZ_CV142_18;TABELASFISCAIS_SNAPSHOT;2026-08-10T11:41:31.190Z
01.102.00;0110200;9027.10.00;CONFAZ_CV142_18;TABELASFISCAIS_SNAPSHOT;2026-08-10T11:41:31.190Z
01.103.00;0110300;4008.11.00;CONFAZ_CV142_18;TABELASFISCAIS_SNAPSHOT;2026-08-10T11:41:31.190Z
01.104.00;0110400;5601.22.19;CONFAZ_CV142_18;TABELASFISCAIS_SNAPSHOT;2026-08-10T11:41:31.190Z
01.105.00;0110500;5703.29.00;CONFAZ_CV142_18;TABELASFISCAIS_SNAPSHOT;2026-08-10T11:41:31.190Z
01.107.00;0110700;5911.90.00;CONFAZ_CV142_18;TABELASFISCAIS_SNAPSHOT;2026-08-10T11:41:31.190Z
01.108.00;0110800;6903.90.99;CONFAZ_CV142_18;TABELASFISCAIS_SNAPSHOT;2026-08-10T11:41:31.190Z
01.109.00;0110900;7007.29.00;CONFAZ_CV142_18;TABELASFISCAIS_SNAPSHOT;2026-08-10T11:41:31.190Z
01.111.00;0111100;7315.11.00;CONFAZ_CV142_18;TABELASFISCAIS_SNAPSHOT;2026-08-10T11:41:31.190Z
01.112.00;0111200;7315.12.10;CONFAZ_CV142_18;TABELASFISCAIS_SNAPSHOT;2026-08-10T11:41:31.190Z
01.113.00;0111300;8418.99.00;CONFAZ_CV142_18;TABELASFISCAIS_SNAPSHOT;2026-08-10T11:41:31.190Z
01.114.00;0111400;8419.50;CONFAZ_CV142_18;TABELASFISCAIS_SNAPSHOT;2026-08-10T11:41:31.190Z
01.115.00;0111500;8424.90.90;CONFAZ_CV142_18;TABELASFISCAIS_SNAPSHOT;2026-08-10T11:41:31.190Z
01.116.00;0111600;8425.49.10;CONFAZ_CV142_18;TABELASFISCAIS_SNAPSHOT;2026-08-10T11:41:31.190Z
01.117.00;0111700;8431.41.00;CONFAZ_CV142_18;TABELASFISCAIS_SNAPSHOT;2026-08-10T11:41:31.190Z
01.118.00;0111800;8501.61.00;CONFAZ_CV142_18;TABELASFISCAIS_SNAPSHOT;2026-08-10T11:41:31.190Z
01.119.00;0111900;8531.10.90;CONFAZ_CV142_18;TABELASFISCAIS_SNAPSHOT;2026-08-10T11:41:31.190Z
01.120.00;0112000;9014.10.00;CONFAZ_CV142_18;TABELASFISCAIS_SNAPSHOT;2026-08-10T11:41:31.190Z
01.121.00;0112100;9025.19.90;CONFAZ_CV142_18;TABELASFISCAIS_SNAPSHOT;2026-08-10T11:41:31.190Z
01.122.00;0112200;9025.90.10;CONFAZ_CV142_18;TABELASFISCAIS_SNAPSHOT;2026-08-10T11:41:31.190Z
01.123.00;0112300;9026.90;CONFAZ_CV142_18;TABELASFISCAIS_SNAPSHOT;2026-08-10T11:41:31.190Z
01.124.00;0112400;9032.10.10;CONFAZ_CV142_18;TABELASFISCAIS_SNAPSHOT;2026-08-10T11:41:31.190Z
01.125.00;0112500;9032.10.90;CONFAZ_CV142_18;TABELASFISCAIS_SNAPSHOT;2026-08-10T11:41:31.190Z
01.126.00;0112600;9032.20.00;CONFAZ_CV142_18;TABELASFISCAIS_SNAPSHOT;2026-08-10T11:41:31.190Z
01.127.00;0112700;8716.90;CONFAZ_CV142_18;TABELASFISCAIS_SNAPSHOT;2026-08-10T11:41:31.190Z
01.128.00;0112800;7322.90.10;CONFAZ_CV142_18;TABELASFISCAIS_SNAPSHOT;2026-08-10T11:41:31.190Z
02.001.00;0200100;2205;CONFAZ_CV142_18;TABELASFISCAIS_SNAPSHOT;2026-08-10T11:41:31.190Z
02.001.00;0200100;2208.90.00;CONFAZ_CV142_18;TABELASFISCAIS_SNAPSHOT;2026-08-10T11:41:31.190Z
02.002.00;0200200;2208.90.00;CONFAZ_CV142_18;TABELASFISCAIS_SNAPSHOT;2026-08-10T11:41:31.190Z
02.003.00;0200300;2208.90.00;CONFAZ_CV142_18;TABELASFISCAIS_SNAPSHOT;2026-08-10T11:41:31.190Z
02.004.00;0200400;2207.20;CONFAZ_CV142_18;TABELASFISCAIS_SNAPSHOT;2026-08-10T11:41:31.190Z
02.004.00;0200400;2208.40.00;CONFAZ_CV142_18;TABELASFISCAIS_SNAPSHOT;2026-08-10T11:41:31.190Z
02.005.00;0200500;2205;CONFAZ_CV142_18;TABELASFISCAIS_SNAPSHOT;2026-08-10T11:41:31.190Z
02.005.00;0200500;2206.00.90;CONFAZ_CV142_18;TABELASFISCAIS_SNAPSHOT;2026-08-10T11:41:31.190Z
02.005.00;0200500;2208.90.00;CONFAZ_CV142_18;TABELASFISCAIS_SNAPSHOT;2026-08-10T11:41:31.190Z
02.006.00;0200600;2208.20.00;CONFAZ_CV142_18;TABELASFISCAIS_SNAPSHOT;2026-08-10T11:41:31.190Z
02.007.00;0200700;2206.00.90;CONFAZ_CV142_18;TABELASFISCAIS_SNAPSHOT;2026-08-10T11:41:31.190Z
02.007.00;0200700;2208.90.00;CONFAZ_CV142_18;TABELASFISCAIS_SNAPSHOT;2026-08-10T11:41:31.190Z
02.008.00;0200800;2208.50.00;CONFAZ_CV142_18;TABELASFISCAIS_SNAPSHOT;2026-08-10T11:41:31.190Z
02.009.00;0200900;2205;CONFAZ_CV142_18;TABELASFISCAIS_SNAPSHOT;2026-08-10T11:41:31.190Z
02.009.00;0200900;2206.00.90;CONFAZ_CV142_18;TABELASFISCAIS_SNAPSHOT;2026-08-10T11:41:31.190Z
02.009.00;0200900;2208.90.00;CONFAZ_CV142_18;TABELASFISCAIS_SNAPSHOT;2026-08-10T11:41:31.190Z
02.010.00;0201000;2208.70.00;CONFAZ_CV142_18;TABELASFISCAIS_SNAPSHOT;2026-08-10T11:41:31.190Z
02.011.00;0201100;2208.20.00;CONFAZ_CV142_18;TABELASFISCAIS_SNAPSHOT;2026-08-10T11:41:31.190Z
02.012.00;0201200;2208.40.00;CONFAZ_CV142_18;TABELASFISCAIS_SNAPSHOT;2026-08-10T11:41:31.190Z
02.013.00;0201300;2206.00.90;CONFAZ_CV142_18;TABELASFISCAIS_SNAPSHOT;2026-08-10T11:41:31.190Z
02.014.00;0201400;2208.90.00;CONFAZ_CV142_18;TABELASFISCAIS_SNAPSHOT;2026-08-10T11:41:31.190Z
02.015.00;0201500;2208.90.00;CONFAZ_CV142_18;TABELASFISCAIS_SNAPSHOT;2026-08-10T11:41:31.190Z
02.016.00;0201600;2208.30;CONFAZ_CV142_18;TABELASFISCAIS_SNAPSHOT;2026-08-10T11:41:31.190Z
02.017.00;0201700;2205;CONFAZ_CV142_18;TABELASFISCAIS_SNAPSHOT;2026-08-10T11:41:31.190Z
02.018.00;0201800;2208.60.00;CONFAZ_CV142_18;TABELASFISCAIS_SNAPSHOT;2026-08-10T11:41:31.190Z
02.019.00;0201900;2208.90.00;CONFAZ_CV142_18;TABELASFISCAIS_SNAPSHOT;2026-08-10T11:41:31.190Z
02.020.00;0202000;2208.90.00;CONFAZ_CV142_18;TABELASFISCAIS_SNAPSHOT;2026-08-10T11:41:31.190Z
02.021.00;0202100;2208.20.00;CONFAZ_CV142_18;TABELASFISCAIS_SNAPSHOT;2026-08-10T11:41:31.190Z
02.022.00;0202200;2206.00.10;CONFAZ_CV142_18;TABELASFISCAIS_SNAPSHOT;2026-08-10T11:41:31.190Z
02.023.00;0202300;2205;CONFAZ_CV142_18;TABELASFISCAIS_SNAPSHOT;2026-08-10T11:41:31.190Z
02.023.00;0202300;2206.00.90;CONFAZ_CV142_18;TABELASFISCAIS_SNAPSHOT;2026-08-10T11:41:31.190Z
02.023.00;0202300;2208.90.00;CONFAZ_CV142_18;TABELASFISCAIS_SNAPSHOT;2026-08-10T11:41:31.190Z
02.024.00;0202400;2204;CONFAZ_CV142_18;TABELASFISCAIS_SNAPSHOT;2026-08-10T11:41:31.190Z
02.999.00;0299900;2205;CONFAZ_CV142_18;TABELASFISCAIS_SNAPSHOT;2026-08-10T11:41:31.190Z
02.999.00;0299900;2206;CONFAZ_CV142_18;TABELASFISCAIS_SNAPSHOT;2026-08-10T11:41:31.190Z
02.999.00;0299900;2207;CONFAZ_CV142_18;TABELASFISCAIS_SNAPSHOT;2026-08-10T11:41:31.190Z
02.999.00;0299900;2208;CONFAZ_CV142_18;TABELASFISCAIS_SNAPSHOT;2026-08-10T11:41:31.190Z
03.003.00;0300300;2201.10.00;CONFAZ_CV142_18;TABELASFISCAIS_SNAPSHOT;2026-08-10T11:41:31.190Z
03.003.01;0300301;2201.10.00;CONFAZ_CV142_18;TABELASFISCAIS_SNAPSHOT;2026-08-10T11:41:31.190Z
03.005.00;0300500;2201.10.00;CONFAZ_CV142_18;TABELASFISCAIS_SNAPSHOT;2026-08-10T11:41:31.190Z
03.005.01;0300501;2201.10.00;CONFAZ_CV142_18;TABELASFISCAIS_SNAPSHOT;2026-08-10T11:41:31.190Z
03.005.02;0300502;2201.10.00;CONFAZ_CV142_18;TABELASFISCAIS_SNAPSHOT;2026-08-10T11:41:31.190Z
03.005.03;0300503;2201.10.00;CONFAZ_CV142_18;TABELASFISCAIS_SNAPSHOT;2026-08-10T11:41:31.190Z
03.005.04;0300504;2201.10.00;CONFAZ_CV142_18;TABELASFISCAIS_SNAPSHOT;2026-08-10T11:41:31.190Z
03.005.05;0300505;2201.10.00;CONFAZ_CV142_18;TABELASFISCAIS_SNAPSHOT;2026-08-10T11:41:31.190Z
03.006.00;0300600;2201;CONFAZ_CV142_18;TABELASFISCAIS_SNAPSHOT;2026-08-10T11:41:31.190Z
03.007.00;0300700;2202.10.00;CONFAZ_CV142_18;TABELASFISCAIS_SNAPSHOT;2026-08-10T11:41:31.190Z
03.008.00;0300800;2202.99.00;CONFAZ_CV142_18;TABELASFISCAIS_SNAPSHOT;2026-08-10T11:41:31.190Z
03.010.00;0301000;2202.10.00;CONFAZ_CV142_18;TABELASFISCAIS_SNAPSHOT;2026-08-10T11:41:31.190Z
03.010.00;0301000;2202.99.00;CONFAZ_CV142_18;TABELASFISCAIS_SNAPSHOT;2026-08-10T11:41:31.190Z
03.010.01;0301001;2202.10.00;CONFAZ_CV142_18;TABELASFISCAIS_SNAPSHOT;2026-08-10T11:41:31.190Z
03.010.01;0301001;2202.99.00;CONFAZ_CV142_18;TABELASFISCAIS_SNAPSHOT;2026-08-10T11:41:31.190Z
03.010.02;0301002;2202.10.00;CONFAZ_CV142_18;TABELASFISCAIS_SNAPSHOT;2026-08-10T11:41:31.190Z
03.010.02;0301002;2202.99.00;CONFAZ_CV142_18;TABELASFISCAIS_SNAPSHOT;2026-08-10T11:41:31.190Z
03.011.00;0301100;2202.10.00;CONFAZ_CV142_18;TABELASFISCAIS_SNAPSHOT;2026-08-10T11:41:31.190Z
03.011.00;0301100;2202.99.00;CONFAZ_CV142_18;TABELASFISCAIS_SNAPSHOT;2026-08-10T11:41:31.190Z
03.011.01;0301101;2202;CONFAZ_CV142_18;TABELASFISCAIS_SNAPSHOT;2026-08-10T11:41:31.190Z
03.012.00;0301200;2106.90.10;CONFAZ_CV142_18;TABELASFISCAIS_SNAPSHOT;2026-08-10T11:41:31.190Z
03.012.01;0301201;2106.90.10;CONFAZ_CV142_18;TABELASFISCAIS_SNAPSHOT;2026-08-10T11:41:31.190Z
03.013.00;0301300;2106.90;CONFAZ_CV142_18;TABELASFISCAIS_SNAPSHOT;2026-08-10T11:41:31.190Z
03.013.00;0301300;2202.99.00;CONFAZ_CV142_18;TABELASFISCAIS_SNAPSHOT;2026-08-10T11:41:31.190Z
03.013.01;0301301;2106.90;CONFAZ_CV142_18;TABELASFISCAIS_SNAPSHOT;2026-08-10T11:41:31.190Z
03.013.01;0301301;2202.99.00;CONFAZ_CV142_18;TABELASFISCAIS_SNAPSHOT;2026-08-10T11:41:31.190Z
03.013.02;0301302;2106.90;CONFAZ_CV142_18;TABELASFISCAIS_SNAPSHOT;2026-08-10T11:41:31.190Z
03.013.02;0301302;2202.99.00;CONFAZ_CV142_18;TABELASFISCAIS_SNAPSHOT;2026-08-10T11:41:31.190Z
03.015.00;0301500;2106.90;CONFAZ_CV142_18;TABELASFISCAIS_SNAPSHOT;2026-08-10T11:41:31.190Z
03.015.00;0301500;2202.99.00;CONFAZ_CV142_18;TABELASFISCAIS_SNAPSHOT;2026-08-10T11:41:31.190Z
03.021.00;0302100;2203.00.00;CONFAZ_CV142_18;TABELASFISCAIS_SNAPSHOT;2026-08-10T11:41:31.190Z
03.021.01;0302101;2203.00.00;CONFAZ_CV142_18;TABELASFISCAIS_SNAPSHOT;2026-08-10T11:41:31.190Z
03.021.02;0302102;2203.00.00;CONFAZ_CV142_18;TABELASFISCAIS_SNAPSHOT;2026-08-10T11:41:31.190Z
03.021.03;0302103;2203.00.00;CONFAZ_CV142_18;TABELASFISCAIS_SNAPSHOT;2026-08-10T11:41:31.190Z
03.021.04;0302104;2203.00.00;CONFAZ_CV142_18;TABELASFISCAIS_SNAPSHOT;2026-08-10T11:41:31.190Z
03.021.05;0302105;2203.00.00;CONFAZ_CV142_18;TABELASFISCAIS_SNAPSHOT;2026-08-10T11:41:31.190Z
03.021.06;0302106;2203.00.00;CONFAZ_CV142_18;TABELASFISCAIS_SNAPSHOT;2026-08-10T11:41:31.190Z
03.022.00;0302200;2202.91.00;CONFAZ_CV142_18;TABELASFISCAIS_SNAPSHOT;2026-08-10T11:41:31.190Z
03.022.01;0302201;2202.91.00;CONFAZ_CV142_18;TABELASFISCAIS_SNAPSHOT;2026-08-10T11:41:31.190Z
03.022.02;0302202;2202.91.00;CONFAZ_CV142_18;TABELASFISCAIS_SNAPSHOT;2026-08-10T11:41:31.190Z
03.022.03;0302203;2202.91.00;CONFAZ_CV142_18;TABELASFISCAIS_SNAPSHOT;2026-08-10T11:41:31.190Z
03.022.04;0302204;2202.91.00;CONFAZ_CV142_18;TABELASFISCAIS_SNAPSHOT;2026-08-10T11:41:31.190Z
03.022.05;0302205;2202.91.00;CONFAZ_CV142_18;TABELASFISCAIS_SNAPSHOT;2026-08-10T11:41:31.190Z
03.022.06;0302206;2202.91.00;CONFAZ_CV142_18;TABELASFISCAIS_SNAPSHOT;2026-08-10T11:41:31.190Z
03.023.00;0302300;2203.00.00;CONFAZ_CV142_18;TABELASFISCAIS_SNAPSHOT;2026-08-10T11:41:31.190Z
03.024.00;0302400;2201.10.00;CONFAZ_CV142_18;TABELASFISCAIS_SNAPSHOT;2026-08-10T11:41:31.190Z
03.025.00;0302500;2201.10.00;CONFAZ_CV142_18;TABELASFISCAIS_SNAPSHOT;2026-08-10T11:41:31.190Z
04.001.00;0400100;2402;CONFAZ_CV142_18;TABELASFISCAIS_SNAPSHOT;2026-08-10T11:41:31.190Z
04.002.00;0400200;2403.1;CONFAZ_CV142_18;TABELASFISCAIS_SNAPSHOT;2026-08-10T11:41:31.190Z
05.001.00;0500100;2523;CONFAZ_CV142_18;TABELASFISCAIS_SNAPSHOT;2026-08-10T11:41:31.190Z
06.001.00;0600100;2207.10.10;CONFAZ_CV142_18;TABELASFISCAIS_SNAPSHOT;2026-08-10T11:41:31.190Z
06.001.01;0600101;2207.10.90;CONFAZ_CV142_18;TABELASFISCAIS_SNAPSHOT;2026-08-10T11:41:31.190Z
06.002.00;0600200;2710.12.59;CONFAZ_CV142_18;TABELASFISCAIS_SNAPSHOT;2026-08-10T11:41:31.190Z
06.002.01;0600201;2710.12.59;CONFAZ_CV142_18;TABELASFISCAIS_SNAPSHOT;2026-08-10T11:41:31.190Z
06.002.02;0600202;2710.12.59;CONFAZ_CV142_18;TABELASFISCAIS_SNAPSHOT;2026-08-10T11:41:31.190Z
06.002.03;0600203;2710.12.59;CONFAZ_CV142_18;TABELASFISCAIS_SNAPSHOT;2026-08-10T11:41:31.190Z
06.003.00;0600300;2710.12.51;CONFAZ_CV142_18;TABELASFISCAIS_SNAPSHOT;2026-08-10T11:41:31.190Z
06.004.00;0600400;2710.19.19;CONFAZ_CV142_18;TABELASFISCAIS_SNAPSHOT;2026-08-10T11:41:31.190Z
06.005.00;0600500;2710.19.11;CONFAZ_CV142_18;TABELASFISCAIS_SNAPSHOT;2026-08-10T11:41:31.190Z
06.006.00;0600600;2710.19.2;CONFAZ_CV142_18;TABELASFISCAIS_SNAPSHOT;2026-08-10T11:41:31.190Z
06.006.01;0600601;2710.19.2;CONFAZ_CV142_18;TABELASFISCAIS_SNAPSHOT;2026-08-10T11:41:31.190Z
06.006.02;0600602;2710.19.2;CONFAZ_CV142_18;TABELASFISCAIS_SNAPSHOT;2026-08-10T11:41:31.190Z
06.006.03;0600603;2710.19.2;CONFAZ_CV142_18;TABELASFISCAIS_SNAPSHOT;2026-08-10T11:41:31.190Z
06.006.04;0600604;2710.19.2;CONFAZ_CV142_18;TABELASFISCAIS_SNAPSHOT;2026-08-10T11:41:31.190Z
06.006.05;0600605;2710.19.2;CONFAZ_CV142_18;TABELASFISCAIS_SNAPSHOT;2026-08-10T11:41:31.190Z
06.006.06;0600606;2710.19.2;CONFAZ_CV142_18;TABELASFISCAIS_SNAPSHOT;2026-08-10T11:41:31.190Z
06.006.07;0600607;2710.19.2;CONFAZ_CV142_18;TABELASFISCAIS_SNAPSHOT;2026-08-10T11:41:31.190Z
06.006.08;0600608;2710.19.2;CONFAZ_CV142_18;TABELASFISCAIS_SNAPSHOT;2026-08-10T11:41:31.190Z
06.006.09;0600609;2710.19.2;CONFAZ_CV142_18;TABELASFISCAIS_SNAPSHOT;2026-08-10T11:41:31.190Z
06.006.10;0600610;2710.19.2;CONFAZ_CV142_18;TABELASFISCAIS_SNAPSHOT;2026-08-10T11:41:31.190Z
06.006.11;0600611;2710.19.22;CONFAZ_CV142_18;TABELASFISCAIS_SNAPSHOT;2026-08-10T11:41:31.190Z
06.007.00;0600700;2710.19.3;CONFAZ_CV142_18;TABELASFISCAIS_SNAPSHOT;2026-08-10T11:41:31.190Z
06.008.00;0600800;2710.19.9;CONFAZ_CV142_18;TABELASFISCAIS_SNAPSHOT;2026-08-10T11:41:31.190Z
06.008.01;0600801;2710.19.9;CONFAZ_CV142_18;TABELASFISCAIS_SNAPSHOT;2026-08-10T11:41:31.190Z
06.009.00;0600900;2710.9;CONFAZ_CV142_18;TABELASFISCAIS_SNAPSHOT;2026-08-10T11:41:31.190Z
06.010.00;0601000;2711;CONFAZ_CV142_18;TABELASFISCAIS_SNAPSHOT;2026-08-10T11:41:31.190Z
06.011.00;0601100;2711.19.10;CONFAZ_CV142_18;TABELASFISCAIS_SNAPSHOT;2026-08-10T11:41:31.190Z
06.011.01;0601101;2711.19.10;CONFAZ_CV142_18;TABELASFISCAIS_SNAPSHOT;2026-08-10T11:41:31.190Z
06.011.02;0601102;2711.19.10;CONFAZ_CV142_18;TABELASFISCAIS_SNAPSHOT;2026-08-10T11:41:31.190Z
06.011.03;0601103;2711.19.10;CONFAZ_CV142_18;TABELASFISCAIS_SNAPSHOT;2026-08-10T11:41:31.190Z
06.011.04;0601104;2711.19.10;CONFAZ_CV142_18;TABELASFISCAIS_SNAPSHOT;2026-08-10T11:41:31.190Z
06.011.05;0601105;2711.19.10;CONFAZ_CV142_18;TABELASFISCAIS_SNAPSHOT;2026-08-10T11:41:31.190Z
06.011.06;0601106;2711.19.10;CONFAZ_CV142_18;TABELASFISCAIS_SNAPSHOT;2026-08-10T11:41:31.190Z
06.011.07;0601107;2711.19.10;CONFAZ_CV142_18;TABELASFISCAIS_SNAPSHOT;2026-08-10T11:41:31.190Z
06.012.00;0601200;2711.11.00;CONFAZ_CV142_18;TABELASFISCAIS_SNAPSHOT;2026-08-10T11:41:31.190Z
06.013.00;0601300;2711.21.00;CONFAZ_CV142_18;TABELASFISCAIS_SNAPSHOT;2026-08-10T11:41:31.190Z
06.014.00;0601400;2711.29.90;CONFAZ_CV142_18;TABELASFISCAIS_SNAPSHOT;2026-08-10T11:41:31.190Z
06.015.00;0601500;2713;CONFAZ_CV142_18;TABELASFISCAIS_SNAPSHOT;2026-08-10T11:41:31.190Z
06.016.00;0601600;3826.00.00;CONFAZ_CV142_18;TABELASFISCAIS_SNAPSHOT;2026-08-10T11:41:31.190Z
06.017.00;0601700;3403;CONFAZ_CV142_18;TABELASFISCAIS_SNAPSHOT;2026-08-10T11:41:31.190Z
06.018.00;0601800;2710.20.00;CONFAZ_CV142_18;TABELASFISCAIS_SNAPSHOT;2026-08-10T11:41:31.190Z
07.001.00;0700100;2716.00.00;CONFAZ_CV142_18;TABELASFISCAIS_SNAPSHOT;2026-08-10T11:41:31.190Z
08.001.00;0800100;4016.99.90;CONFAZ_CV142_18;TABELASFISCAIS_SNAPSHOT;2026-08-10T11:41:31.190Z
08.002.00;0800200;4417.00.10;CONFAZ_CV142_18;TABELASFISCAIS_SNAPSHOT;2026-08-10T11:41:31.190Z
08.002.00;0800200;4417.00.90;CONFAZ_CV142_18;TABELASFISCAIS_SNAPSHOT;2026-08-10T11:41:31.190Z
08.003.00;0800300;6804;CONFAZ_CV142_18;TABELASFISCAIS_SNAPSHOT;2026-08-10T11:41:31.190Z
08.004.00;0800400;8201;CONFAZ_CV142_18;TABELASFISCAIS_SNAPSHOT;2026-08-10T11:41:31.190Z
08.005.00;0800500;8202.20.00;CONFAZ_CV142_18;TABELASFISCAIS_SNAPSHOT;2026-08-10T11:41:31.190Z
08.006.00;0800600;8202.91.00;CONFAZ_CV142_18;TABELASFISCAIS_SNAPSHOT;2026-08-10T11:41:31.190Z
08.007.00;0800700;8202;CONFAZ_CV142_18;TABELASFISCAIS_SNAPSHOT;2026-08-10T11:41:31.190Z
08.008.00;0800800;8203;CONFAZ_CV142_18;TABELASFISCAIS_SNAPSHOT;2026-08-10T11:41:31.190Z
08.009.00;0800900;8204;CONFAZ_CV142_18;TABELASFISCAIS_SNAPSHOT;2026-08-10T11:41:31.190Z
08.010.00;0801000;8205;CONFAZ_CV142_18;TABELASFISCAIS_SNAPSHOT;2026-08-10T11:41:31.190Z
08.011.00;0801100;8206.00.00;CONFAZ_CV142_18;TABELASFISCAIS_SNAPSHOT;2026-08-10T11:41:31.190Z
08.012.00;0801200;8207.40;CONFAZ_CV142_18;TABELASFISCAIS_SNAPSHOT;2026-08-10T11:41:31.190Z
08.012.00;0801200;8207.60;CONFAZ_CV142_18;TABELASFISCAIS_SNAPSHOT;2026-08-10T11:41:31.190Z
08.012.00;0801200;8207.70;CONFAZ_CV142_18;TABELASFISCAIS_SNAPSHOT;2026-08-10T11:41:31.190Z
08.013.00;0801300;8207;CONFAZ_CV142_18;TABELASFISCAIS_SNAPSHOT;2026-08-10T11:41:31.190Z
08.014.00;0801400;8208;CONFAZ_CV142_18;TABELASFISCAIS_SNAPSHOT;2026-08-10T11:41:31.190Z
08.015.00;0801500;8209.00.11;CONFAZ_CV142_18;TABELASFISCAIS_SNAPSHOT;2026-08-10T11:41:31.190Z
08.016.00;0801600;8209.00;CONFAZ_CV142_18;TABELASFISCAIS_SNAPSHOT;2026-08-10T11:41:31.190Z
08.017.00;0801700;8211;CONFAZ_CV142_18;TABELASFISCAIS_SNAPSHOT;2026-08-10T11:41:31.190Z
08.018.00;0801800;8213;CONFAZ_CV142_18;TABELASFISCAIS_SNAPSHOT;2026-08-10T11:41:31.190Z
08.019.00;0801900;8467;CONFAZ_CV142_18;TABELASFISCAIS_SNAPSHOT;2026-08-10T11:41:31.190Z
08.019.01;0801901;8467.81.00;CONFAZ_CV142_18;TABELASFISCAIS_SNAPSHOT;2026-08-10T11:41:31.190Z
08.020.00;0802000;9015;CONFAZ_CV142_18;TABELASFISCAIS_SNAPSHOT;2026-08-10T11:41:31.190Z
08.021.00;0802100;9017.20.00;CONFAZ_CV142_18;TABELASFISCAIS_SNAPSHOT;2026-08-10T11:41:31.190Z
08.021.00;0802100;9017.30;CONFAZ_CV142_18;TABELASFISCAIS_SNAPSHOT;2026-08-10T11:41:31.190Z
08.021.00;0802100;9017.80;CONFAZ_CV142_18;TABELASFISCAIS_SNAPSHOT;2026-08-10T11:41:31.190Z
08.021.00;0802100;9017.90.90;CONFAZ_CV142_18;TABELASFISCAIS_SNAPSHOT;2026-08-10T11:41:31.190Z
08.022.00;0802200;9025.11.90;CONFAZ_CV142_18;TABELASFISCAIS_SNAPSHOT;2026-08-10T11:41:31.190Z
08.022.00;0802200;9025.90.10;CONFAZ_CV142_18;TABELASFISCAIS_SNAPSHOT;2026-08-10T11:41:31.190Z
08.023.00;0802300;9025.19;CONFAZ_CV142_18;TABELASFISCAIS_SNAPSHOT;2026-08-10T11:41:31.190Z
08.023.00;0802300;9025.90.90;CONFAZ_CV142_18;TABELASFISCAIS_SNAPSHOT;2026-08-10T11:41:31.190Z
09.001.00;0900100;8539;CONFAZ_CV142_18;TABELASFISCAIS_SNAPSHOT;2026-08-10T11:41:31.190Z
09.002.00;0900200;8540;CONFAZ_CV142_18;TABELASFISCAIS_SNAPSHOT;2026-08-10T11:41:31.190Z
09.003.00;0900300;8504.10.00;CONFAZ_CV142_18;TABELASFISCAIS_SNAPSHOT;2026-08-10T11:41:31.190Z
09.004.00;0900400;8536.50;CONFAZ_CV142_18;TABELASFISCAIS_SNAPSHOT;2026-08-10T11:41:31.190Z
09.005.00;0900500;8539.52.00;CONFAZ_CV142_18;TABELASFISCAIS_SNAPSHOT;2026-08-10T11:41:31.190Z
10.001.00;1000100;2522;CONFAZ_CV142_18;TABELASFISCAIS_SNAPSHOT;2026-08-10T11:41:31.190Z
10.002.00;1000200;3816.00.1;CONFAZ_CV142_18;TABELASFISCAIS_SNAPSHOT;2026-08-10T11:41:31.190Z
10.002.00;1000200;3824.50.00;CONFAZ_CV142_18;TABELASFISCAIS_SNAPSHOT;2026-08-10T11:41:31.190Z
10.003.00;1000300;3214.90.00;CONFAZ_CV142_18;TABELASFISCAIS_SNAPSHOT;2026-08-10T11:41:31.190Z
10.004.00;1000400;3910.00;CONFAZ_CV142_18;TABELASFISCAIS_SNAPSHOT;2026-08-10T11:41:31.190Z
10.005.00;1000500;3916;CONFAZ_CV142_18;TABELASFISCAIS_SNAPSHOT;2026-08-10T11:41:31.190Z
10.006.00;1000600;3917;CONFAZ_CV142_18;TABELASFISCAIS_SNAPSHOT;2026-08-10T11:41:31.190Z
10.007.00;1000700;3918;CONFAZ_CV142_18;TABELASFISCAIS_SNAPSHOT;2026-08-10T11:41:31.190Z
10.008.00;1000800;3919;CONFAZ_CV142_18;TABELASFISCAIS_SNAPSHOT;2026-08-10T11:41:31.190Z
10.009.00;1000900;3919;CONFAZ_CV142_18;TABELASFISCAIS_SNAPSHOT;2026-08-10T11:41:31.190Z
10.009.00;1000900;3920;CONFAZ_CV142_18;TABELASFISCAIS_SNAPSHOT;2026-08-10T11:41:31.190Z
10.009.00;1000900;3921;CONFAZ_CV142_18;TABELASFISCAIS_SNAPSHOT;2026-08-10T11:41:31.190Z
10.010.00;1001000;3921;CONFAZ_CV142_18;TABELASFISCAIS_SNAPSHOT;2026-08-10T11:41:31.190Z
10.011.00;1001100;3921;CONFAZ_CV142_18;TABELASFISCAIS_SNAPSHOT;2026-08-10T11:41:31.190Z
10.012.00;1001200;3921;CONFAZ_CV142_18;TABELASFISCAIS_SNAPSHOT;2026-08-10T11:41:31.190Z
10.013.00;1001300;3922;CONFAZ_CV142_18;TABELASFISCAIS_SNAPSHOT;2026-08-10T11:41:31.190Z
10.014.00;1001400;3924;CONFAZ_CV142_18;TABELASFISCAIS_SNAPSHOT;2026-08-10T11:41:31.190Z
10.015.00;1001500;3925.10.00;CONFAZ_CV142_18;TABELASFISCAIS_SNAPSHOT;2026-08-10T11:41:31.190Z
10.016.00;1001600;3925.90;CONFAZ_CV142_18;TABELASFISCAIS_SNAPSHOT;2026-08-10T11:41:31.190Z
10.017.00;1001700;3925.10.00;CONFAZ_CV142_18;TABELASFISCAIS_SNAPSHOT;2026-08-10T11:41:31.190Z
10.017.00;1001700;3925.90;CONFAZ_CV142_18;TABELASFISCAIS_SNAPSHOT;2026-08-10T11:41:31.190Z
10.018.00;1001800;3925.20.00;CONFAZ_CV142_18;TABELASFISCAIS_SNAPSHOT;2026-08-10T11:41:31.190Z
10.019.00;1001900;3925.30.00;CONFAZ_CV142_18;TABELASFISCAIS_SNAPSHOT;2026-08-10T11:41:31.190Z
10.020.00;1002000;3926.90;CONFAZ_CV142_18;TABELASFISCAIS_SNAPSHOT;2026-08-10T11:41:31.190Z
10.021.00;1002100;4814;CONFAZ_CV142_18;TABELASFISCAIS_SNAPSHOT;2026-08-10T11:41:31.190Z
10.022.00;1002200;6810.19.00;CONFAZ_CV142_18;TABELASFISCAIS_SNAPSHOT;2026-08-10T11:41:31.190Z
10.024.00;1002400;6811;CONFAZ_CV142_18;TABELASFISCAIS_SNAPSHOT;2026-08-10T11:41:31.190Z
10.025.00;1002500;6901.00.00;CONFAZ_CV142_18;TABELASFISCAIS_SNAPSHOT;2026-08-10T11:41:31.190Z
10.026.00;1002600;6902;CONFAZ_CV142_18;TABELASFISCAIS_SNAPSHOT;2026-08-10T11:41:31.190Z
10.027.00;1002700;6904;CONFAZ_CV142_18;TABELASFISCAIS_SNAPSHOT;2026-08-10T11:41:31.190Z
10.028.00;1002800;6905;CONFAZ_CV142_18;TABELASFISCAIS_SNAPSHOT;2026-08-10T11:41:31.190Z
10.029.00;1002900;6906.00.00;CONFAZ_CV142_18;TABELASFISCAIS_SNAPSHOT;2026-08-10T11:41:31.190Z
10.030.00;1003000;6907;CONFAZ_CV142_18;TABELASFISCAIS_SNAPSHOT;2026-08-10T11:41:31.190Z
10.030.01;1003001;6907;CONFAZ_CV142_18;TABELASFISCAIS_SNAPSHOT;2026-08-10T11:41:31.190Z
10.031.00;1003100;6910;CONFAZ_CV142_18;TABELASFISCAIS_SNAPSHOT;2026-08-10T11:41:31.190Z
10.032.00;1003200;6912.00.00;CONFAZ_CV142_18;TABELASFISCAIS_SNAPSHOT;2026-08-10T11:41:31.190Z
10.033.00;1003300;7003;CONFAZ_CV142_18;TABELASFISCAIS_SNAPSHOT;2026-08-10T11:41:31.190Z
10.034.00;1003400;7004;CONFAZ_CV142_18;TABELASFISCAIS_SNAPSHOT;2026-08-10T11:41:31.190Z
10.035.00;1003500;7005;CONFAZ_CV142_18;TABELASFISCAIS_SNAPSHOT;2026-08-10T11:41:31.190Z
10.036.00;1003600;7007.19.00;CONFAZ_CV142_18;TABELASFISCAIS_SNAPSHOT;2026-08-10T11:41:31.190Z
10.037.00;1003700;7007.29.00;CONFAZ_CV142_18;TABELASFISCAIS_SNAPSHOT;2026-08-10T11:41:31.190Z
10.038.00;1003800;7008;CONFAZ_CV142_18;TABELASFISCAIS_SNAPSHOT;2026-08-10T11:41:31.190Z
10.039.00;1003900;7016;CONFAZ_CV142_18;TABELASFISCAIS_SNAPSHOT;2026-08-10T11:41:31.190Z
10.040.00;1004000;7214.20.00;CONFAZ_CV142_18;TABELASFISCAIS_SNAPSHOT;2026-08-10T11:41:31.190Z
10.041.00;1004100;7308.90.10;CONFAZ_CV142_18;TABELASFISCAIS_SNAPSHOT;2026-08-10T11:41:31.190Z
10.041.01;1004101;7308.90.10;CONFAZ_CV142_18;TABELASFISCAIS_SNAPSHOT;2026-08-10T11:41:31.190Z
10.042.00;1004200;7214.20.00;CONFAZ_CV142_18;TABELASFISCAIS_SNAPSHOT;2026-08-10T11:41:31.190Z
10.043.00;1004300;7213;CONFAZ_CV142_18;TABELASFISCAIS_SNAPSHOT;2026-08-10T11:41:31.190Z
10.044.00;1004400;7217.10.90;CONFAZ_CV142_18;TABELASFISCAIS_SNAPSHOT;2026-08-10T11:41:31.190Z
10.044.00;1004400;7312;CONFAZ_CV142_18;TABELASFISCAIS_SNAPSHOT;2026-08-10T11:41:31.190Z
10.045.00;1004500;7217.20.10;CONFAZ_CV142_18;TABELASFISCAIS_SNAPSHOT;2026-08-10T11:41:31.190Z
10.045.01;1004501;7217.20.90;CONFAZ_CV142_18;TABELASFISCAIS_SNAPSHOT;2026-08-10T11:41:31.190Z
10.046.00;1004600;7307;CONFAZ_CV142_18;TABELASFISCAIS_SNAPSHOT;2026-08-10T11:41:31.190Z
10.047.00;1004700;7308.30.00;CONFAZ_CV142_18;TABELASFISCAIS_SNAPSHOT;2026-08-10T11:41:31.190Z
10.048.00;1004800;7308.40.00;CONFAZ_CV142_18;TABELASFISCAIS_SNAPSHOT;2026-08-10T11:41:31.190Z
10.048.00;1004800;7308.90;CONFAZ_CV142_18;TABELASFISCAIS_SNAPSHOT;2026-08-10T11:41:31.190Z
10.049.00;1004900;7308.40.00;CONFAZ_CV142_18;TABELASFISCAIS_SNAPSHOT;2026-08-10T11:41:31.190Z
10.050.00;1005000;7308.90.90;CONFAZ_CV142_18;TABELASFISCAIS_SNAPSHOT;2026-08-10T11:41:31.190Z
10.051.00;1005100;7310;CONFAZ_CV142_18;TABELASFISCAIS_SNAPSHOT;2026-08-10T11:41:31.190Z
10.052.00;1005200;7313.00.00;CONFAZ_CV142_18;TABELASFISCAIS_SNAPSHOT;2026-08-10T11:41:31.190Z
10.053.00;1005300;7314;CONFAZ_CV142_18;TABELASFISCAIS_SNAPSHOT;2026-08-10T11:41:31.190Z
10.054.00;1005400;7315.11.00;CONFAZ_CV142_18;TABELASFISCAIS_SNAPSHOT;2026-08-10T11:41:31.190Z
10.055.00;1005500;7315.12.90;CONFAZ_CV142_18;TABELASFISCAIS_SNAPSHOT;2026-08-10T11:41:31.190Z
10.056.00;1005600;7315.82.00;CONFAZ_CV142_18;TABELASFISCAIS_SNAPSHOT;2026-08-10T11:41:31.190Z
10.057.00;1005700;7317.00;CONFAZ_CV142_18;TABELASFISCAIS_SNAPSHOT;2026-08-10T11:41:31.190Z
10.058.00;1005800;7318;CONFAZ_CV142_18;TABELASFISCAIS_SNAPSHOT;2026-08-10T11:41:31.190Z
10.059.00;1005900;7323;CONFAZ_CV142_18;TABELASFISCAIS_SNAPSHOT;2026-08-10T11:41:31.190Z
10.059.01;1005901;7323;CONFAZ_CV142_18;TABELASFISCAIS_SNAPSHOT;2026-08-10T11:41:31.190Z
10.060.00;1006000;7324;CONFAZ_CV142_18;TABELASFISCAIS_SNAPSHOT;2026-08-10T11:41:31.190Z
10.061.00;1006100;7325;CONFAZ_CV142_18;TABELASFISCAIS_SNAPSHOT;2026-08-10T11:41:31.190Z
10.062.00;1006200;7326;CONFAZ_CV142_18;TABELASFISCAIS_SNAPSHOT;2026-08-10T11:41:31.190Z
10.063.00;1006300;7407;CONFAZ_CV142_18;TABELASFISCAIS_SNAPSHOT;2026-08-10T11:41:31.190Z
10.064.00;1006400;7411.10.10;CONFAZ_CV142_18;TABELASFISCAIS_SNAPSHOT;2026-08-10T11:41:31.190Z
10.065.00;1006500;7412;CONFAZ_CV142_18;TABELASFISCAIS_SNAPSHOT;2026-08-10T11:41:31.190Z
10.066.00;1006600;7415;CONFAZ_CV142_18;TABELASFISCAIS_SNAPSHOT;2026-08-10T11:41:31.190Z
10.067.00;1006700;7418.20.00;CONFAZ_CV142_18;TABELASFISCAIS_SNAPSHOT;2026-08-10T11:41:31.190Z
10.068.00;1006800;7607.19.90;CONFAZ_CV142_18;TABELASFISCAIS_SNAPSHOT;2026-08-10T11:41:31.190Z
10.069.00;1006900;7608;CONFAZ_CV142_18;TABELASFISCAIS_SNAPSHOT;2026-08-10T11:41:31.190Z
10.070.00;1007000;7609.00.00;CONFAZ_CV142_18;TABELASFISCAIS_SNAPSHOT;2026-08-10T11:41:31.190Z
10.071.00;1007100;7610;CONFAZ_CV142_18;TABELASFISCAIS_SNAPSHOT;2026-08-10T11:41:31.190Z
10.072.00;1007200;7615.20.00;CONFAZ_CV142_18;TABELASFISCAIS_SNAPSHOT;2026-08-10T11:41:31.190Z
10.073.00;1007300;7616;CONFAZ_CV142_18;TABELASFISCAIS_SNAPSHOT;2026-08-10T11:41:31.190Z
10.074.00;1007400;8302.41.00;CONFAZ_CV142_18;TABELASFISCAIS_SNAPSHOT;2026-08-10T11:41:31.190Z
10.075.00;1007500;8301;CONFAZ_CV142_18;TABELASFISCAIS_SNAPSHOT;2026-08-10T11:41:31.190Z
10.076.00;1007600;8302.10.00;CONFAZ_CV142_18;TABELASFISCAIS_SNAPSHOT;2026-08-10T11:41:31.190Z
10.077.00;1007700;8307;CONFAZ_CV142_18;TABELASFISCAIS_SNAPSHOT;2026-08-10T11:41:31.190Z
10.078.00;1007800;8311;CONFAZ_CV142_18;TABELASFISCAIS_SNAPSHOT;2026-08-10T11:41:31.190Z
10.079.00;1007900;8481;CONFAZ_CV142_18;TABELASFISCAIS_SNAPSHOT;2026-08-10T11:41:31.190Z
10.080.00;1008000;7009;CONFAZ_CV142_18;TABELASFISCAIS_SNAPSHOT;2026-08-10T11:41:31.190Z
11.001.00;1100100;2828.90.11;CONFAZ_CV142_18;TABELASFISCAIS_SNAPSHOT;2026-08-10T11:41:31.190Z
11.001.00;1100100;2828.90.19;CONFAZ_CV142_18;TABELASFISCAIS_SNAPSHOT;2026-08-10T11:41:31.190Z
11.001.00;1100100;3206.41.00;CONFAZ_CV142_18;TABELASFISCAIS_SNAPSHOT;2026-08-10T11:41:31.190Z
11.001.00;1100100;3402.50.00;CONFAZ_CV142_18;TABELASFISCAIS_SNAPSHOT;2026-08-10T11:41:31.190Z
11.001.00;1100100;3808.94.19;CONFAZ_CV142_18;TABELASFISCAIS_SNAPSHOT;2026-08-10T11:41:31.190Z
11.002.00;1100200;3401.20.90;CONFAZ_CV142_18;TABELASFISCAIS_SNAPSHOT;2026-08-10T11:41:31.190Z
11.002.00;1100200;3808.94.19;CONFAZ_CV142_18;TABELASFISCAIS_SNAPSHOT;2026-08-10T11:41:31.190Z
11.003.00;1100300;3401.20.90;CONFAZ_CV142_18;TABELASFISCAIS_SNAPSHOT;2026-08-10T11:41:31.190Z
11.003.00;1100300;3808.94.19;CONFAZ_CV142_18;TABELASFISCAIS_SNAPSHOT;2026-08-10T11:41:31.190Z
11.004.00;1100400;3402.50.00;CONFAZ_CV142_18;TABELASFISCAIS_SNAPSHOT;2026-08-10T11:41:31.190Z
11.005.00;1100500;3402.50.00;CONFAZ_CV142_18;TABELASFISCAIS_SNAPSHOT;2026-08-10T11:41:31.190Z
11.006.00;1100600;3402.50.00;CONFAZ_CV142_18;TABELASFISCAIS_SNAPSHOT;2026-08-10T11:41:31.190Z
11.007.00;1100700;3402;CONFAZ_CV142_18;TABELASFISCAIS_SNAPSHOT;2026-08-10T11:41:31.190Z
11.008.00;1100800;3809.91.90;CONFAZ_CV142_18;TABELASFISCAIS_SNAPSHOT;2026-08-10T11:41:31.190Z
11.009.00;1100900;3924.10.00;CONFAZ_CV142_18;TABELASFISCAIS_SNAPSHOT;2026-08-10T11:41:31.190Z
11.009.00;1100900;3924.90.00;CONFAZ_CV142_18;TABELASFISCAIS_SNAPSHOT;2026-08-10T11:41:31.190Z
11.009.00;1100900;6805.30.10;CONFAZ_CV142_18;TABELASFISCAIS_SNAPSHOT;2026-08-10T11:41:31.190Z
11.009.00;1100900;6805.30.90;CONFAZ_CV142_18;TABELASFISCAIS_SNAPSHOT;2026-08-10T11:41:31.190Z
11.010.00;1101000;2207;CONFAZ_CV142_18;TABELASFISCAIS_SNAPSHOT;2026-08-10T11:41:31.190Z
11.010.00;1101000;2208.90.00;CONFAZ_CV142_18;TABELASFISCAIS_SNAPSHOT;2026-08-10T11:41:31.190Z
11.011.00;1101100;7323.10.00;CONFAZ_CV142_18;TABELASFISCAIS_SNAPSHOT;2026-08-10T11:41:31.190Z
11.012.00;1101200;3923.2;CONFAZ_CV142_18;TABELASFISCAIS_SNAPSHOT;2026-08-10T11:41:31.190Z
12.001.00;1200100;8504;CONFAZ_CV142_18;TABELASFISCAIS_SNAPSHOT;2026-08-10T11:41:31.190Z
12.002.00;1200200;8516;CONFAZ_CV142_18;TABELASFISCAIS_SNAPSHOT;2026-08-10T11:41:31.190Z
12.003.00;1200300;8535;CONFAZ_CV142_18;TABELASFISCAIS_SNAPSHOT;2026-08-10T11:41:31.190Z
12.004.00;1200400;8536;CONFAZ_CV142_18;TABELASFISCAIS_SNAPSHOT;2026-08-10T11:41:31.190Z
12.005.00;1200500;8538;CONFAZ_CV142_18;TABELASFISCAIS_SNAPSHOT;2026-08-10T11:41:31.190Z
12.006.00;1200600;7413.00.00;CONFAZ_CV142_18;TABELASFISCAIS_SNAPSHOT;2026-08-10T11:41:31.190Z
12.007.00;1200700;7605;CONFAZ_CV142_18;TABELASFISCAIS_SNAPSHOT;2026-08-10T11:41:31.190Z
12.007.00;1200700;7614;CONFAZ_CV142_18;TABELASFISCAIS_SNAPSHOT;2026-08-10T11:41:31.190Z
12.007.00;1200700;8544;CONFAZ_CV142_18;TABELASFISCAIS_SNAPSHOT;2026-08-10T11:41:31.190Z
12.008.00;1200800;8546;CONFAZ_CV142_18;TABELASFISCAIS_SNAPSHOT;2026-08-10T11:41:31.190Z
12.009.00;1200900;8547;CONFAZ_CV142_18;TABELASFISCAIS_SNAPSHOT;2026-08-10T11:41:31.190Z
13.001.00;1300100;3003;CONFAZ_CV142_18;TABELASFISCAIS_SNAPSHOT;2026-08-10T11:41:31.190Z
13.001.00;1300100;3004;CONFAZ_CV142_18;TABELASFISCAIS_SNAPSHOT;2026-08-10T11:41:31.190Z
13.001.01;1300101;3003;CONFAZ_CV142_18;TABELASFISCAIS_SNAPSHOT;2026-08-10T11:41:31.190Z
13.001.01;1300101;3004;CONFAZ_CV142_18;TABELASFISCAIS_SNAPSHOT;2026-08-10T11:41:31.190Z
13.001.02;1300102;3003;CONFAZ_CV142_18;TABELASFISCAIS_SNAPSHOT;2026-08-10T11:41:31.190Z
13.001.02;1300102;3004;CONFAZ_CV142_18;TABELASFISCAIS_SNAPSHOT;2026-08-10T11:41:31.190Z
13.002.00;1300200;3003;CONFAZ_CV142_18;TABELASFISCAIS_SNAPSHOT;2026-08-10T11:41:31.190Z
13.002.00;1300200;3004;CONFAZ_CV142_18;TABELASFISCAIS_SNAPSHOT;2026-08-10T11:41:31.190Z
13.002.01;1300201;3003;CONFAZ_CV142_18;TABELASFISCAIS_SNAPSHOT;2026-08-10T11:41:31.190Z
13.002.01;1300201;3004;CONFAZ_CV142_18;TABELASFISCAIS_SNAPSHOT;2026-08-10T11:41:31.190Z
13.002.02;1300202;3003;CONFAZ_CV142_18;TABELASFISCAIS_SNAPSHOT;2026-08-10T11:41:31.190Z
13.002.02;1300202;3004;CONFAZ_CV142_18;TABELASFISCAIS_SNAPSHOT;2026-08-10T11:41:31.190Z
13.003.00;1300300;3003;CONFAZ_CV142_18;TABELASFISCAIS_SNAPSHOT;2026-08-10T11:41:31.190Z
13.003.00;1300300;3004;CONFAZ_CV142_18;TABELASFISCAIS_SNAPSHOT;2026-08-10T11:41:31.190Z
13.003.01;1300301;3003;CONFAZ_CV142_18;TABELASFISCAIS_SNAPSHOT;2026-08-10T11:41:31.190Z
13.003.01;1300301;3004;CONFAZ_CV142_18;TABELASFISCAIS_SNAPSHOT;2026-08-10T11:41:31.190Z
13.003.02;1300302;3003;CONFAZ_CV142_18;TABELASFISCAIS_SNAPSHOT;2026-08-10T11:41:31.190Z
13.003.02;1300302;3004;CONFAZ_CV142_18;TABELASFISCAIS_SNAPSHOT;2026-08-10T11:41:31.190Z
13.004.00;1300400;3003;CONFAZ_CV142_18;TABELASFISCAIS_SNAPSHOT;2026-08-10T11:41:31.190Z
13.004.00;1300400;3004;CONFAZ_CV142_18;TABELASFISCAIS_SNAPSHOT;2026-08-10T11:41:31.190Z
13.004.01;1300401;3003;CONFAZ_CV142_18;TABELASFISCAIS_SNAPSHOT;2026-08-10T11:41:31.190Z
13.004.01;1300401;3004;CONFAZ_CV142_18;TABELASFISCAIS_SNAPSHOT;2026-08-10T11:41:31.190Z
13.004.02;1300402;3003;CONFAZ_CV142_18;TABELASFISCAIS_SNAPSHOT;2026-08-10T11:41:31.190Z
13.004.02;1300402;3004;CONFAZ_CV142_18;TABELASFISCAIS_SNAPSHOT;2026-08-10T11:41:31.190Z
13.005.00;1300500;3006.60.00;CONFAZ_CV142_18;TABELASFISCAIS_SNAPSHOT;2026-08-10T11:41:31.190Z
13.005.01;1300501;3006.60.00;CONFAZ_CV142_18;TABELASFISCAIS_SNAPSHOT;2026-08-10T11:41:31.190Z
13.005.02;1300502;3006.60.00;CONFAZ_CV142_18;TABELASFISCAIS_SNAPSHOT;2026-08-10T11:41:31.190Z
13.005.03;1300503;3006.60.00;CONFAZ_CV142_18;TABELASFISCAIS_SNAPSHOT;2026-08-10T11:41:31.190Z
13.005.04;1300504;3006.60.00;CONFAZ_CV142_18;TABELASFISCAIS_SNAPSHOT;2026-08-10T11:41:31.190Z
13.005.05;1300505;3006.60.00;CONFAZ_CV142_18;TABELASFISCAIS_SNAPSHOT;2026-08-10T11:41:31.190Z
13.006.00;1300600;2936;CONFAZ_CV142_18;TABELASFISCAIS_SNAPSHOT;2026-08-10T11:41:31.190Z
13.007.00;1300700;3006.30;CONFAZ_CV142_18;TABELASFISCAIS_SNAPSHOT;2026-08-10T11:41:31.190Z
13.007.01;1300701;3006.30;CONFAZ_CV142_18;TABELASFISCAIS_SNAPSHOT;2026-08-10T11:41:31.190Z
13.008.00;1300800;3002;CONFAZ_CV142_18;TABELASFISCAIS_SNAPSHOT;2026-08-10T11:41:31.190Z
13.008.01;1300801;3002;CONFAZ_CV142_18;TABELASFISCAIS_SNAPSHOT;2026-08-10T11:41:31.190Z
13.009.00;1300900;3002;CONFAZ_CV142_18;TABELASFISCAIS_SNAPSHOT;2026-08-10T11:41:31.190Z
13.009.01;1300901;3002;CONFAZ_CV142_18;TABELASFISCAIS_SNAPSHOT;2026-08-10T11:41:31.190Z
13.010.00;1301000;3005.10.10;CONFAZ_CV142_18;TABELASFISCAIS_SNAPSHOT;2026-08-10T11:41:31.190Z
13.010.01;1301001;3005.10.10;CONFAZ_CV142_18;TABELASFISCAIS_SNAPSHOT;2026-08-10T11:41:31.190Z
13.011.00;1301100;3005;CONFAZ_CV142_18;TABELASFISCAIS_SNAPSHOT;2026-08-10T11:41:31.190Z
13.012.00;1301200;4015.12.00;CONFAZ_CV142_18;TABELASFISCAIS_SNAPSHOT;2026-08-10T11:41:31.190Z
13.012.00;1301200;4015.19.00;CONFAZ_CV142_18;TABELASFISCAIS_SNAPSHOT;2026-08-10T11:41:31.190Z
13.013.00;1301300;4014.10.00;CONFAZ_CV142_18;TABELASFISCAIS_SNAPSHOT;2026-08-10T11:41:31.190Z
13.014.00;1301400;9018.31;CONFAZ_CV142_18;TABELASFISCAIS_SNAPSHOT;2026-08-10T11:41:31.190Z
13.015.00;1301500;9018.32.1;CONFAZ_CV142_18;TABELASFISCAIS_SNAPSHOT;2026-08-10T11:41:31.190Z
13.016.00;1301600;3926.90.90;CONFAZ_CV142_18;TABELASFISCAIS_SNAPSHOT;2026-08-10T11:41:31.190Z
13.016.00;1301600;9018.90.99;CONFAZ_CV142_18;TABELASFISCAIS_SNAPSHOT;2026-08-10T11:41:31.190Z
14.001.00;1400100;7013;CONFAZ_CV142_18;TABELASFISCAIS_SNAPSHOT;2026-08-10T11:41:31.190Z
14.002.00;1400200;7013.37.00;CONFAZ_CV142_18;TABELASFISCAIS_SNAPSHOT;2026-08-10T11:41:31.190Z
14.003.00;1400300;7013.42.90;CONFAZ_CV142_18;TABELASFISCAIS_SNAPSHOT;2026-08-10T11:41:31.190Z
14.004.00;1400400;3919;CONFAZ_CV142_18;TABELASFISCAIS_SNAPSHOT;2026-08-10T11:41:31.190Z
14.004.00;1400400;3920;CONFAZ_CV142_18;TABELASFISCAIS_SNAPSHOT;2026-08-10T11:41:31.190Z
14.004.00;1400400;3921;CONFAZ_CV142_18;TABELASFISCAIS_SNAPSHOT;2026-08-10T11:41:31.190Z
14.005.00;1400500;3924;CONFAZ_CV142_18;TABELASFISCAIS_SNAPSHOT;2026-08-10T11:41:31.190Z
14.006.00;1400600;3924.10.00;CONFAZ_CV142_18;TABELASFISCAIS_SNAPSHOT;2026-08-10T11:41:31.190Z
14.006.01;1400601;3924.10.00;CONFAZ_CV142_18;TABELASFISCAIS_SNAPSHOT;2026-08-10T11:41:31.190Z
14.007.00;1400700;6911.10.10;CONFAZ_CV142_18;TABELASFISCAIS_SNAPSHOT;2026-08-10T11:41:31.190Z
14.008.00;1400800;6911.10.90;CONFAZ_CV142_18;TABELASFISCAIS_SNAPSHOT;2026-08-10T11:41:31.190Z
14.009.00;1400900;6912.00.00;CONFAZ_CV142_18;TABELASFISCAIS_SNAPSHOT;2026-08-10T11:41:31.190Z
14.010.00;1401000;6912.00.00;CONFAZ_CV142_18;TABELASFISCAIS_SNAPSHOT;2026-08-10T11:41:31.190Z
14.011.00;1401100;4823.20.9;CONFAZ_CV142_18;TABELASFISCAIS_SNAPSHOT;2026-08-10T11:41:31.190Z
14.012.00;1401200;4823.6;CONFAZ_CV142_18;TABELASFISCAIS_SNAPSHOT;2026-08-10T11:41:31.190Z
14.013.00;1401300;4813.10.00;CONFAZ_CV142_18;TABELASFISCAIS_SNAPSHOT;2026-08-10T11:41:31.190Z
16.001.00;1600100;4011.10.00;CONFAZ_CV142_18;TABELASFISCAIS_SNAPSHOT;2026-08-10T11:41:31.190Z
16.002.00;1600200;4011;CONFAZ_CV142_18;TABELASFISCAIS_SNAPSHOT;2026-08-10T11:41:31.190Z
16.003.00;1600300;4011.40.00;CONFAZ_CV142_18;TABELASFISCAIS_SNAPSHOT;2026-08-10T11:41:31.190Z
16.004.00;1600400;4011;CONFAZ_CV142_18;TABELASFISCAIS_SNAPSHOT;2026-08-10T11:41:31.190Z
16.005.00;1600500;4011.50.00;CONFAZ_CV142_18;TABELASFISCAIS_SNAPSHOT;2026-08-10T11:41:31.190Z
16.006.00;1600600;4012.1;CONFAZ_CV142_18;TABELASFISCAIS_SNAPSHOT;2026-08-10T11:41:31.190Z
16.007.00;1600700;4012.90;CONFAZ_CV142_18;TABELASFISCAIS_SNAPSHOT;2026-08-10T11:41:31.190Z
16.007.01;1600701;4012.90;CONFAZ_CV142_18;TABELASFISCAIS_SNAPSHOT;2026-08-10T11:41:31.190Z
16.008.00;1600800;4013;CONFAZ_CV142_18;TABELASFISCAIS_SNAPSHOT;2026-08-10T11:41:31.190Z
16.009.00;1600900;4013.20.00;CONFAZ_CV142_18;TABELASFISCAIS_SNAPSHOT;2026-08-10T11:41:31.190Z
17.001.00;1700100;1704.90.10;CONFAZ_CV142_18;TABELASFISCAIS_SNAPSHOT;2026-08-10T11:41:31.190Z
17.001.02;1700102;1704.90.90;CONFAZ_CV142_18;TABELASFISCAIS_SNAPSHOT;2026-08-10T11:41:31.190Z
17.001.03;1700103;1704.90.90;CONFAZ_CV142_18;TABELASFISCAIS_SNAPSHOT;2026-08-10T11:41:31.190Z
17.002.01;1700201;1806.31.10;CONFAZ_CV142_18;TABELASFISCAIS_SNAPSHOT;2026-08-10T11:41:31.190Z
17.002.01;1700201;1806.31.20;CONFAZ_CV142_18;TABELASFISCAIS_SNAPSHOT;2026-08-10T11:41:31.190Z
17.002.02;1700202;1806.31.20;CONFAZ_CV142_18;TABELASFISCAIS_SNAPSHOT;2026-08-10T11:41:31.190Z
17.002.03;1700203;1806.31.10;CONFAZ_CV142_18;TABELASFISCAIS_SNAPSHOT;2026-08-10T11:41:31.190Z
17.002.03;1700203;1806.31.20;CONFAZ_CV142_18;TABELASFISCAIS_SNAPSHOT;2026-08-10T11:41:31.190Z
17.003.00;1700300;1806.32.10;CONFAZ_CV142_18;TABELASFISCAIS_SNAPSHOT;2026-08-10T11:41:31.190Z
17.003.01;1700301;1806.32.20;CONFAZ_CV142_18;TABELASFISCAIS_SNAPSHOT;2026-08-10T11:41:31.190Z
17.004.00;1700400;1806.90.00;CONFAZ_CV142_18;TABELASFISCAIS_SNAPSHOT;2026-08-10T11:41:31.190Z
17.004.01;1700401;1806.90.00;CONFAZ_CV142_18;TABELASFISCAIS_SNAPSHOT;2026-08-10T11:41:31.190Z
17.005.00;1700500;1704.90.10;CONFAZ_CV142_18;TABELASFISCAIS_SNAPSHOT;2026-08-10T11:41:31.190Z
17.005.01;1700501;1806.90.00;CONFAZ_CV142_18;TABELASFISCAIS_SNAPSHOT;2026-08-10T11:41:31.190Z
17.006.00;1700600;1806.90.00;CONFAZ_CV142_18;TABELASFISCAIS_SNAPSHOT;2026-08-10T11:41:31.190Z
17.006.01;1700601;1806.10.00;CONFAZ_CV142_18;TABELASFISCAIS_SNAPSHOT;2026-08-10T11:41:31.190Z
17.006.02;1700602;1806.90.00;CONFAZ_CV142_18;TABELASFISCAIS_SNAPSHOT;2026-08-10T11:41:31.190Z
17.007.00;1700700;1806.90.00;CONFAZ_CV142_18;TABELASFISCAIS_SNAPSHOT;2026-08-10T11:41:31.190Z
17.008.00;1700800;1704.90.90;CONFAZ_CV142_18;TABELASFISCAIS_SNAPSHOT;2026-08-10T11:41:31.190Z
17.009.00;1700900;1806.90.00;CONFAZ_CV142_18;TABELASFISCAIS_SNAPSHOT;2026-08-10T11:41:31.190Z
17.010.00;1701000;2009;CONFAZ_CV142_18;TABELASFISCAIS_SNAPSHOT;2026-08-10T11:41:31.190Z
17.011.00;1701100;2009.8;CONFAZ_CV142_18;TABELASFISCAIS_SNAPSHOT;2026-08-10T11:41:31.190Z
17.011.00;1701100;2009.89.2;CONFAZ_CV142_18;TABELASFISCAIS_SNAPSHOT;2026-08-10T11:41:31.190Z
17.012.00;1701200;0402.1;CONFAZ_CV142_18;TABELASFISCAIS_SNAPSHOT;2026-08-10T11:41:31.190Z
17.012.00;1701200;0402.2;CONFAZ_CV142_18;TABELASFISCAIS_SNAPSHOT;2026-08-10T11:41:31.190Z
17.012.00;1701200;0402.9;CONFAZ_CV142_18;TABELASFISCAIS_SNAPSHOT;2026-08-10T11:41:31.190Z
17.013.00;1701300;1901.10.20;CONFAZ_CV142_18;TABELASFISCAIS_SNAPSHOT;2026-08-10T11:41:31.190Z
17.014.00;1701400;1901.10.10;CONFAZ_CV142_18;TABELASFISCAIS_SNAPSHOT;2026-08-10T11:41:31.190Z
17.015.00;1701500;1901.10.30;CONFAZ_CV142_18;TABELASFISCAIS_SNAPSHOT;2026-08-10T11:41:31.190Z
17.015.00;1701500;1901.10.90;CONFAZ_CV142_18;TABELASFISCAIS_SNAPSHOT;2026-08-10T11:41:31.190Z
17.016.00;1701600;0401.10.10;CONFAZ_CV142_18;TABELASFISCAIS_SNAPSHOT;2026-08-10T11:41:31.190Z
17.016.00;1701600;0401.20.10;CONFAZ_CV142_18;TABELASFISCAIS_SNAPSHOT;2026-08-10T11:41:31.190Z
17.016.01;1701601;0401.10.10;CONFAZ_CV142_18;TABELASFISCAIS_SNAPSHOT;2026-08-10T11:41:31.190Z
17.016.01;1701601;0401.20.10;CONFAZ_CV142_18;TABELASFISCAIS_SNAPSHOT;2026-08-10T11:41:31.190Z
17.017.00;1701700;0401.40.10;CONFAZ_CV142_18;TABELASFISCAIS_SNAPSHOT;2026-08-10T11:41:31.190Z
17.017.00;1701700;0401.50.10;CONFAZ_CV142_18;TABELASFISCAIS_SNAPSHOT;2026-08-10T11:41:31.190Z
17.017.01;1701701;0401.40.10;CONFAZ_CV142_18;TABELASFISCAIS_SNAPSHOT;2026-08-10T11:41:31.190Z
17.017.01;1701701;0401.50.10;CONFAZ_CV142_18;TABELASFISCAIS_SNAPSHOT;2026-08-10T11:41:31.190Z
17.018.00;1701800;0401.10.90;CONFAZ_CV142_18;TABELASFISCAIS_SNAPSHOT;2026-08-10T11:41:31.190Z
17.018.00;1701800;0401.20.90;CONFAZ_CV142_18;TABELASFISCAIS_SNAPSHOT;2026-08-10T11:41:31.190Z
17.018.01;1701801;0401.10.90;CONFAZ_CV142_18;TABELASFISCAIS_SNAPSHOT;2026-08-10T11:41:31.190Z
17.018.01;1701801;0401.20.90;CONFAZ_CV142_18;TABELASFISCAIS_SNAPSHOT;2026-08-10T11:41:31.190Z
17.019.00;1701900;0401.40.2;CONFAZ_CV142_18;TABELASFISCAIS_SNAPSHOT;2026-08-10T11:41:31.190Z
17.019.00;1701900;0402.21.30;CONFAZ_CV142_18;TABELASFISCAIS_SNAPSHOT;2026-08-10T11:41:31.190Z
17.019.00;1701900;0402.29.30;CONFAZ_CV142_18;TABELASFISCAIS_SNAPSHOT;2026-08-10T11:41:31.190Z
17.019.00;1701900;0402.9;CONFAZ_CV142_18;TABELASFISCAIS_SNAPSHOT;2026-08-10T11:41:31.190Z
17.019.01;1701901;0401.20;CONFAZ_CV142_18;TABELASFISCAIS_SNAPSHOT;2026-08-10T11:41:31.190Z
17.019.01;1701901;0401.40.2;CONFAZ_CV142_18;TABELASFISCAIS_SNAPSHOT;2026-08-10T11:41:31.190Z
17.019.01;1701901;0401.50;CONFAZ_CV142_18;TABELASFISCAIS_SNAPSHOT;2026-08-10T11:41:31.190Z
17.019.01;1701901;0402.10;CONFAZ_CV142_18;TABELASFISCAIS_SNAPSHOT;2026-08-10T11:41:31.190Z
17.019.01;1701901;0402.21.30;CONFAZ_CV142_18;TABELASFISCAIS_SNAPSHOT;2026-08-10T11:41:31.190Z
17.019.01;1701901;0402.29.20;CONFAZ_CV142_18;TABELASFISCAIS_SNAPSHOT;2026-08-10T11:41:31.190Z
17.019.01;1701901;0402.29.30;CONFAZ_CV142_18;TABELASFISCAIS_SNAPSHOT;2026-08-10T11:41:31.190Z
17.019.01;1701901;0402.9;CONFAZ_CV142_18;TABELASFISCAIS_SNAPSHOT;2026-08-10T11:41:31.190Z
17.019.02;1701902;0401.10;CONFAZ_CV142_18;TABELASFISCAIS_SNAPSHOT;2026-08-10T11:41:31.190Z
17.019.03;1701903;0401.10;CONFAZ_CV142_18;TABELASFISCAIS_SNAPSHOT;2026-08-10T11:41:31.190Z
17.019.03;1701903;0401.20;CONFAZ_CV142_18;TABELASFISCAIS_SNAPSHOT;2026-08-10T11:41:31.190Z
17.019.03;1701903;0401.50;CONFAZ_CV142_18;TABELASFISCAIS_SNAPSHOT;2026-08-10T11:41:31.190Z
17.019.03;1701903;0402.10;CONFAZ_CV142_18;TABELASFISCAIS_SNAPSHOT;2026-08-10T11:41:31.190Z
17.019.03;1701903;0402.29.20;CONFAZ_CV142_18;TABELASFISCAIS_SNAPSHOT;2026-08-10T11:41:31.190Z
17.020.00;1702000;0402.9;CONFAZ_CV142_18;TABELASFISCAIS_SNAPSHOT;2026-08-10T11:41:31.190Z
17.020.01;1702001;0402.9;CONFAZ_CV142_18;TABELASFISCAIS_SNAPSHOT;2026-08-10T11:41:31.190Z
17.021.00;1702100;403;CONFAZ_CV142_18;TABELASFISCAIS_SNAPSHOT;2026-08-10T11:41:31.190Z
17.021.01;1702101;403;CONFAZ_CV142_18;TABELASFISCAIS_SNAPSHOT;2026-08-10T11:41:31.190Z
17.022.00;1702200;0403.90.00;CONFAZ_CV142_18;TABELASFISCAIS_SNAPSHOT;2026-08-10T11:41:31.190Z
17.023.00;1702300;406;CONFAZ_CV142_18;TABELASFISCAIS_SNAPSHOT;2026-08-10T11:41:31.190Z
17.023.01;1702301;406;CONFAZ_CV142_18;TABELASFISCAIS_SNAPSHOT;2026-08-10T11:41:31.190Z
17.024.00;1702400;406;CONFAZ_CV142_18;TABELASFISCAIS_SNAPSHOT;2026-08-10T11:41:31.190Z
17.024.01;1702401;0406.10.10;CONFAZ_CV142_18;TABELASFISCAIS_SNAPSHOT;2026-08-10T11:41:31.190Z
17.024.02;1702402;0406.10.90;CONFAZ_CV142_18;TABELASFISCAIS_SNAPSHOT;2026-08-10T11:41:31.190Z
17.024.03;1702403;0406.10.90;CONFAZ_CV142_18;TABELASFISCAIS_SNAPSHOT;2026-08-10T11:41:31.190Z
17.024.04;1702404;0406.10.90;CONFAZ_CV142_18;TABELASFISCAIS_SNAPSHOT;2026-08-10T11:41:31.190Z
17.024.05;1702405;0406.10.90;CONFAZ_CV142_18;TABELASFISCAIS_SNAPSHOT;2026-08-10T11:41:31.190Z
17.025.00;1702500;0405.10.00;CONFAZ_CV142_18;TABELASFISCAIS_SNAPSHOT;2026-08-10T11:41:31.190Z
17.025.01;1702501;0405.10.00;CONFAZ_CV142_18;TABELASFISCAIS_SNAPSHOT;2026-08-10T11:41:31.190Z
17.025.02;1702502;0405.90.90;CONFAZ_CV142_18;TABELASFISCAIS_SNAPSHOT;2026-08-10T11:41:31.190Z
17.026.00;1702600;1517.10.00;CONFAZ_CV142_18;TABELASFISCAIS_SNAPSHOT;2026-08-10T11:41:31.190Z
17.027.00;1702700;1517.10.00;CONFAZ_CV142_18;TABELASFISCAIS_SNAPSHOT;2026-08-10T11:41:31.190Z
17.027.01;1702701;1517.10.00;CONFAZ_CV142_18;TABELASFISCAIS_SNAPSHOT;2026-08-10T11:41:31.190Z
17.027.02;1702702;1517.90;CONFAZ_CV142_18;TABELASFISCAIS_SNAPSHOT;2026-08-10T11:41:31.190Z
17.028.00;1702800;1516.20.00;CONFAZ_CV142_18;TABELASFISCAIS_SNAPSHOT;2026-08-10T11:41:31.190Z
17.028.01;1702801;1516.20.00;CONFAZ_CV142_18;TABELASFISCAIS_SNAPSHOT;2026-08-10T11:41:31.190Z
17.029.00;1702900;1901.90.20;CONFAZ_CV142_18;TABELASFISCAIS_SNAPSHOT;2026-08-10T11:41:31.190Z
17.030.00;1703000;1904.10.00;CONFAZ_CV142_18;TABELASFISCAIS_SNAPSHOT;2026-08-10T11:41:31.190Z
17.030.00;1703000;1904.90.00;CONFAZ_CV142_18;TABELASFISCAIS_SNAPSHOT;2026-08-10T11:41:31.190Z
17.031.00;1703100;1905.90.90;CONFAZ_CV142_18;TABELASFISCAIS_SNAPSHOT;2026-08-10T11:41:31.190Z
17.031.01;1703101;1905.90.90;CONFAZ_CV142_18;TABELASFISCAIS_SNAPSHOT;2026-08-10T11:41:31.190Z
17.031.02;1703102;1905.90.90;CONFAZ_CV142_18;TABELASFISCAIS_SNAPSHOT;2026-08-10T11:41:31.190Z
17.032.00;1703200;2005.20.00;CONFAZ_CV142_18;TABELASFISCAIS_SNAPSHOT;2026-08-10T11:41:31.190Z
17.032.00;1703200;2005.9;CONFAZ_CV142_18;TABELASFISCAIS_SNAPSHOT;2026-08-10T11:41:31.190Z
17.033.00;1703300;2008.1;CONFAZ_CV142_18;TABELASFISCAIS_SNAPSHOT;2026-08-10T11:41:31.190Z
17.033.01;1703301;2008.1;CONFAZ_CV142_18;TABELASFISCAIS_SNAPSHOT;2026-08-10T11:41:31.190Z
17.034.00;1703400;2103.20.10;CONFAZ_CV142_18;TABELASFISCAIS_SNAPSHOT;2026-08-10T11:41:31.190Z
17.035.00;1703500;2103.90.21;CONFAZ_CV142_18;TABELASFISCAIS_SNAPSHOT;2026-08-10T11:41:31.190Z
17.035.00;1703500;2103.90.91;CONFAZ_CV142_18;TABELASFISCAIS_SNAPSHOT;2026-08-10T11:41:31.190Z
17.036.00;1703600;2103.10.10;CONFAZ_CV142_18;TABELASFISCAIS_SNAPSHOT;2026-08-10T11:41:31.190Z
17.037.00;1703700;2103.30.10;CONFAZ_CV142_18;TABELASFISCAIS_SNAPSHOT;2026-08-10T11:41:31.190Z
17.038.00;1703800;2103.30.21;CONFAZ_CV142_18;TABELASFISCAIS_SNAPSHOT;2026-08-10T11:41:31.190Z
17.039.00;1703900;2103.90.11;CONFAZ_CV142_18;TABELASFISCAIS_SNAPSHOT;2026-08-10T11:41:31.190Z
17.040.00;1704000;2002;CONFAZ_CV142_18;TABELASFISCAIS_SNAPSHOT;2026-08-10T11:41:31.190Z
17.041.00;1704100;2103.20.10;CONFAZ_CV142_18;TABELASFISCAIS_SNAPSHOT;2026-08-10T11:41:31.190Z
17.042.00;1704200;1704.90.90;CONFAZ_CV142_18;TABELASFISCAIS_SNAPSHOT;2026-08-10T11:41:31.190Z
17.042.00;1704200;1904.20.00;CONFAZ_CV142_18;TABELASFISCAIS_SNAPSHOT;2026-08-10T11:41:31.190Z
17.042.00;1704200;1904.90.00;CONFAZ_CV142_18;TABELASFISCAIS_SNAPSHOT;2026-08-10T11:41:31.190Z
17.043.00;1704300;1806.31.20;CONFAZ_CV142_18;TABELASFISCAIS_SNAPSHOT;2026-08-10T11:41:31.190Z
17.043.00;1704300;1806.32.20;CONFAZ_CV142_18;TABELASFISCAIS_SNAPSHOT;2026-08-10T11:41:31.190Z
17.043.00;1704300;1806.90.00;CONFAZ_CV142_18;TABELASFISCAIS_SNAPSHOT;2026-08-10T11:41:31.190Z
17.044.00;1704400;1101.00.10;CONFAZ_CV142_18;TABELASFISCAIS_SNAPSHOT;2026-08-10T11:41:31.190Z
17.044.01;1704401;1101.00.10;CONFAZ_CV142_18;TABELASFISCAIS_SNAPSHOT;2026-08-10T11:41:31.190Z
17.044.02;1704402;1101.00.10;CONFAZ_CV142_18;TABELASFISCAIS_SNAPSHOT;2026-08-10T11:41:31.190Z
17.044.03;1704403;1101.00.10;CONFAZ_CV142_18;TABELASFISCAIS_SNAPSHOT;2026-08-10T11:41:31.190Z
17.044.04;1704404;1101.00.10;CONFAZ_CV142_18;TABELASFISCAIS_SNAPSHOT;2026-08-10T11:41:31.190Z
17.044.05;1704405;1101.00.10;CONFAZ_CV142_18;TABELASFISCAIS_SNAPSHOT;2026-08-10T11:41:31.190Z
17.044.06;1704406;1101.00.10;CONFAZ_CV142_18;TABELASFISCAIS_SNAPSHOT;2026-08-10T11:41:31.190Z
17.044.07;1704407;1101.00.10;CONFAZ_CV142_18;TABELASFISCAIS_SNAPSHOT;2026-08-10T11:41:31.190Z
17.044.08;1704408;1101.00.10;CONFAZ_CV142_18;TABELASFISCAIS_SNAPSHOT;2026-08-10T11:41:31.190Z
17.044.09;1704409;1101.00.10;CONFAZ_CV142_18;TABELASFISCAIS_SNAPSHOT;2026-08-10T11:41:31.190Z
17.044.10;1704410;1101.00.10;CONFAZ_CV142_18;TABELASFISCAIS_SNAPSHOT;2026-08-10T11:41:31.190Z
17.044.11;1704411;1101.00.10;CONFAZ_CV142_18;TABELASFISCAIS_SNAPSHOT;2026-08-10T11:41:31.190Z
17.044.12;1704412;1101.00.10;CONFAZ_CV142_18;TABELASFISCAIS_SNAPSHOT;2026-08-10T11:41:31.190Z
17.044.13;1704413;1101.00.10;CONFAZ_CV142_18;TABELASFISCAIS_SNAPSHOT;2026-08-10T11:41:31.190Z
17.044.14;1704414;1101.00.10;CONFAZ_CV142_18;TABELASFISCAIS_SNAPSHOT;2026-08-10T11:41:31.190Z
17.044.15;1704415;1101.00.10;CONFAZ_CV142_18;TABELASFISCAIS_SNAPSHOT;2026-08-10T11:41:31.190Z
17.044.16;1704416;1101.00.10;CONFAZ_CV142_18;TABELASFISCAIS_SNAPSHOT;2026-08-10T11:41:31.190Z
17.044.17;1704417;1101.00.10;CONFAZ_CV142_18;TABELASFISCAIS_SNAPSHOT;2026-08-10T11:41:31.190Z
17.044.18;1704418;1101.00.10;CONFAZ_CV142_18;TABELASFISCAIS_SNAPSHOT;2026-08-10T11:41:31.190Z
17.044.19;1704419;1101.00.10;CONFAZ_CV142_18;TABELASFISCAIS_SNAPSHOT;2026-08-10T11:41:31.190Z
17.044.20;1704420;1101.00.10;CONFAZ_CV142_18;TABELASFISCAIS_SNAPSHOT;2026-08-10T11:41:31.190Z
17.044.21;1704421;1101.00.10;CONFAZ_CV142_18;TABELASFISCAIS_SNAPSHOT;2026-08-10T11:41:31.190Z
17.044.22;1704422;1101.00.10;CONFAZ_CV142_18;TABELASFISCAIS_SNAPSHOT;2026-08-10T11:41:31.190Z
17.044.23;1704423;1101.00.10;CONFAZ_CV142_18;TABELASFISCAIS_SNAPSHOT;2026-08-10T11:41:31.190Z
17.044.24;1704424;1101.00.10;CONFAZ_CV142_18;TABELASFISCAIS_SNAPSHOT;2026-08-10T11:41:31.190Z
17.044.25;1704425;1101.00.10;CONFAZ_CV142_18;TABELASFISCAIS_SNAPSHOT;2026-08-10T11:41:31.190Z
17.044.26;1704426;1101.00.10;CONFAZ_CV142_18;TABELASFISCAIS_SNAPSHOT;2026-08-10T11:41:31.190Z
17.044.27;1704427;1101.00.10;CONFAZ_CV142_18;TABELASFISCAIS_SNAPSHOT;2026-08-10T11:41:31.190Z
17.045.00;1704500;1101.00.20;CONFAZ_CV142_18;TABELASFISCAIS_SNAPSHOT;2026-08-10T11:41:31.190Z
17.046.00;1704600;1901.20;CONFAZ_CV142_18;TABELASFISCAIS_SNAPSHOT;2026-08-10T11:41:31.190Z
17.046.00;1704600;1901.90.90;CONFAZ_CV142_18;TABELASFISCAIS_SNAPSHOT;2026-08-10T11:41:31.190Z
17.046.01;1704601;1901.20;CONFAZ_CV142_18;TABELASFISCAIS_SNAPSHOT;2026-08-10T11:41:31.190Z
17.046.01;1704601;1901.90.90;CONFAZ_CV142_18;TABELASFISCAIS_SNAPSHOT;2026-08-10T11:41:31.190Z
17.046.02;1704602;1901.20;CONFAZ_CV142_18;TABELASFISCAIS_SNAPSHOT;2026-08-10T11:41:31.190Z
17.046.02;1704602;1901.90.90;CONFAZ_CV142_18;TABELASFISCAIS_SNAPSHOT;2026-08-10T11:41:31.190Z
17.046.03;1704603;1901.20;CONFAZ_CV142_18;TABELASFISCAIS_SNAPSHOT;2026-08-10T11:41:31.190Z
17.046.03;1704603;1901.90.90;CONFAZ_CV142_18;TABELASFISCAIS_SNAPSHOT;2026-08-10T11:41:31.190Z
17.046.04;1704604;1901.20;CONFAZ_CV142_18;TABELASFISCAIS_SNAPSHOT;2026-08-10T11:41:31.190Z
17.046.04;1704604;1901.90.90;CONFAZ_CV142_18;TABELASFISCAIS_SNAPSHOT;2026-08-10T11:41:31.190Z
17.046.05;1704605;1901.20;CONFAZ_CV142_18;TABELASFISCAIS_SNAPSHOT;2026-08-10T11:41:31.190Z
17.046.05;1704605;1901.90.90;CONFAZ_CV142_18;TABELASFISCAIS_SNAPSHOT;2026-08-10T11:41:31.190Z
17.046.06;1704606;1901.20;CONFAZ_CV142_18;TABELASFISCAIS_SNAPSHOT;2026-08-10T11:41:31.190Z
17.046.06;1704606;1901.90.90;CONFAZ_CV142_18;TABELASFISCAIS_SNAPSHOT;2026-08-10T11:41:31.190Z
17.046.07;1704607;1901.20;CONFAZ_CV142_18;TABELASFISCAIS_SNAPSHOT;2026-08-10T11:41:31.190Z
17.046.07;1704607;1901.90.90;CONFAZ_CV142_18;TABELASFISCAIS_SNAPSHOT;2026-08-10T11:41:31.190Z
17.046.08;1704608;1901.20;CONFAZ_CV142_18;TABELASFISCAIS_SNAPSHOT;2026-08-10T11:41:31.190Z
17.046.08;1704608;1901.90.90;CONFAZ_CV142_18;TABELASFISCAIS_SNAPSHOT;2026-08-10T11:41:31.190Z
17.046.09;1704609;1901.20;CONFAZ_CV142_18;TABELASFISCAIS_SNAPSHOT;2026-08-10T11:41:31.190Z
17.046.09;1704609;1901.90.90;CONFAZ_CV142_18;TABELASFISCAIS_SNAPSHOT;2026-08-10T11:41:31.190Z
17.046.10;1704610;1901.20;CONFAZ_CV142_18;TABELASFISCAIS_SNAPSHOT;2026-08-10T11:41:31.190Z
17.046.10;1704610;1901.90.90;CONFAZ_CV142_18;TABELASFISCAIS_SNAPSHOT;2026-08-10T11:41:31.190Z
17.046.11;1704611;1901.20;CONFAZ_CV142_18;TABELASFISCAIS_SNAPSHOT;2026-08-10T11:41:31.190Z
17.046.11;1704611;1901.90.90;CONFAZ_CV142_18;TABELASFISCAIS_SNAPSHOT;2026-08-10T11:41:31.190Z
17.046.12;1704612;1901.20;CONFAZ_CV142_18;TABELASFISCAIS_SNAPSHOT;2026-08-10T11:41:31.190Z
17.046.12;1704612;1901.90.90;CONFAZ_CV142_18;TABELASFISCAIS_SNAPSHOT;2026-08-10T11:41:31.190Z
17.046.13;1704613;1901.20;CONFAZ_CV142_18;TABELASFISCAIS_SNAPSHOT;2026-08-10T11:41:31.190Z
17.046.13;1704613;1901.90.90;CONFAZ_CV142_18;TABELASFISCAIS_SNAPSHOT;2026-08-10T11:41:31.190Z
17.046.14;1704614;1901.20;CONFAZ_CV142_18;TABELASFISCAIS_SNAPSHOT;2026-08-10T11:41:31.190Z
17.046.14;1704614;1901.90.90;CONFAZ_CV142_18;TABELASFISCAIS_SNAPSHOT;2026-08-10T11:41:31.190Z
17.046.15;1704615;1901.20;CONFAZ_CV142_18;TABELASFISCAIS_SNAPSHOT;2026-08-10T11:41:31.190Z
17.046.15;1704615;1901.90.90;CONFAZ_CV142_18;TABELASFISCAIS_SNAPSHOT;2026-08-10T11:41:31.190Z
17.046.16;1704616;1901.20;CONFAZ_CV142_18;TABELASFISCAIS_SNAPSHOT;2026-08-10T11:41:31.190Z
17.046.16;1704616;1901.90.90;CONFAZ_CV142_18;TABELASFISCAIS_SNAPSHOT;2026-08-10T11:41:31.190Z
17.047.00;1704700;1902.30.00;CONFAZ_CV142_18;TABELASFISCAIS_SNAPSHOT;2026-08-10T11:41:31.190Z
17.047.01;1704701;1902.30.00;CONFAZ_CV142_18;TABELASFISCAIS_SNAPSHOT;2026-08-10T11:41:31.190Z
17.048.00;1704800;1902;CONFAZ_CV142_18;TABELASFISCAIS_SNAPSHOT;2026-08-10T11:41:31.190Z
17.048.01;1704801;1902.40.00;CONFAZ_CV142_18;TABELASFISCAIS_SNAPSHOT;2026-08-10T11:41:31.190Z
17.048.02;1704802;1902.20.00;CONFAZ_CV142_18;TABELASFISCAIS_SNAPSHOT;2026-08-10T11:41:31.190Z
17.049.00;1704900;1902.1;CONFAZ_CV142_18;TABELASFISCAIS_SNAPSHOT;2026-08-10T11:41:31.190Z
17.049.01;1704901;1902.1;CONFAZ_CV142_18;TABELASFISCAIS_SNAPSHOT;2026-08-10T11:41:31.190Z
17.049.02;1704902;1902.11.00;CONFAZ_CV142_18;TABELASFISCAIS_SNAPSHOT;2026-08-10T11:41:31.190Z
17.049.03;1704903;1902.19.00;CONFAZ_CV142_18;TABELASFISCAIS_SNAPSHOT;2026-08-10T11:41:31.190Z
17.049.04;1704904;1902.19.00;CONFAZ_CV142_18;TABELASFISCAIS_SNAPSHOT;2026-08-10T11:41:31.190Z
17.049.05;1704905;1902.19.00;CONFAZ_CV142_18;TABELASFISCAIS_SNAPSHOT;2026-08-10T11:41:31.190Z
17.049.06;1704906;1902.11.00;CONFAZ_CV142_18;TABELASFISCAIS_SNAPSHOT;2026-08-10T11:41:31.190Z
17.049.07;1704907;1902.11.00;CONFAZ_CV142_18;TABELASFISCAIS_SNAPSHOT;2026-08-10T11:41:31.190Z
17.050.00;1705000;1905.20;CONFAZ_CV142_18;TABELASFISCAIS_SNAPSHOT;2026-08-10T11:41:31.190Z
17.051.00;1705100;1905.20.90;CONFAZ_CV142_18;TABELASFISCAIS_SNAPSHOT;2026-08-10T11:41:31.190Z
17.052.00;1705200;1905.20.10;CONFAZ_CV142_18;TABELASFISCAIS_SNAPSHOT;2026-08-10T11:41:31.190Z
17.053.00;1705300;1905.31.00;CONFAZ_CV142_18;TABELASFISCAIS_SNAPSHOT;2026-08-10T11:41:31.190Z
17.053.01;1705301;1905.31.00;CONFAZ_CV142_18;TABELASFISCAIS_SNAPSHOT;2026-08-10T11:41:31.190Z
17.053.02;1705302;1905.31.00;CONFAZ_CV142_18;TABELASFISCAIS_SNAPSHOT;2026-08-10T11:41:31.190Z
17.054.00;1705400;1905.31.00;CONFAZ_CV142_18;TABELASFISCAIS_SNAPSHOT;2026-08-10T11:41:31.190Z
17.054.01;1705401;1905.31.00;CONFAZ_CV142_18;TABELASFISCAIS_SNAPSHOT;2026-08-10T11:41:31.190Z
17.054.02;1705402;1905.31.00;CONFAZ_CV142_18;TABELASFISCAIS_SNAPSHOT;2026-08-10T11:41:31.190Z
17.056.00;1705600;1905.90.20;CONFAZ_CV142_18;TABELASFISCAIS_SNAPSHOT;2026-08-10T11:41:31.190Z
17.056.01;1705601;1905.90.20;CONFAZ_CV142_18;TABELASFISCAIS_SNAPSHOT;2026-08-10T11:41:31.190Z
17.056.02;1705602;1905.90.20;CONFAZ_CV142_18;TABELASFISCAIS_SNAPSHOT;2026-08-10T11:41:31.190Z
17.057.00;1705700;1905.32.00;CONFAZ_CV142_18;TABELASFISCAIS_SNAPSHOT;2026-08-10T11:41:31.190Z
17.058.00;1705800;1905.32.00;CONFAZ_CV142_18;TABELASFISCAIS_SNAPSHOT;2026-08-10T11:41:31.190Z
17.059.00;1705900;1905.40.00;CONFAZ_CV142_18;TABELASFISCAIS_SNAPSHOT;2026-08-10T11:41:31.190Z
17.060.00;1706000;1905.90.10;CONFAZ_CV142_18;TABELASFISCAIS_SNAPSHOT;2026-08-10T11:41:31.190Z
17.062.00;1706200;1905.90.90;CONFAZ_CV142_18;TABELASFISCAIS_SNAPSHOT;2026-08-10T11:41:31.190Z
17.062.01;1706201;1905.90.90;CONFAZ_CV142_18;TABELASFISCAIS_SNAPSHOT;2026-08-10T11:41:31.190Z
17.062.02;1706202;1905.90.20;CONFAZ_CV142_18;TABELASFISCAIS_SNAPSHOT;2026-08-10T11:41:31.190Z
17.062.02;1706202;1905.90.90;CONFAZ_CV142_18;TABELASFISCAIS_SNAPSHOT;2026-08-10T11:41:31.190Z
17.062.03;1706203;1905.90.90;CONFAZ_CV142_18;TABELASFISCAIS_SNAPSHOT;2026-08-10T11:41:31.190Z
17.063.00;1706300;1905.10.00;CONFAZ_CV142_18;TABELASFISCAIS_SNAPSHOT;2026-08-10T11:41:31.190Z
17.064.00;1706400;1905.90;CONFAZ_CV142_18;TABELASFISCAIS_SNAPSHOT;2026-08-10T11:41:31.190Z
17.065.00;1706500;1507.90.11;CONFAZ_CV142_18;TABELASFISCAIS_SNAPSHOT;2026-08-10T11:41:31.190Z
17.066.00;1706600;1508;CONFAZ_CV142_18;TABELASFISCAIS_SNAPSHOT;2026-08-10T11:41:31.190Z
17.067.00;1706700;1509;CONFAZ_CV142_18;TABELASFISCAIS_SNAPSHOT;2026-08-10T11:41:31.190Z
17.067.01;1706701;1509;CONFAZ_CV142_18;TABELASFISCAIS_SNAPSHOT;2026-08-10T11:41:31.190Z
17.067.02;1706702;1509;CONFAZ_CV142_18;TABELASFISCAIS_SNAPSHOT;2026-08-10T11:41:31.190Z
17.068.00;1706800;1510;CONFAZ_CV142_18;TABELASFISCAIS_SNAPSHOT;2026-08-10T11:41:31.190Z
17.069.00;1706900;1512.19.11;CONFAZ_CV142_18;TABELASFISCAIS_SNAPSHOT;2026-08-10T11:41:31.190Z
17.069.01;1706901;1512.29.10;CONFAZ_CV142_18;TABELASFISCAIS_SNAPSHOT;2026-08-10T11:41:31.190Z
17.070.00;1707000;1514.1;CONFAZ_CV142_18;TABELASFISCAIS_SNAPSHOT;2026-08-10T11:41:31.190Z
17.071.00;1707100;1515.19.00;CONFAZ_CV142_18;TABELASFISCAIS_SNAPSHOT;2026-08-10T11:41:31.190Z
17.072.00;1707200;1515.29.10;CONFAZ_CV142_18;TABELASFISCAIS_SNAPSHOT;2026-08-10T11:41:31.190Z
17.073.00;1707300;1512.29.90;CONFAZ_CV142_18;TABELASFISCAIS_SNAPSHOT;2026-08-10T11:41:31.190Z
17.074.00;1707400;1517.90.10;CONFAZ_CV142_18;TABELASFISCAIS_SNAPSHOT;2026-08-10T11:41:31.190Z
17.075.00;1707500;1511;CONFAZ_CV142_18;TABELASFISCAIS_SNAPSHOT;2026-08-10T11:41:31.190Z
17.075.00;1707500;1513;CONFAZ_CV142_18;TABELASFISCAIS_SNAPSHOT;2026-08-10T11:41:31.190Z
17.075.00;1707500;1514;CONFAZ_CV142_18;TABELASFISCAIS_SNAPSHOT;2026-08-10T11:41:31.190Z
17.075.00;1707500;1515;CONFAZ_CV142_18;TABELASFISCAIS_SNAPSHOT;2026-08-10T11:41:31.190Z
17.075.00;1707500;1516;CONFAZ_CV142_18;TABELASFISCAIS_SNAPSHOT;2026-08-10T11:41:31.190Z
17.075.00;1707500;1518;CONFAZ_CV142_18;TABELASFISCAIS_SNAPSHOT;2026-08-10T11:41:31.190Z
17.076.00;1707600;1601.00.00;CONFAZ_CV142_18;TABELASFISCAIS_SNAPSHOT;2026-08-10T11:41:31.190Z
17.077.00;1707700;1601.00.00;CONFAZ_CV142_18;TABELASFISCAIS_SNAPSHOT;2026-08-10T11:41:31.190Z
17.077.01;1707701;1601.00.00;CONFAZ_CV142_18;TABELASFISCAIS_SNAPSHOT;2026-08-10T11:41:31.190Z
17.078.00;1707800;1601.00.00;CONFAZ_CV142_18;TABELASFISCAIS_SNAPSHOT;2026-08-10T11:41:31.190Z
17.079.00;1707900;1602;CONFAZ_CV142_18;TABELASFISCAIS_SNAPSHOT;2026-08-10T11:41:31.190Z
17.079.01;1707901;1602.31.00;CONFAZ_CV142_18;TABELASFISCAIS_SNAPSHOT;2026-08-10T11:41:31.190Z
17.079.02;1707902;1602.32.10;CONFAZ_CV142_18;TABELASFISCAIS_SNAPSHOT;2026-08-10T11:41:31.190Z
17.079.03;1707903;1602.32.20;CONFAZ_CV142_18;TABELASFISCAIS_SNAPSHOT;2026-08-10T11:41:31.190Z
17.079.04;1707904;1602.41.00;CONFAZ_CV142_18;TABELASFISCAIS_SNAPSHOT;2026-08-10T11:41:31.190Z
17.079.05;1707905;1602.49.00;CONFAZ_CV142_18;TABELASFISCAIS_SNAPSHOT;2026-08-10T11:41:31.190Z
17.079.06;1707906;1602.50.00;CONFAZ_CV142_18;TABELASFISCAIS_SNAPSHOT;2026-08-10T11:41:31.190Z
17.079.07;1707907;1602.49.00;CONFAZ_CV142_18;TABELASFISCAIS_SNAPSHOT;2026-08-10T11:41:31.190Z
17.079.08;1707908;1602.31;CONFAZ_CV142_18;TABELASFISCAIS_SNAPSHOT;2026-08-10T11:41:31.190Z
17.079.08;1707908;1602.32;CONFAZ_CV142_18;TABELASFISCAIS_SNAPSHOT;2026-08-10T11:41:31.190Z
17.080.00;1708000;1604;CONFAZ_CV142_18;TABELASFISCAIS_SNAPSHOT;2026-08-10T11:41:31.190Z
17.080.01;1708001;1604.20.10;CONFAZ_CV142_18;TABELASFISCAIS_SNAPSHOT;2026-08-10T11:41:31.190Z
17.081.00;1708100;1604;CONFAZ_CV142_18;TABELASFISCAIS_SNAPSHOT;2026-08-10T11:41:31.190Z
17.082.00;1708200;1605;CONFAZ_CV142_18;TABELASFISCAIS_SNAPSHOT;2026-08-10T11:41:31.190Z
17.083.00;1708300;0210.20.00;CONFAZ_CV142_18;TABELASFISCAIS_SNAPSHOT;2026-08-10T11:41:31.190Z
17.083.00;1708300;0210.99.00;CONFAZ_CV142_18;TABELASFISCAIS_SNAPSHOT;2026-08-10T11:41:31.190Z
17.083.00;1708300;1502;CONFAZ_CV142_18;TABELASFISCAIS_SNAPSHOT;2026-08-10T11:41:31.190Z
17.083.01;1708301;0210.20.00;CONFAZ_CV142_18;TABELASFISCAIS_SNAPSHOT;2026-08-10T11:41:31.190Z
17.084.00;1708400;201;CONFAZ_CV142_18;TABELASFISCAIS_SNAPSHOT;2026-08-10T11:41:31.190Z
17.084.00;1708400;202;CONFAZ_CV142_18;TABELASFISCAIS_SNAPSHOT;2026-08-10T11:41:31.190Z
17.084.00;1708400;204;CONFAZ_CV142_18;TABELASFISCAIS_SNAPSHOT;2026-08-10T11:41:31.190Z
17.084.00;1708400;206;CONFAZ_CV142_18;TABELASFISCAIS_SNAPSHOT;2026-08-10T11:41:31.190Z
17.085.00;1708500;204;CONFAZ_CV142_18;TABELASFISCAIS_SNAPSHOT;2026-08-10T11:41:31.190Z
17.086.00;1708600;0210.99.00;CONFAZ_CV142_18;TABELASFISCAIS_SNAPSHOT;2026-08-10T11:41:31.190Z
17.086.00;1708600;1502.10.19;CONFAZ_CV142_18;TABELASFISCAIS_SNAPSHOT;2026-08-10T11:41:31.190Z
17.086.00;1708600;1502.90.00;CONFAZ_CV142_18;TABELASFISCAIS_SNAPSHOT;2026-08-10T11:41:31.190Z
17.087.00;1708700;0210.99.00;CONFAZ_CV142_18;TABELASFISCAIS_SNAPSHOT;2026-08-10T11:41:31.190Z
17.087.00;1708700;1501;CONFAZ_CV142_18;TABELASFISCAIS_SNAPSHOT;2026-08-10T11:41:31.190Z
17.087.00;1708700;207;CONFAZ_CV142_18;TABELASFISCAIS_SNAPSHOT;2026-08-10T11:41:31.190Z
17.087.00;1708700;209;CONFAZ_CV142_18;TABELASFISCAIS_SNAPSHOT;2026-08-10T11:41:31.190Z
17.087.01;1708701;0210.1;CONFAZ_CV142_18;TABELASFISCAIS_SNAPSHOT;2026-08-10T11:41:31.190Z
17.087.01;1708701;0210.99.00;CONFAZ_CV142_18;TABELASFISCAIS_SNAPSHOT;2026-08-10T11:41:31.190Z
17.087.01;1708701;1501;CONFAZ_CV142_18;TABELASFISCAIS_SNAPSHOT;2026-08-10T11:41:31.190Z
17.087.01;1708701;203;CONFAZ_CV142_18;TABELASFISCAIS_SNAPSHOT;2026-08-10T11:41:31.190Z
17.087.01;1708701;206;CONFAZ_CV142_18;TABELASFISCAIS_SNAPSHOT;2026-08-10T11:41:31.190Z
17.087.01;1708701;209;CONFAZ_CV142_18;TABELASFISCAIS_SNAPSHOT;2026-08-10T11:41:31.190Z
17.087.02;1708702;0207.1;CONFAZ_CV142_18;TABELASFISCAIS_SNAPSHOT;2026-08-10T11:41:31.190Z
17.087.02;1708702;0207.2;CONFAZ_CV142_18;TABELASFISCAIS_SNAPSHOT;2026-08-10T11:41:31.190Z
17.088.00;1708800;710;CONFAZ_CV142_18;TABELASFISCAIS_SNAPSHOT;2026-08-10T11:41:31.190Z
17.088.01;1708801;710;CONFAZ_CV142_18;TABELASFISCAIS_SNAPSHOT;2026-08-10T11:41:31.190Z
17.089.00;1708900;811;CONFAZ_CV142_18;TABELASFISCAIS_SNAPSHOT;2026-08-10T11:41:31.190Z
17.089.01;1708901;811;CONFAZ_CV142_18;TABELASFISCAIS_SNAPSHOT;2026-08-10T11:41:31.190Z
17.090.00;1709000;2001;CONFAZ_CV142_18;TABELASFISCAIS_SNAPSHOT;2026-08-10T11:41:31.190Z
17.090.01;1709001;2001;CONFAZ_CV142_18;TABELASFISCAIS_SNAPSHOT;2026-08-10T11:41:31.190Z
17.091.00;1709100;2004;CONFAZ_CV142_18;TABELASFISCAIS_SNAPSHOT;2026-08-10T11:41:31.190Z
17.091.01;1709101;2004;CONFAZ_CV142_18;TABELASFISCAIS_SNAPSHOT;2026-08-10T11:41:31.190Z
17.092.00;1709200;2005;CONFAZ_CV142_18;TABELASFISCAIS_SNAPSHOT;2026-08-10T11:41:31.190Z
17.092.01;1709201;2005;CONFAZ_CV142_18;TABELASFISCAIS_SNAPSHOT;2026-08-10T11:41:31.190Z
17.093.00;1709300;2006.00.00;CONFAZ_CV142_18;TABELASFISCAIS_SNAPSHOT;2026-08-10T11:41:31.190Z
17.093.01;1709301;2006.00.00;CONFAZ_CV142_18;TABELASFISCAIS_SNAPSHOT;2026-08-10T11:41:31.190Z
17.094.00;1709400;2007;CONFAZ_CV142_18;TABELASFISCAIS_SNAPSHOT;2026-08-10T11:41:31.190Z
17.094.01;1709401;2007;CONFAZ_CV142_18;TABELASFISCAIS_SNAPSHOT;2026-08-10T11:41:31.190Z
17.095.00;1709500;2008;CONFAZ_CV142_18;TABELASFISCAIS_SNAPSHOT;2026-08-10T11:41:31.190Z
17.095.01;1709501;2008;CONFAZ_CV142_18;TABELASFISCAIS_SNAPSHOT;2026-08-10T11:41:31.190Z
17.096.00;1709600;901;CONFAZ_CV142_18;TABELASFISCAIS_SNAPSHOT;2026-08-10T11:41:31.190Z
17.096.01;1709601;901;CONFAZ_CV142_18;TABELASFISCAIS_SNAPSHOT;2026-08-10T11:41:31.190Z
17.096.02;1709602;901;CONFAZ_CV142_18;TABELASFISCAIS_SNAPSHOT;2026-08-10T11:41:31.190Z
17.096.03;1709603;901;CONFAZ_CV142_18;TABELASFISCAIS_SNAPSHOT;2026-08-10T11:41:31.190Z
17.096.04;1709604;901;CONFAZ_CV142_18;TABELASFISCAIS_SNAPSHOT;2026-08-10T11:41:31.190Z
17.096.05;1709605;901;CONFAZ_CV142_18;TABELASFISCAIS_SNAPSHOT;2026-08-10T11:41:31.190Z
17.097.00;1709700;1211.90.90;CONFAZ_CV142_18;TABELASFISCAIS_SNAPSHOT;2026-08-10T11:41:31.190Z
17.097.00;1709700;2106.90.90;CONFAZ_CV142_18;TABELASFISCAIS_SNAPSHOT;2026-08-10T11:41:31.190Z
17.097.00;1709700;902;CONFAZ_CV142_18;TABELASFISCAIS_SNAPSHOT;2026-08-10T11:41:31.190Z
17.098.00;1709800;0903.00;CONFAZ_CV142_18;TABELASFISCAIS_SNAPSHOT;2026-08-10T11:41:31.190Z
17.099.00;1709900;1701.1;CONFAZ_CV142_18;TABELASFISCAIS_SNAPSHOT;2026-08-10T11:41:31.190Z
17.099.00;1709900;1701.99.00;CONFAZ_CV142_18;TABELASFISCAIS_SNAPSHOT;2026-08-10T11:41:31.190Z
17.099.01;1709901;1701.1;CONFAZ_CV142_18;TABELASFISCAIS_SNAPSHOT;2026-08-10T11:41:31.190Z
17.099.01;1709901;1701.99.00;CONFAZ_CV142_18;TABELASFISCAIS_SNAPSHOT;2026-08-10T11:41:31.190Z
17.099.02;1709902;1701.1;CONFAZ_CV142_18;TABELASFISCAIS_SNAPSHOT;2026-08-10T11:41:31.190Z
17.099.02;1709902;1701.99.00;CONFAZ_CV142_18;TABELASFISCAIS_SNAPSHOT;2026-08-10T11:41:31.190Z
17.100.00;1710000;1701.91.00;CONFAZ_CV142_18;TABELASFISCAIS_SNAPSHOT;2026-08-10T11:41:31.190Z
17.100.01;1710001;1701.91.00;CONFAZ_CV142_18;TABELASFISCAIS_SNAPSHOT;2026-08-10T11:41:31.190Z
17.100.02;1710002;1701.91.00;CONFAZ_CV142_18;TABELASFISCAIS_SNAPSHOT;2026-08-10T11:41:31.190Z
17.101.00;1710100;1701.1;CONFAZ_CV142_18;TABELASFISCAIS_SNAPSHOT;2026-08-10T11:41:31.190Z
17.101.00;1710100;1701.99.00;CONFAZ_CV142_18;TABELASFISCAIS_SNAPSHOT;2026-08-10T11:41:31.190Z
17.101.01;1710101;1701.1;CONFAZ_CV142_18;TABELASFISCAIS_SNAPSHOT;2026-08-10T11:41:31.190Z
17.101.01;1710101;1701.99.00;CONFAZ_CV142_18;TABELASFISCAIS_SNAPSHOT;2026-08-10T11:41:31.190Z
17.101.02;1710102;1701.1;CONFAZ_CV142_18;TABELASFISCAIS_SNAPSHOT;2026-08-10T11:41:31.190Z
17.101.02;1710102;1701.99.00;CONFAZ_CV142_18;TABELASFISCAIS_SNAPSHOT;2026-08-10T11:41:31.190Z
17.102.00;1710200;1701.91.00;CONFAZ_CV142_18;TABELASFISCAIS_SNAPSHOT;2026-08-10T11:41:31.190Z
17.102.01;1710201;1701.91.00;CONFAZ_CV142_18;TABELASFISCAIS_SNAPSHOT;2026-08-10T11:41:31.190Z
17.102.02;1710202;1701.91;CONFAZ_CV142_18;TABELASFISCAIS_SNAPSHOT;2026-08-10T11:41:31.190Z
17.103.00;1710300;1701.1;CONFAZ_CV142_18;TABELASFISCAIS_SNAPSHOT;2026-08-10T11:41:31.190Z
17.103.00;1710300;1701.99.00;CONFAZ_CV142_18;TABELASFISCAIS_SNAPSHOT;2026-08-10T11:41:31.190Z
17.103.01;1710301;1701.1;CONFAZ_CV142_18;TABELASFISCAIS_SNAPSHOT;2026-08-10T11:41:31.190Z
17.103.01;1710301;1701.99.00;CONFAZ_CV142_18;TABELASFISCAIS_SNAPSHOT;2026-08-10T11:41:31.190Z
17.103.02;1710302;1701.1;CONFAZ_CV142_18;TABELASFISCAIS_SNAPSHOT;2026-08-10T11:41:31.190Z
17.103.02;1710302;1701.99.00;CONFAZ_CV142_18;TABELASFISCAIS_SNAPSHOT;2026-08-10T11:41:31.190Z
17.104.00;1710400;1701.91.00;CONFAZ_CV142_18;TABELASFISCAIS_SNAPSHOT;2026-08-10T11:41:31.190Z
17.104.01;1710401;1701.91.00;CONFAZ_CV142_18;TABELASFISCAIS_SNAPSHOT;2026-08-10T11:41:31.190Z
17.104.02;1710402;1701.91.00;CONFAZ_CV142_18;TABELASFISCAIS_SNAPSHOT;2026-08-10T11:41:31.190Z
17.105.00;1710500;1702;CONFAZ_CV142_18;TABELASFISCAIS_SNAPSHOT;2026-08-10T11:41:31.190Z
17.105.01;1710501;1702;CONFAZ_CV142_18;TABELASFISCAIS_SNAPSHOT;2026-08-10T11:41:31.190Z
17.105.02;1710502;1702;CONFAZ_CV142_18;TABELASFISCAIS_SNAPSHOT;2026-08-10T11:41:31.190Z
17.106.00;1710600;2008.19.00;CONFAZ_CV142_18;TABELASFISCAIS_SNAPSHOT;2026-08-10T11:41:31.190Z
17.107.00;1710700;2101.1;CONFAZ_CV142_18;TABELASFISCAIS_SNAPSHOT;2026-08-10T11:41:31.190Z
17.107.01;1710701;2101.1;CONFAZ_CV142_18;TABELASFISCAIS_SNAPSHOT;2026-08-10T11:41:31.190Z
17.108.00;1710800;2101.20;CONFAZ_CV142_18;TABELASFISCAIS_SNAPSHOT;2026-08-10T11:41:31.190Z
17.108.01;1710801;2101.20;CONFAZ_CV142_18;TABELASFISCAIS_SNAPSHOT;2026-08-10T11:41:31.190Z
17.109.00;1710900;1901.90.90;CONFAZ_CV142_18;TABELASFISCAIS_SNAPSHOT;2026-08-10T11:41:31.190Z
17.109.00;1710900;2101.11.90;CONFAZ_CV142_18;TABELASFISCAIS_SNAPSHOT;2026-08-10T11:41:31.190Z
17.109.00;1710900;2101.12.00;CONFAZ_CV142_18;TABELASFISCAIS_SNAPSHOT;2026-08-10T11:41:31.190Z
17.110.00;1711000;2202.10.00;CONFAZ_CV142_18;TABELASFISCAIS_SNAPSHOT;2026-08-10T11:41:31.190Z
17.111.00;1711100;2202.10.00;CONFAZ_CV142_18;TABELASFISCAIS_SNAPSHOT;2026-08-10T11:41:31.190Z
17.112.00;1711200;2202.99.00;CONFAZ_CV142_18;TABELASFISCAIS_SNAPSHOT;2026-08-10T11:41:31.190Z
17.113.00;1711300;2101.20;CONFAZ_CV142_18;TABELASFISCAIS_SNAPSHOT;2026-08-10T11:41:31.190Z
17.113.00;1711300;2202.99.00;CONFAZ_CV142_18;TABELASFISCAIS_SNAPSHOT;2026-08-10T11:41:31.190Z
17.114.00;1711400;2202.99.00;CONFAZ_CV142_18;TABELASFISCAIS_SNAPSHOT;2026-08-10T11:41:31.190Z
17.115.00;1711500;2202.99.00;CONFAZ_CV142_18;TABELASFISCAIS_SNAPSHOT;2026-08-10T11:41:31.190Z
17.116.00;1711600;008.13;CONFAZ_CV142_18;TABELASFISCAIS_SNAPSHOT;2026-08-10T11:41:31.190Z
17.116.00;1711600;009.09;CONFAZ_CV142_18;TABELASFISCAIS_SNAPSHOT;2026-08-10T11:41:31.190Z
17.117.00;1711700;1806.20.00;CONFAZ_CV142_18;TABELASFISCAIS_SNAPSHOT;2026-08-10T11:41:31.190Z
19.001.00;1900100;3213.10.00;CONFAZ_CV142_18;TABELASFISCAIS_SNAPSHOT;2026-08-10T11:41:31.190Z
19.002.00;1900200;3916.20.00;CONFAZ_CV142_18;TABELASFISCAIS_SNAPSHOT;2026-08-10T11:41:31.190Z
19.003.00;1900300;3916.10.00;CONFAZ_CV142_18;TABELASFISCAIS_SNAPSHOT;2026-08-10T11:41:31.190Z
19.003.00;1900300;3916.90;CONFAZ_CV142_18;TABELASFISCAIS_SNAPSHOT;2026-08-10T11:41:31.190Z
19.004.00;1900400;3926.10.00;CONFAZ_CV142_18;TABELASFISCAIS_SNAPSHOT;2026-08-10T11:41:31.190Z
19.005.00;1900500;4202.1;CONFAZ_CV142_18;TABELASFISCAIS_SNAPSHOT;2026-08-10T11:41:31.190Z
19.005.00;1900500;4202.9;CONFAZ_CV142_18;TABELASFISCAIS_SNAPSHOT;2026-08-10T11:41:31.190Z
19.005.01;1900501;4202.1;CONFAZ_CV142_18;TABELASFISCAIS_SNAPSHOT;2026-08-10T11:41:31.190Z
19.005.01;1900501;4202.9;CONFAZ_CV142_18;TABELASFISCAIS_SNAPSHOT;2026-08-10T11:41:31.190Z
19.006.00;1900600;3926.90.90;CONFAZ_CV142_18;TABELASFISCAIS_SNAPSHOT;2026-08-10T11:41:31.190Z
19.007.00;1900700;4802.20.90;CONFAZ_CV142_18;TABELASFISCAIS_SNAPSHOT;2026-08-10T11:41:31.190Z
19.007.00;1900700;4811.90.90;CONFAZ_CV142_18;TABELASFISCAIS_SNAPSHOT;2026-08-10T11:41:31.190Z
19.008.00;1900800;4802.54.9;CONFAZ_CV142_18;TABELASFISCAIS_SNAPSHOT;2026-08-10T11:41:31.190Z
19.009.00;1900900;4802.54.99;CONFAZ_CV142_18;TABELASFISCAIS_SNAPSHOT;2026-08-10T11:41:31.190Z
19.009.00;1900900;4802.57.99;CONFAZ_CV142_18;TABELASFISCAIS_SNAPSHOT;2026-08-10T11:41:31.190Z
19.009.00;1900900;4816.20.00;CONFAZ_CV142_18;TABELASFISCAIS_SNAPSHOT;2026-08-10T11:41:31.190Z
19.010.00;1901000;4802.56.9;CONFAZ_CV142_18;TABELASFISCAIS_SNAPSHOT;2026-08-10T11:41:31.190Z
19.010.00;1901000;4802.57.9;CONFAZ_CV142_18;TABELASFISCAIS_SNAPSHOT;2026-08-10T11:41:31.190Z
19.010.00;1901000;4802.58.9;CONFAZ_CV142_18;TABELASFISCAIS_SNAPSHOT;2026-08-10T11:41:31.190Z
19.011.00;1901100;3703.10.10;CONFAZ_CV142_18;TABELASFISCAIS_SNAPSHOT;2026-08-10T11:41:31.190Z
19.011.00;1901100;3703.10.29;CONFAZ_CV142_18;TABELASFISCAIS_SNAPSHOT;2026-08-10T11:41:31.190Z
19.011.00;1901100;3703.20.00;CONFAZ_CV142_18;TABELASFISCAIS_SNAPSHOT;2026-08-10T11:41:31.190Z
19.011.00;1901100;3703.90.10;CONFAZ_CV142_18;TABELASFISCAIS_SNAPSHOT;2026-08-10T11:41:31.190Z
19.011.00;1901100;3704.00.00;CONFAZ_CV142_18;TABELASFISCAIS_SNAPSHOT;2026-08-10T11:41:31.190Z
19.011.00;1901100;4802.20.00;CONFAZ_CV142_18;TABELASFISCAIS_SNAPSHOT;2026-08-10T11:41:31.190Z
19.012.00;1901200;4810.13.90;CONFAZ_CV142_18;TABELASFISCAIS_SNAPSHOT;2026-08-10T11:41:31.190Z
19.013.00;1901300;4816.90.10;CONFAZ_CV142_18;TABELASFISCAIS_SNAPSHOT;2026-08-10T11:41:31.190Z
19.014.00;1901400;3920.20.19;CONFAZ_CV142_18;TABELASFISCAIS_SNAPSHOT;2026-08-10T11:41:31.190Z
19.015.00;1901500;4806.20.00;CONFAZ_CV142_18;TABELASFISCAIS_SNAPSHOT;2026-08-10T11:41:31.190Z
19.016.00;1901600;4808.10.00;CONFAZ_CV142_18;TABELASFISCAIS_SNAPSHOT;2026-08-10T11:41:31.190Z
19.017.00;1901700;4810.22.90;CONFAZ_CV142_18;TABELASFISCAIS_SNAPSHOT;2026-08-10T11:41:31.190Z
19.018.00;1901800;4809;CONFAZ_CV142_18;TABELASFISCAIS_SNAPSHOT;2026-08-10T11:41:31.190Z
19.018.00;1901800;4816;CONFAZ_CV142_18;TABELASFISCAIS_SNAPSHOT;2026-08-10T11:41:31.190Z
19.019.00;1901900;4817;CONFAZ_CV142_18;TABELASFISCAIS_SNAPSHOT;2026-08-10T11:41:31.190Z
19.020.00;1902000;4820.10.00;CONFAZ_CV142_18;TABELASFISCAIS_SNAPSHOT;2026-08-10T11:41:31.190Z
19.021.00;1902100;4820.20.00;CONFAZ_CV142_18;TABELASFISCAIS_SNAPSHOT;2026-08-10T11:41:31.190Z
19.022.00;1902200;4820.30.00;CONFAZ_CV142_18;TABELASFISCAIS_SNAPSHOT;2026-08-10T11:41:31.190Z
19.023.00;1902300;4820.40.00;CONFAZ_CV142_18;TABELASFISCAIS_SNAPSHOT;2026-08-10T11:41:31.190Z
19.024.00;1902400;4820.50.00;CONFAZ_CV142_18;TABELASFISCAIS_SNAPSHOT;2026-08-10T11:41:31.190Z
19.025.00;1902500;4820.90.00;CONFAZ_CV142_18;TABELASFISCAIS_SNAPSHOT;2026-08-10T11:41:31.190Z
19.026.00;1902600;4909.00.00;CONFAZ_CV142_18;TABELASFISCAIS_SNAPSHOT;2026-08-10T11:41:31.190Z
19.027.00;1902700;9608.10.00;CONFAZ_CV142_18;TABELASFISCAIS_SNAPSHOT;2026-08-10T11:41:31.190Z
19.028.00;1902800;9608.20.00;CONFAZ_CV142_18;TABELASFISCAIS_SNAPSHOT;2026-08-10T11:41:31.190Z
19.029.00;1902900;9608.30.00;CONFAZ_CV142_18;TABELASFISCAIS_SNAPSHOT;2026-08-10T11:41:31.190Z
19.030.00;1903000;9608;CONFAZ_CV142_18;TABELASFISCAIS_SNAPSHOT;2026-08-10T11:41:31.190Z
19.031.00;1903100;4802.56;CONFAZ_CV142_18;TABELASFISCAIS_SNAPSHOT;2026-08-10T11:41:31.190Z
19.032.00;1903200;5210.59.90;CONFAZ_CV142_18;TABELASFISCAIS_SNAPSHOT;2026-08-10T11:41:31.190Z
19.033.00;1903300;7607.11.90;CONFAZ_CV142_18;TABELASFISCAIS_SNAPSHOT;2026-08-10T11:41:31.190Z
20.001.00;2000100;1211.90.90;CONFAZ_CV142_18;TABELASFISCAIS_SNAPSHOT;2026-08-10T11:41:31.190Z
20.001.01;2000101;1211.90.90;CONFAZ_CV142_18;TABELASFISCAIS_SNAPSHOT;2026-08-10T11:41:31.190Z
20.002.00;2000200;2712.10.00;CONFAZ_CV142_18;TABELASFISCAIS_SNAPSHOT;2026-08-10T11:41:31.190Z
20.003.00;2000300;2814.20.00;CONFAZ_CV142_18;TABELASFISCAIS_SNAPSHOT;2026-08-10T11:41:31.190Z
20.004.00;2000400;2847.00.00;CONFAZ_CV142_18;TABELASFISCAIS_SNAPSHOT;2026-08-10T11:41:31.190Z
20.005.00;2000500;3006.70.00;CONFAZ_CV142_18;TABELASFISCAIS_SNAPSHOT;2026-08-10T11:41:31.190Z
20.006.00;2000600;3301;CONFAZ_CV142_18;TABELASFISCAIS_SNAPSHOT;2026-08-10T11:41:31.190Z
20.007.00;2000700;3303.00.10;CONFAZ_CV142_18;TABELASFISCAIS_SNAPSHOT;2026-08-10T11:41:31.190Z
20.008.00;2000800;3303.00.20;CONFAZ_CV142_18;TABELASFISCAIS_SNAPSHOT;2026-08-10T11:41:31.190Z
20.009.00;2000900;3304.10.00;CONFAZ_CV142_18;TABELASFISCAIS_SNAPSHOT;2026-08-10T11:41:31.190Z
20.010.00;2001000;3304.20.10;CONFAZ_CV142_18;TABELASFISCAIS_SNAPSHOT;2026-08-10T11:41:31.190Z
20.011.00;2001100;3304.20.90;CONFAZ_CV142_18;TABELASFISCAIS_SNAPSHOT;2026-08-10T11:41:31.190Z
20.012.00;2001200;3304.30.00;CONFAZ_CV142_18;TABELASFISCAIS_SNAPSHOT;2026-08-10T11:41:31.190Z
20.013.00;2001300;3304.91.00;CONFAZ_CV142_18;TABELASFISCAIS_SNAPSHOT;2026-08-10T11:41:31.190Z
20.014.00;2001400;3304.99.10;CONFAZ_CV142_18;TABELASFISCAIS_SNAPSHOT;2026-08-10T11:41:31.190Z
20.015.00;2001500;3304.99.90;CONFAZ_CV142_18;TABELASFISCAIS_SNAPSHOT;2026-08-10T11:41:31.190Z
20.016.00;2001600;3304.99.90;CONFAZ_CV142_18;TABELASFISCAIS_SNAPSHOT;2026-08-10T11:41:31.190Z
20.017.00;2001700;3305.10.00;CONFAZ_CV142_18;TABELASFISCAIS_SNAPSHOT;2026-08-10T11:41:31.190Z
20.018.00;2001800;3305.20.00;CONFAZ_CV142_18;TABELASFISCAIS_SNAPSHOT;2026-08-10T11:41:31.190Z
20.019.00;2001900;3305.30.00;CONFAZ_CV142_18;TABELASFISCAIS_SNAPSHOT;2026-08-10T11:41:31.190Z
20.020.00;2002000;3305.90.00;CONFAZ_CV142_18;TABELASFISCAIS_SNAPSHOT;2026-08-10T11:41:31.190Z
20.021.00;2002100;3305.90.00;CONFAZ_CV142_18;TABELASFISCAIS_SNAPSHOT;2026-08-10T11:41:31.190Z
20.022.00;2002200;3305.90.00;CONFAZ_CV142_18;TABELASFISCAIS_SNAPSHOT;2026-08-10T11:41:31.190Z
20.023.00;2002300;3306.10.00;CONFAZ_CV142_18;TABELASFISCAIS_SNAPSHOT;2026-08-10T11:41:31.190Z
20.024.00;2002400;3306.20.00;CONFAZ_CV142_18;TABELASFISCAIS_SNAPSHOT;2026-08-10T11:41:31.190Z
20.025.00;2002500;3306.90.00;CONFAZ_CV142_18;TABELASFISCAIS_SNAPSHOT;2026-08-10T11:41:31.190Z
20.026.00;2002600;3307.10.00;CONFAZ_CV142_18;TABELASFISCAIS_SNAPSHOT;2026-08-10T11:41:31.190Z
20.027.00;2002700;3307.20.10;CONFAZ_CV142_18;TABELASFISCAIS_SNAPSHOT;2026-08-10T11:41:31.190Z
20.027.01;2002701;3307.20.10;CONFAZ_CV142_18;TABELASFISCAIS_SNAPSHOT;2026-08-10T11:41:31.190Z
20.028.00;2002800;3307.20.10;CONFAZ_CV142_18;TABELASFISCAIS_SNAPSHOT;2026-08-10T11:41:31.190Z
20.029.00;2002900;3307.20.90;CONFAZ_CV142_18;TABELASFISCAIS_SNAPSHOT;2026-08-10T11:41:31.190Z
20.029.01;2002901;3307.20.90;CONFAZ_CV142_18;TABELASFISCAIS_SNAPSHOT;2026-08-10T11:41:31.190Z
20.030.00;2003000;3307.20.90;CONFAZ_CV142_18;TABELASFISCAIS_SNAPSHOT;2026-08-10T11:41:31.190Z
20.031.00;2003100;3307.30.00;CONFAZ_CV142_18;TABELASFISCAIS_SNAPSHOT;2026-08-10T11:41:31.190Z
20.032.00;2003200;3307.90.00;CONFAZ_CV142_18;TABELASFISCAIS_SNAPSHOT;2026-08-10T11:41:31.190Z
20.032.01;2003201;3307.90.00;CONFAZ_CV142_18;TABELASFISCAIS_SNAPSHOT;2026-08-10T11:41:31.190Z
20.033.00;2003300;3307.90.00;CONFAZ_CV142_18;TABELASFISCAIS_SNAPSHOT;2026-08-10T11:41:31.190Z
20.034.00;2003400;3401.11.90;CONFAZ_CV142_18;TABELASFISCAIS_SNAPSHOT;2026-08-10T11:41:31.190Z
20.034.01;2003401;3401.11.90;CONFAZ_CV142_18;TABELASFISCAIS_SNAPSHOT;2026-08-10T11:41:31.190Z
20.035.00;2003500;3401.19.00;CONFAZ_CV142_18;TABELASFISCAIS_SNAPSHOT;2026-08-10T11:41:31.190Z
20.063.00;2006300;3923.30.90;CONFAZ_CV142_18;TABELASFISCAIS_SNAPSHOT;2026-08-10T11:41:31.190Z
20.063.00;2006300;3924.10.00;CONFAZ_CV142_18;TABELASFISCAIS_SNAPSHOT;2026-08-10T11:41:31.190Z
20.063.00;2006300;3924.90.00;CONFAZ_CV142_18;TABELASFISCAIS_SNAPSHOT;2026-08-10T11:41:31.190Z
20.063.00;2006300;4014.90.90;CONFAZ_CV142_18;TABELASFISCAIS_SNAPSHOT;2026-08-10T11:41:31.190Z
20.063.00;2006300;7013;CONFAZ_CV142_18;TABELASFISCAIS_SNAPSHOT;2026-08-10T11:41:31.190Z
20.064.00;2006400;8212.10.20;CONFAZ_CV142_18;TABELASFISCAIS_SNAPSHOT;2026-08-10T11:41:31.190Z
20.064.00;2006400;8212.20.10;CONFAZ_CV142_18;TABELASFISCAIS_SNAPSHOT;2026-08-10T11:41:31.190Z
20.065.00;2006500;5601.21.10;CONFAZ_CV142_18;TABELASFISCAIS_SNAPSHOT;2026-08-10T11:41:31.190Z
21.001.00;2100100;7321.11.00;CONFAZ_CV142_18;TABELASFISCAIS_SNAPSHOT;2026-08-10T11:41:31.190Z
21.001.00;2100100;7321.81.00;CONFAZ_CV142_18;TABELASFISCAIS_SNAPSHOT;2026-08-10T11:41:31.190Z
21.001.00;2100100;7321.90.00;CONFAZ_CV142_18;TABELASFISCAIS_SNAPSHOT;2026-08-10T11:41:31.190Z
21.002.00;2100200;8418.10.00;CONFAZ_CV142_18;TABELASFISCAIS_SNAPSHOT;2026-08-10T11:41:31.190Z
21.003.00;2100300;8418.21.00;CONFAZ_CV142_18;TABELASFISCAIS_SNAPSHOT;2026-08-10T11:41:31.190Z
21.004.00;2100400;8418.29.00;CONFAZ_CV142_18;TABELASFISCAIS_SNAPSHOT;2026-08-10T11:41:31.190Z
21.005.00;2100500;8418.30.00;CONFAZ_CV142_18;TABELASFISCAIS_SNAPSHOT;2026-08-10T11:41:31.190Z
21.006.00;2100600;8418.40.00;CONFAZ_CV142_18;TABELASFISCAIS_SNAPSHOT;2026-08-10T11:41:31.190Z
21.007.00;2100700;8418.50;CONFAZ_CV142_18;TABELASFISCAIS_SNAPSHOT;2026-08-10T11:41:31.190Z
21.008.00;2100800;8418.69.9;CONFAZ_CV142_18;TABELASFISCAIS_SNAPSHOT;2026-08-10T11:41:31.190Z
21.009.00;2100900;8418.69.99;CONFAZ_CV142_18;TABELASFISCAIS_SNAPSHOT;2026-08-10T11:41:31.190Z
21.010.00;2101000;8418.99.00;CONFAZ_CV142_18;TABELASFISCAIS_SNAPSHOT;2026-08-10T11:41:31.190Z
21.011.00;2101100;8421.12;CONFAZ_CV142_18;TABELASFISCAIS_SNAPSHOT;2026-08-10T11:41:31.190Z
21.012.00;2101200;8421.19.90;CONFAZ_CV142_18;TABELASFISCAIS_SNAPSHOT;2026-08-10T11:41:31.190Z
21.013.00;2101300;8418.69.31;CONFAZ_CV142_18;TABELASFISCAIS_SNAPSHOT;2026-08-10T11:41:31.190Z
21.014.00;2101400;8421.9;CONFAZ_CV142_18;TABELASFISCAIS_SNAPSHOT;2026-08-10T11:41:31.190Z
21.015.00;2101500;8422.11.00;CONFAZ_CV142_18;TABELASFISCAIS_SNAPSHOT;2026-08-10T11:41:31.190Z
21.015.00;2101500;8422.90.10;CONFAZ_CV142_18;TABELASFISCAIS_SNAPSHOT;2026-08-10T11:41:31.190Z
21.016.00;2101600;8443.31;CONFAZ_CV142_18;TABELASFISCAIS_SNAPSHOT;2026-08-10T11:41:31.190Z
21.017.00;2101700;8443.32;CONFAZ_CV142_18;TABELASFISCAIS_SNAPSHOT;2026-08-10T11:41:31.190Z
21.018.00;2101800;8443.9;CONFAZ_CV142_18;TABELASFISCAIS_SNAPSHOT;2026-08-10T11:41:31.190Z
21.019.00;2101900;8450.11.00;CONFAZ_CV142_18;TABELASFISCAIS_SNAPSHOT;2026-08-10T11:41:31.190Z
21.020.00;2102000;8450.12.00;CONFAZ_CV142_18;TABELASFISCAIS_SNAPSHOT;2026-08-10T11:41:31.190Z
21.021.00;2102100;8450.19.00;CONFAZ_CV142_18;TABELASFISCAIS_SNAPSHOT;2026-08-10T11:41:31.190Z
21.022.00;2102200;8450.20;CONFAZ_CV142_18;TABELASFISCAIS_SNAPSHOT;2026-08-10T11:41:31.190Z
21.023.00;2102300;8450.90;CONFAZ_CV142_18;TABELASFISCAIS_SNAPSHOT;2026-08-10T11:41:31.190Z
21.024.00;2102400;8451.21.00;CONFAZ_CV142_18;TABELASFISCAIS_SNAPSHOT;2026-08-10T11:41:31.190Z
21.025.00;2102500;8451.29.90;CONFAZ_CV142_18;TABELASFISCAIS_SNAPSHOT;2026-08-10T11:41:31.190Z
21.026.00;2102600;8451.90;CONFAZ_CV142_18;TABELASFISCAIS_SNAPSHOT;2026-08-10T11:41:31.190Z
21.027.00;2102700;8452.10.00;CONFAZ_CV142_18;TABELASFISCAIS_SNAPSHOT;2026-08-10T11:41:31.190Z
21.028.00;2102800;8471.30;CONFAZ_CV142_18;TABELASFISCAIS_SNAPSHOT;2026-08-10T11:41:31.190Z
21.029.00;2102900;8471.4;CONFAZ_CV142_18;TABELASFISCAIS_SNAPSHOT;2026-08-10T11:41:31.190Z
21.030.00;2103000;8471.50.10;CONFAZ_CV142_18;TABELASFISCAIS_SNAPSHOT;2026-08-10T11:41:31.190Z
21.031.00;2103100;8471.60.5;CONFAZ_CV142_18;TABELASFISCAIS_SNAPSHOT;2026-08-10T11:41:31.190Z
21.032.00;2103200;8471.60.90;CONFAZ_CV142_18;TABELASFISCAIS_SNAPSHOT;2026-08-10T11:41:31.190Z
21.033.00;2103300;8471.70;CONFAZ_CV142_18;TABELASFISCAIS_SNAPSHOT;2026-08-10T11:41:31.190Z
21.034.00;2103400;8471.90;CONFAZ_CV142_18;TABELASFISCAIS_SNAPSHOT;2026-08-10T11:41:31.190Z
21.035.00;2103500;8473.30;CONFAZ_CV142_18;TABELASFISCAIS_SNAPSHOT;2026-08-10T11:41:31.190Z
21.036.00;2103600;8504.3;CONFAZ_CV142_18;TABELASFISCAIS_SNAPSHOT;2026-08-10T11:41:31.190Z
21.037.00;2103700;8504.40.10;CONFAZ_CV142_18;TABELASFISCAIS_SNAPSHOT;2026-08-10T11:41:31.190Z
21.038.00;2103800;8504.40.40;CONFAZ_CV142_18;TABELASFISCAIS_SNAPSHOT;2026-08-10T11:41:31.190Z
21.039.00;2103900;8507.80.00;CONFAZ_CV142_18;TABELASFISCAIS_SNAPSHOT;2026-08-10T11:41:31.190Z
21.040.00;2104000;8508;CONFAZ_CV142_18;TABELASFISCAIS_SNAPSHOT;2026-08-10T11:41:31.190Z
21.041.00;2104100;8509;CONFAZ_CV142_18;TABELASFISCAIS_SNAPSHOT;2026-08-10T11:41:31.190Z
21.042.00;2104200;8509.80.10;CONFAZ_CV142_18;TABELASFISCAIS_SNAPSHOT;2026-08-10T11:41:31.190Z
21.043.00;2104300;8516.10.00;CONFAZ_CV142_18;TABELASFISCAIS_SNAPSHOT;2026-08-10T11:41:31.190Z
21.044.00;2104400;8516.40.00;CONFAZ_CV142_18;TABELASFISCAIS_SNAPSHOT;2026-08-10T11:41:31.190Z
21.045.00;2104500;8516.50.00;CONFAZ_CV142_18;TABELASFISCAIS_SNAPSHOT;2026-08-10T11:41:31.190Z
21.046.00;2104600;8516.60.00;CONFAZ_CV142_18;TABELASFISCAIS_SNAPSHOT;2026-08-10T11:41:31.190Z
21.047.00;2104700;8516.60.00;CONFAZ_CV142_18;TABELASFISCAIS_SNAPSHOT;2026-08-10T11:41:31.190Z
21.048.00;2104800;8516.71.00;CONFAZ_CV142_18;TABELASFISCAIS_SNAPSHOT;2026-08-10T11:41:31.190Z
21.049.00;2104900;8516.72.00;CONFAZ_CV142_18;TABELASFISCAIS_SNAPSHOT;2026-08-10T11:41:31.190Z
21.050.00;2105000;8516.79;CONFAZ_CV142_18;TABELASFISCAIS_SNAPSHOT;2026-08-10T11:41:31.190Z
21.051.00;2105100;8516.90.00;CONFAZ_CV142_18;TABELASFISCAIS_SNAPSHOT;2026-08-10T11:41:31.190Z
21.052.00;2105200;8517.11.00;CONFAZ_CV142_18;TABELASFISCAIS_SNAPSHOT;2026-08-10T11:41:31.190Z
21.053.00;2105300;8517.13.00;CONFAZ_CV142_18;TABELASFISCAIS_SNAPSHOT;2026-08-10T11:41:31.190Z
21.053.00;2105300;8517.14.3;CONFAZ_CV142_18;TABELASFISCAIS_SNAPSHOT;2026-08-10T11:41:31.190Z
21.053.01;2105301;8517.13.00;CONFAZ_CV142_18;TABELASFISCAIS_SNAPSHOT;2026-08-10T11:41:31.190Z
21.053.01;2105301;8517.14.31;CONFAZ_CV142_18;TABELASFISCAIS_SNAPSHOT;2026-08-10T11:41:31.190Z
21.054.00;2105400;8517.14;CONFAZ_CV142_18;TABELASFISCAIS_SNAPSHOT;2026-08-10T11:41:31.190Z
21.055.00;2105500;8517.18.30;CONFAZ_CV142_18;TABELASFISCAIS_SNAPSHOT;2026-08-10T11:41:31.190Z
21.055.01;2105501;8517.18.90;CONFAZ_CV142_18;TABELASFISCAIS_SNAPSHOT;2026-08-10T11:41:31.190Z
21.056.00;2105600;8517.62.59;CONFAZ_CV142_18;TABELASFISCAIS_SNAPSHOT;2026-08-10T11:41:31.190Z
21.056.01;2105601;8517.62.54;CONFAZ_CV142_18;TABELASFISCAIS_SNAPSHOT;2026-08-10T11:41:31.190Z
21.056.01;2105601;8517.62.55;CONFAZ_CV142_18;TABELASFISCAIS_SNAPSHOT;2026-08-10T11:41:31.190Z
21.057.00;2105700;8518;CONFAZ_CV142_18;TABELASFISCAIS_SNAPSHOT;2026-08-10T11:41:31.190Z
21.058.00;2105800;8519;CONFAZ_CV142_18;TABELASFISCAIS_SNAPSHOT;2026-08-10T11:41:31.190Z
21.058.00;2105800;8522;CONFAZ_CV142_18;TABELASFISCAIS_SNAPSHOT;2026-08-10T11:41:31.190Z
21.058.00;2105800;8527.1;CONFAZ_CV142_18;TABELASFISCAIS_SNAPSHOT;2026-08-10T11:41:31.190Z
21.059.00;2105900;8519.81.90;CONFAZ_CV142_18;TABELASFISCAIS_SNAPSHOT;2026-08-10T11:41:31.190Z
21.060.00;2106000;8521.90.10;CONFAZ_CV142_18;TABELASFISCAIS_SNAPSHOT;2026-08-10T11:41:31.190Z
21.061.00;2106100;8521.90.90;CONFAZ_CV142_18;TABELASFISCAIS_SNAPSHOT;2026-08-10T11:41:31.190Z
21.062.00;2106200;8523.51.10;CONFAZ_CV142_18;TABELASFISCAIS_SNAPSHOT;2026-08-10T11:41:31.190Z
21.063.00;2106300;8523.52;CONFAZ_CV142_18;TABELASFISCAIS_SNAPSHOT;2026-08-10T11:41:31.190Z
21.064.00;2106400;8523.52;CONFAZ_CV142_18;TABELASFISCAIS_SNAPSHOT;2026-08-10T11:41:31.190Z
21.065.00;2106500;8525.89.2;CONFAZ_CV142_18;TABELASFISCAIS_SNAPSHOT;2026-08-10T11:41:31.190Z
21.066.00;2106600;8527.9;CONFAZ_CV142_18;TABELASFISCAIS_SNAPSHOT;2026-08-10T11:41:31.190Z
21.067.00;2106700;8528.49.90;CONFAZ_CV142_18;TABELASFISCAIS_SNAPSHOT;2026-08-10T11:41:31.190Z
21.067.00;2106700;8528.59.00;CONFAZ_CV142_18;TABELASFISCAIS_SNAPSHOT;2026-08-10T11:41:31.190Z
21.067.00;2106700;8528.69;CONFAZ_CV142_18;TABELASFISCAIS_SNAPSHOT;2026-08-10T11:41:31.190Z
21.067.01;2106701;8528.62.00;CONFAZ_CV142_18;TABELASFISCAIS_SNAPSHOT;2026-08-10T11:41:31.190Z
21.068.00;2106800;8528.52.00;CONFAZ_CV142_18;TABELASFISCAIS_SNAPSHOT;2026-08-10T11:41:31.190Z
21.069.00;2106900;8528.7;CONFAZ_CV142_18;TABELASFISCAIS_SNAPSHOT;2026-08-10T11:41:31.190Z
21.070.00;2107000;8528.7;CONFAZ_CV142_18;TABELASFISCAIS_SNAPSHOT;2026-08-10T11:41:31.190Z
21.071.00;2107100;8528.7;CONFAZ_CV142_18;TABELASFISCAIS_SNAPSHOT;2026-08-10T11:41:31.190Z
21.072.00;2107200;8528.7;CONFAZ_CV142_18;TABELASFISCAIS_SNAPSHOT;2026-08-10T11:41:31.190Z
21.073.00;2107300;8528.7;CONFAZ_CV142_18;TABELASFISCAIS_SNAPSHOT;2026-08-10T11:41:31.190Z
21.074.00;2107400;9006.59;CONFAZ_CV142_18;TABELASFISCAIS_SNAPSHOT;2026-08-10T11:41:31.190Z
21.075.00;2107500;9006.40.00;CONFAZ_CV142_18;TABELASFISCAIS_SNAPSHOT;2026-08-10T11:41:31.190Z
21.076.00;2107600;9018.90.50;CONFAZ_CV142_18;TABELASFISCAIS_SNAPSHOT;2026-08-10T11:41:31.190Z
21.077.00;2107700;9019.10.00;CONFAZ_CV142_18;TABELASFISCAIS_SNAPSHOT;2026-08-10T11:41:31.190Z
21.078.00;2107800;9032.89.11;CONFAZ_CV142_18;TABELASFISCAIS_SNAPSHOT;2026-08-10T11:41:31.190Z
21.079.00;2107900;9504.50.00;CONFAZ_CV142_18;TABELASFISCAIS_SNAPSHOT;2026-08-10T11:41:31.190Z
21.080.00;2108000;8517.62.1;CONFAZ_CV142_18;TABELASFISCAIS_SNAPSHOT;2026-08-10T11:41:31.190Z
21.081.00;2108100;8517.62.29;CONFAZ_CV142_18;TABELASFISCAIS_SNAPSHOT;2026-08-10T11:41:31.190Z
21.082.00;2108200;8517.62.39;CONFAZ_CV142_18;TABELASFISCAIS_SNAPSHOT;2026-08-10T11:41:31.190Z
21.083.00;2108300;8517.62.4;CONFAZ_CV142_18;TABELASFISCAIS_SNAPSHOT;2026-08-10T11:41:31.190Z
21.084.00;2108400;8517.62.62;CONFAZ_CV142_18;TABELASFISCAIS_SNAPSHOT;2026-08-10T11:41:31.190Z
21.085.00;2108500;8517.62.9;CONFAZ_CV142_18;TABELASFISCAIS_SNAPSHOT;2026-08-10T11:41:31.190Z
21.086.00;2108600;8517.71.10;CONFAZ_CV142_18;TABELASFISCAIS_SNAPSHOT;2026-08-10T11:41:31.190Z
21.087.00;2108700;8214.90;CONFAZ_CV142_18;TABELASFISCAIS_SNAPSHOT;2026-08-10T11:41:31.190Z
21.087.00;2108700;8510;CONFAZ_CV142_18;TABELASFISCAIS_SNAPSHOT;2026-08-10T11:41:31.190Z
21.088.00;2108800;8414.5;CONFAZ_CV142_18;TABELASFISCAIS_SNAPSHOT;2026-08-10T11:41:31.190Z
21.088.01;2108801;8414.59.10;CONFAZ_CV142_18;TABELASFISCAIS_SNAPSHOT;2026-08-10T11:41:31.190Z
21.089.00;2108900;8414.59.90;CONFAZ_CV142_18;TABELASFISCAIS_SNAPSHOT;2026-08-10T11:41:31.190Z
21.090.00;2109000;8414.60.00;CONFAZ_CV142_18;TABELASFISCAIS_SNAPSHOT;2026-08-10T11:41:31.190Z
21.091.00;2109100;8414.90.20;CONFAZ_CV142_18;TABELASFISCAIS_SNAPSHOT;2026-08-10T11:41:31.190Z
21.092.00;2109200;8415.10;CONFAZ_CV142_18;TABELASFISCAIS_SNAPSHOT;2026-08-10T11:41:31.190Z
21.092.00;2109200;8415.8;CONFAZ_CV142_18;TABELASFISCAIS_SNAPSHOT;2026-08-10T11:41:31.190Z
21.093.00;2109300;8415.10.11;CONFAZ_CV142_18;TABELASFISCAIS_SNAPSHOT;2026-08-10T11:41:31.190Z
21.094.00;2109400;8415.10.19;CONFAZ_CV142_18;TABELASFISCAIS_SNAPSHOT;2026-08-10T11:41:31.190Z
21.095.00;2109500;8415.10.90;CONFAZ_CV142_18;TABELASFISCAIS_SNAPSHOT;2026-08-10T11:41:31.190Z
21.096.00;2109600;8415.90.10;CONFAZ_CV142_18;TABELASFISCAIS_SNAPSHOT;2026-08-10T11:41:31.190Z
21.097.00;2109700;8415.90.20;CONFAZ_CV142_18;TABELASFISCAIS_SNAPSHOT;2026-08-10T11:41:31.190Z
21.098.00;2109800;8421.21.00;CONFAZ_CV142_18;TABELASFISCAIS_SNAPSHOT;2026-08-10T11:41:31.190Z
21.098.01;2109801;8421.21.00;CONFAZ_CV142_18;TABELASFISCAIS_SNAPSHOT;2026-08-10T11:41:31.190Z
21.099.00;2109900;8424.30.10;CONFAZ_CV142_18;TABELASFISCAIS_SNAPSHOT;2026-08-10T11:41:31.190Z
21.099.00;2109900;8424.30.90;CONFAZ_CV142_18;TABELASFISCAIS_SNAPSHOT;2026-08-10T11:41:31.190Z
21.099.00;2109900;8424.90.90;CONFAZ_CV142_18;TABELASFISCAIS_SNAPSHOT;2026-08-10T11:41:31.190Z
21.100.00;2110000;8467.21.00;CONFAZ_CV142_18;TABELASFISCAIS_SNAPSHOT;2026-08-10T11:41:31.190Z
21.101.00;2110100;8516.2;CONFAZ_CV142_18;TABELASFISCAIS_SNAPSHOT;2026-08-10T11:41:31.190Z
21.102.00;2110200;8516.31.00;CONFAZ_CV142_18;TABELASFISCAIS_SNAPSHOT;2026-08-10T11:41:31.190Z
21.103.00;2110300;8516.32.00;CONFAZ_CV142_18;TABELASFISCAIS_SNAPSHOT;2026-08-10T11:41:31.190Z
21.104.00;2110400;8527;CONFAZ_CV142_18;TABELASFISCAIS_SNAPSHOT;2026-08-10T11:41:31.190Z
21.105.00;2110500;8479.60.00;CONFAZ_CV142_18;TABELASFISCAIS_SNAPSHOT;2026-08-10T11:41:31.190Z
21.106.00;2110600;8415.90.90;CONFAZ_CV142_18;TABELASFISCAIS_SNAPSHOT;2026-08-10T11:41:31.190Z
21.107.00;2110700;8525.89.1;CONFAZ_CV142_18;TABELASFISCAIS_SNAPSHOT;2026-08-10T11:41:31.190Z
21.108.00;2110800;8423.10.00;CONFAZ_CV142_18;TABELASFISCAIS_SNAPSHOT;2026-08-10T11:41:31.190Z
21.109.00;2110900;8540;CONFAZ_CV142_18;TABELASFISCAIS_SNAPSHOT;2026-08-10T11:41:31.190Z
21.110.00;2111000;8517;CONFAZ_CV142_18;TABELASFISCAIS_SNAPSHOT;2026-08-10T11:41:31.190Z
21.111.00;2111100;8517;CONFAZ_CV142_18;TABELASFISCAIS_SNAPSHOT;2026-08-10T11:41:31.190Z
21.112.00;2111200;8529;CONFAZ_CV142_18;TABELASFISCAIS_SNAPSHOT;2026-08-10T11:41:31.190Z
21.113.00;2111300;8531;CONFAZ_CV142_18;TABELASFISCAIS_SNAPSHOT;2026-08-10T11:41:31.190Z
21.114.00;2111400;8531.10;CONFAZ_CV142_18;TABELASFISCAIS_SNAPSHOT;2026-08-10T11:41:31.190Z
21.115.00;2111500;8531.80.00;CONFAZ_CV142_18;TABELASFISCAIS_SNAPSHOT;2026-08-10T11:41:31.190Z
21.116.00;2111600;8534.00;CONFAZ_CV142_18;TABELASFISCAIS_SNAPSHOT;2026-08-10T11:41:31.190Z
21.117.00;2111700;8541.41.11;CONFAZ_CV142_18;TABELASFISCAIS_SNAPSHOT;2026-08-10T11:41:31.190Z
21.117.00;2111700;8541.41.21;CONFAZ_CV142_18;TABELASFISCAIS_SNAPSHOT;2026-08-10T11:41:31.190Z
21.118.00;2111800;8543.70.92;CONFAZ_CV142_18;TABELASFISCAIS_SNAPSHOT;2026-08-10T11:41:31.190Z
21.119.00;2111900;9030.3;CONFAZ_CV142_18;TABELASFISCAIS_SNAPSHOT;2026-08-10T11:41:31.190Z
21.120.00;2112000;9030.89;CONFAZ_CV142_18;TABELASFISCAIS_SNAPSHOT;2026-08-10T11:41:31.190Z
21.121.00;2112100;9107.00;CONFAZ_CV142_18;TABELASFISCAIS_SNAPSHOT;2026-08-10T11:41:31.190Z
21.122.00;2112200;9405;CONFAZ_CV142_18;TABELASFISCAIS_SNAPSHOT;2026-08-10T11:41:31.190Z
21.123.00;2112300;9405.1;CONFAZ_CV142_18;TABELASFISCAIS_SNAPSHOT;2026-08-10T11:41:31.190Z
21.123.00;2112300;9405.9;CONFAZ_CV142_18;TABELASFISCAIS_SNAPSHOT;2026-08-10T11:41:31.190Z
21.124.00;2112400;9405.2;CONFAZ_CV142_18;TABELASFISCAIS_SNAPSHOT;2026-08-10T11:41:31.190Z
21.124.00;2112400;9405.9;CONFAZ_CV142_18;TABELASFISCAIS_SNAPSHOT;2026-08-10T11:41:31.190Z
21.125.00;2112500;9405.4;CONFAZ_CV142_18;TABELASFISCAIS_SNAPSHOT;2026-08-10T11:41:31.190Z
21.125.00;2112500;9405.9;CONFAZ_CV142_18;TABELASFISCAIS_SNAPSHOT;2026-08-10T11:41:31.190Z
21.126.00;2112600;8542.31.90;CONFAZ_CV142_18;TABELASFISCAIS_SNAPSHOT;2026-08-10T11:41:31.190Z
21.127.00;2112700;8517.62.77;CONFAZ_CV142_18;TABELASFISCAIS_SNAPSHOT;2026-08-10T11:41:31.190Z
22.001.00;2200100;2309;CONFAZ_CV142_18;TABELASFISCAIS_SNAPSHOT;2026-08-10T11:41:31.190Z
23.001.00;2300100;2105.00;CONFAZ_CV142_18;TABELASFISCAIS_SNAPSHOT;2026-08-10T11:41:31.190Z
23.002.00;2300200;1806;CONFAZ_CV142_18;TABELASFISCAIS_SNAPSHOT;2026-08-10T11:41:31.190Z
23.002.01;2300201;1901;CONFAZ_CV142_18;TABELASFISCAIS_SNAPSHOT;2026-08-10T11:41:31.190Z
23.002.02;2300202;2106;CONFAZ_CV142_18;TABELASFISCAIS_SNAPSHOT;2026-08-10T11:41:31.190Z
23.002.03;2300203;404;CONFAZ_CV142_18;TABELASFISCAIS_SNAPSHOT;2026-08-10T11:41:31.190Z
24.001.00;2400100;3208;CONFAZ_CV142_18;TABELASFISCAIS_SNAPSHOT;2026-08-10T11:41:31.190Z
24.001.00;2400100;3209;CONFAZ_CV142_18;TABELASFISCAIS_SNAPSHOT;2026-08-10T11:41:31.190Z
24.001.00;2400100;3210.00;CONFAZ_CV142_18;TABELASFISCAIS_SNAPSHOT;2026-08-10T11:41:31.190Z
24.002.00;2400200;2821;CONFAZ_CV142_18;TABELASFISCAIS_SNAPSHOT;2026-08-10T11:41:31.190Z
24.002.00;2400200;3204.17.00;CONFAZ_CV142_18;TABELASFISCAIS_SNAPSHOT;2026-08-10T11:41:31.190Z
24.002.00;2400200;3206;CONFAZ_CV142_18;TABELASFISCAIS_SNAPSHOT;2026-08-10T11:41:31.190Z
24.002.01;2400201;2821;CONFAZ_CV142_18;TABELASFISCAIS_SNAPSHOT;2026-08-10T11:41:31.190Z
24.002.01;2400201;3204.17.00;CONFAZ_CV142_18;TABELASFISCAIS_SNAPSHOT;2026-08-10T11:41:31.190Z
24.002.01;2400201;3206;CONFAZ_CV142_18;TABELASFISCAIS_SNAPSHOT;2026-08-10T11:41:31.190Z
24.003.00;2400300;3204;CONFAZ_CV142_18;TABELASFISCAIS_SNAPSHOT;2026-08-10T11:41:31.190Z
24.003.00;2400300;3205.00.00;CONFAZ_CV142_18;TABELASFISCAIS_SNAPSHOT;2026-08-10T11:41:31.190Z
24.003.00;2400300;3206;CONFAZ_CV142_18;TABELASFISCAIS_SNAPSHOT;2026-08-10T11:41:31.190Z
24.003.00;2400300;3212;CONFAZ_CV142_18;TABELASFISCAIS_SNAPSHOT;2026-08-10T11:41:31.190Z
25.001.00;2500100;8702.10.00;CONFAZ_CV142_18;TABELASFISCAIS_SNAPSHOT;2026-08-10T11:41:31.190Z
25.002.00;2500200;8702.40.90;CONFAZ_CV142_18;TABELASFISCAIS_SNAPSHOT;2026-08-10T11:41:31.190Z
25.003.00;2500300;8703.21.00;CONFAZ_CV142_18;TABELASFISCAIS_SNAPSHOT;2026-08-10T11:41:31.190Z
25.004.00;2500400;8703.22.10;CONFAZ_CV142_18;TABELASFISCAIS_SNAPSHOT;2026-08-10T11:41:31.190Z
25.005.00;2500500;8703.22.90;CONFAZ_CV142_18;TABELASFISCAIS_SNAPSHOT;2026-08-10T11:41:31.190Z
25.006.00;2500600;8703.23.10;CONFAZ_CV142_18;TABELASFISCAIS_SNAPSHOT;2026-08-10T11:41:31.190Z
25.007.00;2500700;8703.23.90;CONFAZ_CV142_18;TABELASFISCAIS_SNAPSHOT;2026-08-10T11:41:31.190Z
25.008.00;2500800;8703.24.10;CONFAZ_CV142_18;TABELASFISCAIS_SNAPSHOT;2026-08-10T11:41:31.190Z
25.009.00;2500900;8703.24.90;CONFAZ_CV142_18;TABELASFISCAIS_SNAPSHOT;2026-08-10T11:41:31.190Z
25.010.00;2501000;8703.32.10;CONFAZ_CV142_18;TABELASFISCAIS_SNAPSHOT;2026-08-10T11:41:31.190Z
25.011.00;2501100;8703.32.90;CONFAZ_CV142_18;TABELASFISCAIS_SNAPSHOT;2026-08-10T11:41:31.190Z
25.012.00;2501200;8703.33.10;CONFAZ_CV142_18;TABELASFISCAIS_SNAPSHOT;2026-08-10T11:41:31.190Z
25.013.00;2501300;8703.33.90;CONFAZ_CV142_18;TABELASFISCAIS_SNAPSHOT;2026-08-10T11:41:31.190Z
25.014.00;2501400;8704.21.10;CONFAZ_CV142_18;TABELASFISCAIS_SNAPSHOT;2026-08-10T11:41:31.190Z
25.015.00;2501500;8704.21.20;CONFAZ_CV142_18;TABELASFISCAIS_SNAPSHOT;2026-08-10T11:41:31.190Z
25.016.00;2501600;8704.21.30;CONFAZ_CV142_18;TABELASFISCAIS_SNAPSHOT;2026-08-10T11:41:31.190Z
25.017.00;2501700;8704.21.90;CONFAZ_CV142_18;TABELASFISCAIS_SNAPSHOT;2026-08-10T11:41:31.190Z
25.018.00;2501800;8704.31.10;CONFAZ_CV142_18;TABELASFISCAIS_SNAPSHOT;2026-08-10T11:41:31.190Z
25.019.00;2501900;8704.31.20;CONFAZ_CV142_18;TABELASFISCAIS_SNAPSHOT;2026-08-10T11:41:31.190Z
25.020.00;2502000;8704.31.30;CONFAZ_CV142_18;TABELASFISCAIS_SNAPSHOT;2026-08-10T11:41:31.190Z
25.021.00;2502100;8704.31.90;CONFAZ_CV142_18;TABELASFISCAIS_SNAPSHOT;2026-08-10T11:41:31.190Z
25.022.00;2502200;8702.20.00;CONFAZ_CV142_18;TABELASFISCAIS_SNAPSHOT;2026-08-10T11:41:31.190Z
25.023.00;2502300;8702.30.00;CONFAZ_CV142_18;TABELASFISCAIS_SNAPSHOT;2026-08-10T11:41:31.190Z
25.024.00;2502400;8702.90.00;CONFAZ_CV142_18;TABELASFISCAIS_SNAPSHOT;2026-08-10T11:41:31.190Z
25.025.00;2502500;8703.40.00;CONFAZ_CV142_18;TABELASFISCAIS_SNAPSHOT;2026-08-10T11:41:31.190Z
25.026.00;2502600;8703.50.00;CONFAZ_CV142_18;TABELASFISCAIS_SNAPSHOT;2026-08-10T11:41:31.190Z
25.027.00;2502700;8703.60.00;CONFAZ_CV142_18;TABELASFISCAIS_SNAPSHOT;2026-08-10T11:41:31.190Z
25.028.00;2502800;8703.70.00;CONFAZ_CV142_18;TABELASFISCAIS_SNAPSHOT;2026-08-10T11:41:31.190Z
25.029.00;2502900;8703.80.00;CONFAZ_CV142_18;TABELASFISCAIS_SNAPSHOT;2026-08-10T11:41:31.190Z
25.030.00;2503000;8704.41.00;CONFAZ_CV142_18;TABELASFISCAIS_SNAPSHOT;2026-08-10T11:41:31.190Z
25.031.00;2503100;8704.51.00;CONFAZ_CV142_18;TABELASFISCAIS_SNAPSHOT;2026-08-10T11:41:31.190Z
26.001.00;2600100;8711;CONFAZ_CV142_18;TABELASFISCAIS_SNAPSHOT;2026-08-10T11:41:31.190Z
26.001.01;2600101;8711;CONFAZ_CV142_18;TABELASFISCAIS_SNAPSHOT;2026-08-10T11:41:31.190Z
28.001.00;2800100;3303.00.10;CONFAZ_CV142_18;TABELASFISCAIS_SNAPSHOT;2026-08-10T11:41:31.190Z
28.002.00;2800200;3303.00.20;CONFAZ_CV142_18;TABELASFISCAIS_SNAPSHOT;2026-08-10T11:41:31.190Z
28.003.00;2800300;3304.10.00;CONFAZ_CV142_18;TABELASFISCAIS_SNAPSHOT;2026-08-10T11:41:31.190Z
28.004.00;2800400;3304.20.10;CONFAZ_CV142_18;TABELASFISCAIS_SNAPSHOT;2026-08-10T11:41:31.190Z
28.005.00;2800500;3304.20.90;CONFAZ_CV142_18;TABELASFISCAIS_SNAPSHOT;2026-08-10T11:41:31.190Z
28.006.00;2800600;3304.30.00;CONFAZ_CV142_18;TABELASFISCAIS_SNAPSHOT;2026-08-10T11:41:31.190Z
28.007.00;2800700;3304.91.00;CONFAZ_CV142_18;TABELASFISCAIS_SNAPSHOT;2026-08-10T11:41:31.190Z
28.008.00;2800800;3304.99.10;CONFAZ_CV142_18;TABELASFISCAIS_SNAPSHOT;2026-08-10T11:41:31.190Z
28.009.00;2800900;3304.99.90;CONFAZ_CV142_18;TABELASFISCAIS_SNAPSHOT;2026-08-10T11:41:31.190Z
28.010.00;2801000;3304.99.90;CONFAZ_CV142_18;TABELASFISCAIS_SNAPSHOT;2026-08-10T11:41:31.190Z
28.011.00;2801100;3305.10.00;CONFAZ_CV142_18;TABELASFISCAIS_SNAPSHOT;2026-08-10T11:41:31.190Z
28.012.00;2801200;3305.20.00;CONFAZ_CV142_18;TABELASFISCAIS_SNAPSHOT;2026-08-10T11:41:31.190Z
28.013.00;2801300;3305.90.00;CONFAZ_CV142_18;TABELASFISCAIS_SNAPSHOT;2026-08-10T11:41:31.190Z
28.014.00;2801400;3305.90.00;CONFAZ_CV142_18;TABELASFISCAIS_SNAPSHOT;2026-08-10T11:41:31.190Z
28.015.00;2801500;3307.10.00;CONFAZ_CV142_18;TABELASFISCAIS_SNAPSHOT;2026-08-10T11:41:31.190Z
28.016.00;2801600;3307.20.10;CONFAZ_CV142_18;TABELASFISCAIS_SNAPSHOT;2026-08-10T11:41:31.190Z
28.016.01;2801601;3307.20.10;CONFAZ_CV142_18;TABELASFISCAIS_SNAPSHOT;2026-08-10T11:41:31.190Z
28.016.02;2801602;3307.20.10;CONFAZ_CV142_18;TABELASFISCAIS_SNAPSHOT;2026-08-10T11:41:31.190Z
28.017.00;2801700;3307.20.90;CONFAZ_CV142_18;TABELASFISCAIS_SNAPSHOT;2026-08-10T11:41:31.190Z
28.017.01;2801701;3307.20.90;CONFAZ_CV142_18;TABELASFISCAIS_SNAPSHOT;2026-08-10T11:41:31.190Z
28.017.02;2801702;3307.20.90;CONFAZ_CV142_18;TABELASFISCAIS_SNAPSHOT;2026-08-10T11:41:31.190Z
28.018.00;2801800;3307.90.00;CONFAZ_CV142_18;TABELASFISCAIS_SNAPSHOT;2026-08-10T11:41:31.190Z
28.019.00;2801900;3307.90.00;CONFAZ_CV142_18;TABELASFISCAIS_SNAPSHOT;2026-08-10T11:41:31.190Z
28.020.00;2802000;3401.11.90;CONFAZ_CV142_18;TABELASFISCAIS_SNAPSHOT;2026-08-10T11:41:31.190Z
28.020.01;2802001;3401.11.90;CONFAZ_CV142_18;TABELASFISCAIS_SNAPSHOT;2026-08-10T11:41:31.190Z
28.021.00;2802100;3401.19.00;CONFAZ_CV142_18;TABELASFISCAIS_SNAPSHOT;2026-08-10T11:41:31.190Z
28.022.00;2802200;3401.20.10;CONFAZ_CV142_18;TABELASFISCAIS_SNAPSHOT;2026-08-10T11:41:31.190Z
28.023.00;2802300;3401.30.00;CONFAZ_CV142_18;TABELASFISCAIS_SNAPSHOT;2026-08-10T11:41:31.190Z
28.024.00;2802400;4818.20.00;CONFAZ_CV142_18;TABELASFISCAIS_SNAPSHOT;2026-08-10T11:41:31.190Z
28.024.01;2802401;4818.20.00;CONFAZ_CV142_18;TABELASFISCAIS_SNAPSHOT;2026-08-10T11:41:31.190Z
28.025.00;2802500;8214.10.00;CONFAZ_CV142_18;TABELASFISCAIS_SNAPSHOT;2026-08-10T11:41:31.190Z
28.025.01;2802501;8214.10.00;CONFAZ_CV142_18;TABELASFISCAIS_SNAPSHOT;2026-08-10T11:41:31.190Z
28.025.02;2802502;8214.10.00;CONFAZ_CV142_18;TABELASFISCAIS_SNAPSHOT;2026-08-10T11:41:31.190Z
28.026.00;2802600;8214.20.00;CONFAZ_CV142_18;TABELASFISCAIS_SNAPSHOT;2026-08-10T11:41:31.190Z
28.027.00;2802700;9603.29.00;CONFAZ_CV142_18;TABELASFISCAIS_SNAPSHOT;2026-08-10T11:41:31.190Z
28.027.01;2802701;9603.29.00;CONFAZ_CV142_18;TABELASFISCAIS_SNAPSHOT;2026-08-10T11:41:31.190Z
28.028.00;2802800;9603.30.00;CONFAZ_CV142_18;TABELASFISCAIS_SNAPSHOT;2026-08-10T11:41:31.190Z
28.028.01;2802801;9603.30.00;CONFAZ_CV142_18;TABELASFISCAIS_SNAPSHOT;2026-08-10T11:41:31.190Z
28.029.00;2802900;9616.10.00;CONFAZ_CV142_18;TABELASFISCAIS_SNAPSHOT;2026-08-10T11:41:31.190Z
28.030.00;2803000;9616.20.00;CONFAZ_CV142_18;TABELASFISCAIS_SNAPSHOT;2026-08-10T11:41:31.190Z
28.031.00;2803100;4202.1;CONFAZ_CV142_18;TABELASFISCAIS_SNAPSHOT;2026-08-10T11:41:31.190Z
28.032.00;2803200;9615;CONFAZ_CV142_18;TABELASFISCAIS_SNAPSHOT;2026-08-10T11:41:31.190Z
28.033.00;2803300;3923.30.90;CONFAZ_CV142_18;TABELASFISCAIS_SNAPSHOT;2026-08-10T11:41:31.190Z
28.033.00;2803300;3924.10.00;CONFAZ_CV142_18;TABELASFISCAIS_SNAPSHOT;2026-08-10T11:41:31.190Z
28.033.00;2803300;3924.90.00;CONFAZ_CV142_18;TABELASFISCAIS_SNAPSHOT;2026-08-10T11:41:31.190Z
28.033.00;2803300;4014.90.90;CONFAZ_CV142_18;TABELASFISCAIS_SNAPSHOT;2026-08-10T11:41:31.190Z
28.033.00;2803300;7013;CONFAZ_CV142_18;TABELASFISCAIS_SNAPSHOT;2026-08-10T11:41:31.190Z
28.034.00;2803400;4014.90.90;CONFAZ_CV142_18;TABELASFISCAIS_SNAPSHOT;2026-08-10T11:41:31.190Z
28.035.00;2803500;1211.90.90;CONFAZ_CV142_18;TABELASFISCAIS_SNAPSHOT;2026-08-10T11:41:31.190Z
28.036.00;2803600;3926.20.00;CONFAZ_CV142_18;TABELASFISCAIS_SNAPSHOT;2026-08-10T11:41:31.190Z
28.037.00;2803700;3926.40.00;CONFAZ_CV142_18;TABELASFISCAIS_SNAPSHOT;2026-08-10T11:41:31.190Z
28.038.00;2803800;3926.90.90;CONFAZ_CV142_18;TABELASFISCAIS_SNAPSHOT;2026-08-10T11:41:31.190Z
28.039.00;2803900;4202.22.10;CONFAZ_CV142_18;TABELASFISCAIS_SNAPSHOT;2026-08-10T11:41:31.190Z
28.040.00;2804000;4202.22.20;CONFAZ_CV142_18;TABELASFISCAIS_SNAPSHOT;2026-08-10T11:41:31.190Z
28.041.00;2804100;4202.29.00;CONFAZ_CV142_18;TABELASFISCAIS_SNAPSHOT;2026-08-10T11:41:31.190Z
28.042.00;2804200;4202.39.00;CONFAZ_CV142_18;TABELASFISCAIS_SNAPSHOT;2026-08-10T11:41:31.190Z
28.043.00;2804300;4202.92.00;CONFAZ_CV142_18;TABELASFISCAIS_SNAPSHOT;2026-08-10T11:41:31.190Z
28.044.00;2804400;4202.99.00;CONFAZ_CV142_18;TABELASFISCAIS_SNAPSHOT;2026-08-10T11:41:31.190Z
28.045.00;2804500;4819.20.00;CONFAZ_CV142_18;TABELASFISCAIS_SNAPSHOT;2026-08-10T11:41:31.190Z
28.046.00;2804600;4819.40.00;CONFAZ_CV142_18;TABELASFISCAIS_SNAPSHOT;2026-08-10T11:41:31.190Z
28.047.00;2804700;4821.10.00;CONFAZ_CV142_18;TABELASFISCAIS_SNAPSHOT;2026-08-10T11:41:31.190Z
28.048.00;2804800;4911.10.90;CONFAZ_CV142_18;TABELASFISCAIS_SNAPSHOT;2026-08-10T11:41:31.190Z
28.049.00;2804900;6115.99.00;CONFAZ_CV142_18;TABELASFISCAIS_SNAPSHOT;2026-08-10T11:41:31.190Z
28.050.00;2805000;6217.10.00;CONFAZ_CV142_18;TABELASFISCAIS_SNAPSHOT;2026-08-10T11:41:31.190Z
28.051.00;2805100;6302.60.00;CONFAZ_CV142_18;TABELASFISCAIS_SNAPSHOT;2026-08-10T11:41:31.190Z
28.052.00;2805200;6307.90.90;CONFAZ_CV142_18;TABELASFISCAIS_SNAPSHOT;2026-08-10T11:41:31.190Z
28.053.00;2805300;6506.99.00;CONFAZ_CV142_18;TABELASFISCAIS_SNAPSHOT;2026-08-10T11:41:31.190Z
28.054.00;2805400;9505.90.00;CONFAZ_CV142_18;TABELASFISCAIS_SNAPSHOT;2026-08-10T11:41:31.190Z
