cest;cest_normalizado;descricao;segmento;status;vigencia_inicio;vigencia_fim;authority_source_id;ingestion_source_id;snapshot_gerado_em
01.001.00;0100100;Catalisadores em colmeia cerâmica ou metálica para conversão catalítica de gases de escape de veículos e outros catalisadores;01. Autopeças;VIGENTE_SNAPSHOT;;;CONFAZ_CV142_18;TABELASFISCAIS_SNAPSHOT;2026-08-31T11:34:07.624Z
01.002.00;0100200;Tubos e seus acessórios (por exemplo, juntas, cotovelos, flanges, uniões), de plásticos;01. Autopeças;VIGENTE_SNAPSHOT;;;CONFAZ_CV142_18;TABELASFISCAIS_SNAPSHOT;2026-08-31T11:34:07.624Z
01.003.00;0100300;Protetores de caçamba;01. Autopeças;VIGENTE_SNAPSHOT;;;CONFAZ_CV142_18;TABELASFISCAIS_SNAPSHOT;2026-08-31T11:34:07.624Z
01.004.00;0100400;Reservatórios de óleo;01. Autopeças;VIGENTE_SNAPSHOT;;;CONFAZ_CV142_18;TABELASFISCAIS_SNAPSHOT;2026-08-31T11:34:07.624Z
01.005.00;0100500;Frisos, decalques, molduras e acabamentos;01. Autopeças;VIGENTE_SNAPSHOT;;;CONFAZ_CV142_18;TABELASFISCAIS_SNAPSHOT;2026-08-31T11:34:07.624Z
01.006.00;0100600;Correias de transmissão de borracha vulcanizada, de matérias têxteis, mesmo impregnadas, revestidas ou recobertas, de plástico, ou estratificadas com plástico ou reforçadas com metal ou com outras matérias;01. Autopeças;VIGENTE_SNAPSHOT;;;CONFAZ_CV142_18;TABELASFISCAIS_SNAPSHOT;2026-08-31T11:34:07.624Z
01.007.00;0100700;Juntas, gaxetas e outros elementos com função semelhante de vedação;01. Autopeças;VIGENTE_SNAPSHOT;;;CONFAZ_CV142_18;TABELASFISCAIS_SNAPSHOT;2026-08-31T11:34:07.624Z
01.008.00;0100800;Partes de veículos automóveis, tratores e máquinas autopropulsadas;01. Autopeças;VIGENTE_SNAPSHOT;;;CONFAZ_CV142_18;TABELASFISCAIS_SNAPSHOT;2026-08-31T11:34:07.624Z
01.009.00;0100900;Tapetes, revestimentos, mesmo confeccionados, batentes, buchas e coxins;01. Autopeças;VIGENTE_SNAPSHOT;;;CONFAZ_CV142_18;TABELASFISCAIS_SNAPSHOT;2026-08-31T11:34:07.624Z
01.010.00;0101000;Tecidos impregnados, revestidos, recobertos ou estratificados, com plástico;01. Autopeças;VIGENTE_SNAPSHOT;;;CONFAZ_CV142_18;TABELASFISCAIS_SNAPSHOT;2026-08-31T11:34:07.624Z
01.011.00;0101100;Mangueiras e tubos semelhantes, de matérias têxteis, mesmo com reforço ou acessórios de outras matérias;01. Autopeças;VIGENTE_SNAPSHOT;;;CONFAZ_CV142_18;TABELASFISCAIS_SNAPSHOT;2026-08-31T11:34:07.624Z
01.012.00;0101200;Encerados e toldos;01. Autopeças;VIGENTE_SNAPSHOT;;;CONFAZ_CV142_18;TABELASFISCAIS_SNAPSHOT;2026-08-31T11:34:07.624Z
01.013.00;0101300;Capacetes e artefatos de uso semelhante, de proteção, para uso em motocicletas, incluídos ciclomotores;01. Autopeças;VIGENTE_SNAPSHOT;;;CONFAZ_CV142_18;TABELASFISCAIS_SNAPSHOT;2026-08-31T11:34:07.624Z
01.014.00;0101400;Guarnições de fricção (por exemplo, placas, rolos, tiras, segmentos, discos, anéis, pastilhas), não montadas, para freios, embreagens ou qualquer outro mecanismo de fricção, à base de amianto, de outras substâncias minerais ou de celulose, mesmo combinadas com têxteis ou outras matérias;01. Autopeças;VIGENTE_SNAPSHOT;;;CONFAZ_CV142_18;TABELASFISCAIS_SNAPSHOT;2026-08-31T11:34:07.624Z
01.015.00;0101500;Vidros de dimensões e formatos que permitam aplicação automotiva;01. Autopeças;VIGENTE_SNAPSHOT;;;CONFAZ_CV142_18;TABELASFISCAIS_SNAPSHOT;2026-08-31T11:34:07.624Z
01.016.00;0101600;Espelhos retrovisores;01. Autopeças;VIGENTE_SNAPSHOT;;;CONFAZ_CV142_18;TABELASFISCAIS_SNAPSHOT;2026-08-31T11:34:07.624Z
01.017.00;0101700;Lentes de faróis, lanternas e outros utensílios;01. Autopeças;VIGENTE_SNAPSHOT;;;CONFAZ_CV142_18;TABELASFISCAIS_SNAPSHOT;2026-08-31T11:34:07.624Z
01.018.00;0101800;Cilindro de aço para GNV (gás natural veicular);01. Autopeças;VIGENTE_SNAPSHOT;;;CONFAZ_CV142_18;TABELASFISCAIS_SNAPSHOT;2026-08-31T11:34:07.624Z
01.019.00;0101900;Recipientes para gases comprimidos ou liquefeitos, de ferro fundido, ferro ou aço, exceto o descrito no item 18.0;01. Autopeças;VIGENTE_SNAPSHOT;;;CONFAZ_CV142_18;TABELASFISCAIS_SNAPSHOT;2026-08-31T11:34:07.624Z
01.020.00;0102000;Molas e folhas de molas, de ferro ou aço;01. Autopeças;VIGENTE_SNAPSHOT;;;CONFAZ_CV142_18;TABELASFISCAIS_SNAPSHOT;2026-08-31T11:34:07.624Z
01.021.00;0102100;Obras moldadas, de ferro fundido, ferro ou aço, exceto as do código 7325.91.00;01. Autopeças;VIGENTE_SNAPSHOT;;;CONFAZ_CV142_18;TABELASFISCAIS_SNAPSHOT;2026-08-31T11:34:07.624Z
01.022.00;0102200;Peso de chumbo para balanceamento de roda;01. Autopeças;VIGENTE_SNAPSHOT;;;CONFAZ_CV142_18;TABELASFISCAIS_SNAPSHOT;2026-08-31T11:34:07.624Z
01.023.00;0102300;Peso para balanceamento de roda e outros utensílios de estanho;01. Autopeças;VIGENTE_SNAPSHOT;;;CONFAZ_CV142_18;TABELASFISCAIS_SNAPSHOT;2026-08-31T11:34:07.624Z
01.024.00;0102400;Fechaduras e partes de fechaduras;01. Autopeças;VIGENTE_SNAPSHOT;;;CONFAZ_CV142_18;TABELASFISCAIS_SNAPSHOT;2026-08-31T11:34:07.624Z
01.025.00;0102500;Chaves apresentadas isoladamente;01. Autopeças;VIGENTE_SNAPSHOT;;;CONFAZ_CV142_18;TABELASFISCAIS_SNAPSHOT;2026-08-31T11:34:07.624Z
01.026.00;0102600;Dobradiças, guarnições, ferragens e artigos semelhantes de metais comuns;01. Autopeças;VIGENTE_SNAPSHOT;;;CONFAZ_CV142_18;TABELASFISCAIS_SNAPSHOT;2026-08-31T11:34:07.624Z
01.027.00;0102700;Triângulo de segurança;01. Autopeças;VIGENTE_SNAPSHOT;;;CONFAZ_CV142_18;TABELASFISCAIS_SNAPSHOT;2026-08-31T11:34:07.624Z
01.028.00;0102800;Motores de pistão alternativo dos tipos utilizados para propulsão de veículos do Capítulo 87;01. Autopeças;VIGENTE_SNAPSHOT;;;CONFAZ_CV142_18;TABELASFISCAIS_SNAPSHOT;2026-08-31T11:34:07.624Z
01.029.00;0102900;Motores dos tipos utilizados para propulsão de veículos automotores;01. Autopeças;VIGENTE_SNAPSHOT;;;CONFAZ_CV142_18;TABELASFISCAIS_SNAPSHOT;2026-08-31T11:34:07.624Z
01.030.00;0103000;Partes reconhecíveis como exclusiva ou principalmente destinadas aos motores das posições 8407 ou 8408;01. Autopeças;VIGENTE_SNAPSHOT;;;CONFAZ_CV142_18;TABELASFISCAIS_SNAPSHOT;2026-08-31T11:34:07.624Z
01.031.00;0103100;Motores hidráulicos;01. Autopeças;VIGENTE_SNAPSHOT;;;CONFAZ_CV142_18;TABELASFISCAIS_SNAPSHOT;2026-08-31T11:34:07.624Z
01.032.00;0103200;Bombas para combustíveis, lubrificantes ou líquidos de arrefecimento, próprias para motores de ignição por centelha ou por compressão;01. Autopeças;VIGENTE_SNAPSHOT;;;CONFAZ_CV142_18;TABELASFISCAIS_SNAPSHOT;2026-08-31T11:34:07.624Z
01.033.00;0103300;Bombas de vácuo;01. Autopeças;VIGENTE_SNAPSHOT;;;CONFAZ_CV142_18;TABELASFISCAIS_SNAPSHOT;2026-08-31T11:34:07.624Z
01.034.00;0103400;Compressores e turbocompressores de ar;01. Autopeças;VIGENTE_SNAPSHOT;;;CONFAZ_CV142_18;TABELASFISCAIS_SNAPSHOT;2026-08-31T11:34:07.624Z
01.035.00;0103500;Partes das bombas, compressores e turbocompressores dos CEST 01.032.00, 01.033.00 e 01.034.00;01. Autopeças;VIGENTE_SNAPSHOT;;;CONFAZ_CV142_18;TABELASFISCAIS_SNAPSHOT;2026-08-31T11:34:07.624Z
01.036.00;0103600;Máquinas e aparelhos de ar condicionado;01. Autopeças;VIGENTE_SNAPSHOT;;;CONFAZ_CV142_18;TABELASFISCAIS_SNAPSHOT;2026-08-31T11:34:07.624Z
01.037.00;0103700;Aparelhos para filtrar óleos minerais nos motores de ignição por centelha ou por compressão;01. Autopeças;VIGENTE_SNAPSHOT;;;CONFAZ_CV142_18;TABELASFISCAIS_SNAPSHOT;2026-08-31T11:34:07.624Z
01.038.00;0103800;Filtros a vácuo;01. Autopeças;VIGENTE_SNAPSHOT;;;CONFAZ_CV142_18;TABELASFISCAIS_SNAPSHOT;2026-08-31T11:34:07.624Z
01.039.00;0103900;Partes dos aparelhos para filtrar ou depurar líquidos ou gases;01. Autopeças;VIGENTE_SNAPSHOT;;;CONFAZ_CV142_18;TABELASFISCAIS_SNAPSHOT;2026-08-31T11:34:07.624Z
01.040.00;0104000;Extintores, mesmo carregados;01. Autopeças;VIGENTE_SNAPSHOT;;;CONFAZ_CV142_18;TABELASFISCAIS_SNAPSHOT;2026-08-31T11:34:07.624Z
01.041.00;0104100;Filtros de entrada de ar para motores de ignição por centelha ou por compressão;01. Autopeças;VIGENTE_SNAPSHOT;;;CONFAZ_CV142_18;TABELASFISCAIS_SNAPSHOT;2026-08-31T11:34:07.624Z
01.042.00;0104200;Depuradores por conversão catalítica de gases de escape;01. Autopeças;VIGENTE_SNAPSHOT;;;CONFAZ_CV142_18;TABELASFISCAIS_SNAPSHOT;2026-08-31T11:34:07.624Z
01.043.00;0104300;Macacos;01. Autopeças;VIGENTE_SNAPSHOT;;;CONFAZ_CV142_18;TABELASFISCAIS_SNAPSHOT;2026-08-31T11:34:07.624Z
01.044.00;0104400;Partes para macacos do CEST 01.043.00;01. Autopeças;VIGENTE_SNAPSHOT;;;CONFAZ_CV142_18;TABELASFISCAIS_SNAPSHOT;2026-08-31T11:34:07.624Z
01.045.00;0104500;Partes reconhecíveis como exclusiva ou principalmente destinadas às máquinas agrícolas ou rodoviárias;01. Autopeças;VIGENTE_SNAPSHOT;;;CONFAZ_CV142_18;TABELASFISCAIS_SNAPSHOT;2026-08-31T11:34:07.624Z
01.045.01;0104501;Partes reconhecíveis como exclusiva ou principalmente destinadas às máquinas agrícolas ou rodoviárias;01. Autopeças;VIGENTE_SNAPSHOT;;;CONFAZ_CV142_18;TABELASFISCAIS_SNAPSHOT;2026-08-31T11:34:07.624Z
01.046.00;0104600;Válvulas redutoras de pressão;01. Autopeças;VIGENTE_SNAPSHOT;;;CONFAZ_CV142_18;TABELASFISCAIS_SNAPSHOT;2026-08-31T11:34:07.624Z
01.047.00;0104700;Válvulas para transmissão óleo-hidráulicas ou pneumáticas;01. Autopeças;VIGENTE_SNAPSHOT;;;CONFAZ_CV142_18;TABELASFISCAIS_SNAPSHOT;2026-08-31T11:34:07.624Z
01.048.00;0104800;Válvulas solenoides;01. Autopeças;VIGENTE_SNAPSHOT;;;CONFAZ_CV142_18;TABELASFISCAIS_SNAPSHOT;2026-08-31T11:34:07.624Z
01.049.00;0104900;Rolamentos;01. Autopeças;VIGENTE_SNAPSHOT;;;CONFAZ_CV142_18;TABELASFISCAIS_SNAPSHOT;2026-08-31T11:34:07.624Z
01.050.00;0105000;Árvores de transmissão (incluídas as árvores de cames e virabrequins) e manivelas, mancais e bronzes, engrenagens e rodas de fricção, eixos de esferas ou de roletes, redutores, multiplicadores, caixas de transmissão e variadores de velocidade, incluídos os conversores de torque, volantes e polias, incluídas as polias para cadernais, embreagens e dispositivos de acoplamento, incluídas as juntas de articulação;01. Autopeças;VIGENTE_SNAPSHOT;;;CONFAZ_CV142_18;TABELASFISCAIS_SNAPSHOT;2026-08-31T11:34:07.624Z
01.051.00;0105100;Juntas metaloplásticas, jogos ou sortidos de juntas de composições diferentes, apresentados em bolsas, envelopes ou embalagens semelhantes, juntas de vedação mecânicas (selos mecânicos);01. Autopeças;VIGENTE_SNAPSHOT;;;CONFAZ_CV142_18;TABELASFISCAIS_SNAPSHOT;2026-08-31T11:34:07.624Z
01.052.00;0105200;Acoplamentos, embreagens, variadores de velocidade e freios, eletromagnéticos;01. Autopeças;VIGENTE_SNAPSHOT;;;CONFAZ_CV142_18;TABELASFISCAIS_SNAPSHOT;2026-08-31T11:34:07.624Z
01.053.00;0105300;Acumuladores elétricos de chumbo, do tipo utilizado para o arranque dos motores de pistão, exceto os classificados no CEST 01.053.01;01. Autopeças;VIGENTE_SNAPSHOT;;;CONFAZ_CV142_18;TABELASFISCAIS_SNAPSHOT;2026-08-31T11:34:07.624Z
01.053.01;0105301;Acumuladores elétricos de chumbo, do tipo utilizado para o arranque dos motores de pistão e de capacidade inferior ou igual a 20 Ah e tensão inferior ou igual a 12 V;01. Autopeças;VIGENTE_SNAPSHOT;;;CONFAZ_CV142_18;TABELASFISCAIS_SNAPSHOT;2026-08-31T11:34:07.624Z
01.054.00;0105400;Aparelhos e dispositivos elétricos de ignição ou de arranque para motores de ignição por centelha ou por compressão (por exemplo, magnetos, dínamos-magnetos, bobinas de ignição, velas de ignição ou de aquecimento, motores de arranque) - geradores (dínamos e alternadores, por exemplo) e conjuntores-disjuntores utilizados com estes motores;01. Autopeças;VIGENTE_SNAPSHOT;;;CONFAZ_CV142_18;TABELASFISCAIS_SNAPSHOT;2026-08-31T11:34:07.624Z
01.055.00;0105500;Aparelhos elétricos de iluminação ou de sinalização (exceto os da posição 8539), limpadores de para-brisas, degeladores e desembaçadores (desembaciadores) elétricos e suas partes;01. Autopeças;VIGENTE_SNAPSHOT;;;CONFAZ_CV142_18;TABELASFISCAIS_SNAPSHOT;2026-08-31T11:34:07.624Z
01.056.00;0105600;Telefones móveis do tipo dos utilizados em veículos automóveis;01. Autopeças;VIGENTE_SNAPSHOT;;;CONFAZ_CV142_18;TABELASFISCAIS_SNAPSHOT;2026-08-31T11:34:07.624Z
01.057.00;0105700;Alto-falantes, amplificadores elétricos de audiofrequência e partes;01. Autopeças;VIGENTE_SNAPSHOT;;;CONFAZ_CV142_18;TABELASFISCAIS_SNAPSHOT;2026-08-31T11:34:07.624Z
01.058.00;0105800;Aparelhos elétricos de amplificação de som para veículos automotores;01. Autopeças;VIGENTE_SNAPSHOT;;;CONFAZ_CV142_18;TABELASFISCAIS_SNAPSHOT;2026-08-31T11:34:07.624Z
01.059.00;0105900;Aparelhos de reprodução de som;01. Autopeças;VIGENTE_SNAPSHOT;;;CONFAZ_CV142_18;TABELASFISCAIS_SNAPSHOT;2026-08-31T11:34:07.624Z
01.060.00;0106000;Aparelhos transmissores (emissores) de radiotelefonia ou radiotelegrafia (rádio receptor/transmissor);01. Autopeças;VIGENTE_SNAPSHOT;;;CONFAZ_CV142_18;TABELASFISCAIS_SNAPSHOT;2026-08-31T11:34:07.624Z
01.061.00;0106100;Aparelhos receptores de radiodifusão que só funcionem com fonte externa de energia combinados com um aparelho de gravação ou de reprodução de som, do tipo utilizado em veículos automóveis;01. Autopeças;VIGENTE_SNAPSHOT;;;CONFAZ_CV142_18;TABELASFISCAIS_SNAPSHOT;2026-08-31T11:34:07.624Z
01.062.00;0106200;Outros aparelhos receptores de radiodifusão que só funcionem com fonte externa de energia, do tipo utilizado em veículos automóveis;01. Autopeças;VIGENTE_SNAPSHOT;;;CONFAZ_CV142_18;TABELASFISCAIS_SNAPSHOT;2026-08-31T11:34:07.624Z
01.062.01;0106201;Outros aparelhos videofônicos de gravação ou de reprodução, mesmo incorporando um receptor de sinais videofônicos, dos tipos utilizados exclusivamente em veículos automotores;01. Autopeças;VIGENTE_SNAPSHOT;;;CONFAZ_CV142_18;TABELASFISCAIS_SNAPSHOT;2026-08-31T11:34:07.624Z
01.063.00;0106300;Antenas;01. Autopeças;VIGENTE_SNAPSHOT;;;CONFAZ_CV142_18;TABELASFISCAIS_SNAPSHOT;2026-08-31T11:34:07.624Z
01.064.00;0106400;Circuitos impressos;01. Autopeças;VIGENTE_SNAPSHOT;;;CONFAZ_CV142_18;TABELASFISCAIS_SNAPSHOT;2026-08-31T11:34:07.624Z
01.065.00;0106500;Interruptores e seccionadores e comutadores;01. Autopeças;VIGENTE_SNAPSHOT;;;CONFAZ_CV142_18;TABELASFISCAIS_SNAPSHOT;2026-08-31T11:34:07.624Z
01.066.00;0106600;Fusíveis e corta-circuitos de fusíveis;01. Autopeças;VIGENTE_SNAPSHOT;;;CONFAZ_CV142_18;TABELASFISCAIS_SNAPSHOT;2026-08-31T11:34:07.624Z
01.067.00;0106700;Disjuntores;01. Autopeças;VIGENTE_SNAPSHOT;;;CONFAZ_CV142_18;TABELASFISCAIS_SNAPSHOT;2026-08-31T11:34:07.624Z
01.068.00;0106800;Relés;01. Autopeças;VIGENTE_SNAPSHOT;;;CONFAZ_CV142_18;TABELASFISCAIS_SNAPSHOT;2026-08-31T11:34:07.624Z
01.069.00;0106900;Partes reconhecíveis como exclusivas ou principalmente destinados aos aparelhos dos CEST 01.065.00, 01.066.00, 01.067.00 e 01.068.00;01. Autopeças;VIGENTE_SNAPSHOT;;;CONFAZ_CV142_18;TABELASFISCAIS_SNAPSHOT;2026-08-31T11:34:07.624Z
01.070.00;0107000;Faróis e projetores, em unidades seladas;01. Autopeças;VIGENTE_SNAPSHOT;;;CONFAZ_CV142_18;TABELASFISCAIS_SNAPSHOT;2026-08-31T11:34:07.624Z
01.071.00;0107100;Lâmpadas e tubos de incandescência, exceto de raios ultravioleta ou infravermelhos;01. Autopeças;VIGENTE_SNAPSHOT;;;CONFAZ_CV142_18;TABELASFISCAIS_SNAPSHOT;2026-08-31T11:34:07.624Z
01.072.00;0107200;Cabos coaxiais e outros condutores elétricos coaxiais;01. Autopeças;VIGENTE_SNAPSHOT;;;CONFAZ_CV142_18;TABELASFISCAIS_SNAPSHOT;2026-08-31T11:34:07.624Z
01.073.00;0107300;Jogos de fios para velas de ignição e outros jogos de fios;01. Autopeças;VIGENTE_SNAPSHOT;;;CONFAZ_CV142_18;TABELASFISCAIS_SNAPSHOT;2026-08-31T11:34:07.624Z
01.074.00;0107400;Carroçarias para os veículos automóveis das posições 8701 a 8705, incluídas as cabinas;01. Autopeças;VIGENTE_SNAPSHOT;;;CONFAZ_CV142_18;TABELASFISCAIS_SNAPSHOT;2026-08-31T11:34:07.624Z
01.075.00;0107500;Partes e acessórios dos veículos automóveis das posições 8701 a 8705;01. Autopeças;VIGENTE_SNAPSHOT;;;CONFAZ_CV142_18;TABELASFISCAIS_SNAPSHOT;2026-08-31T11:34:07.624Z
01.076.00;0107600;Parte e acessórios de motocicletas (incluídos os ciclomotores);01. Autopeças;VIGENTE_SNAPSHOT;;;CONFAZ_CV142_18;TABELASFISCAIS_SNAPSHOT;2026-08-31T11:34:07.624Z
01.077.00;0107700;Engates para reboques e semirreboques;01. Autopeças;VIGENTE_SNAPSHOT;;;CONFAZ_CV142_18;TABELASFISCAIS_SNAPSHOT;2026-08-31T11:34:07.624Z
01.078.00;0107800;Medidores de nível - Medidores de vazão;01. Autopeças;VIGENTE_SNAPSHOT;;;CONFAZ_CV142_18;TABELASFISCAIS_SNAPSHOT;2026-08-31T11:34:07.624Z
01.079.00;0107900;Aparelhos para medida ou controle da pressão;01. Autopeças;VIGENTE_SNAPSHOT;;;CONFAZ_CV142_18;TABELASFISCAIS_SNAPSHOT;2026-08-31T11:34:07.624Z
01.080.00;0108000;Contadores, indicadores de velocidade e tacômetros, suas partes e acessórios;01. Autopeças;VIGENTE_SNAPSHOT;;;CONFAZ_CV142_18;TABELASFISCAIS_SNAPSHOT;2026-08-31T11:34:07.624Z
01.081.00;0108100;Amperímetros;01. Autopeças;VIGENTE_SNAPSHOT;;;CONFAZ_CV142_18;TABELASFISCAIS_SNAPSHOT;2026-08-31T11:34:07.624Z
01.082.00;0108200;Aparelhos digitais, de uso em veículos automóveis, para medida e indicação de múltiplas grandezas tais como: velocidade média, consumos instantâneo e médio e autonomia (computador de bordo);01. Autopeças;VIGENTE_SNAPSHOT;;;CONFAZ_CV142_18;TABELASFISCAIS_SNAPSHOT;2026-08-31T11:34:07.624Z
01.083.00;0108300;Controladores eletrônicos;01. Autopeças;VIGENTE_SNAPSHOT;;;CONFAZ_CV142_18;TABELASFISCAIS_SNAPSHOT;2026-08-31T11:34:07.624Z
01.084.00;0108400;Relógios para painéis de instrumentos e relógios semelhantes;01. Autopeças;VIGENTE_SNAPSHOT;;;CONFAZ_CV142_18;TABELASFISCAIS_SNAPSHOT;2026-08-31T11:34:07.624Z
01.085.00;0108500;Assentos e partes de assentos;01. Autopeças;VIGENTE_SNAPSHOT;;;CONFAZ_CV142_18;TABELASFISCAIS_SNAPSHOT;2026-08-31T11:34:07.624Z
01.086.00;0108600;Acendedores;01. Autopeças;VIGENTE_SNAPSHOT;;;CONFAZ_CV142_18;TABELASFISCAIS_SNAPSHOT;2026-08-31T11:34:07.624Z
01.087.00;0108700;Tubos de borracha vulcanizada não endurecida, mesmo providos de seus acessórios;01. Autopeças;VIGENTE_SNAPSHOT;;;CONFAZ_CV142_18;TABELASFISCAIS_SNAPSHOT;2026-08-31T11:34:07.624Z
01.088.00;0108800;Juntas de vedação de cortiça natural e de amianto;01. Autopeças;VIGENTE_SNAPSHOT;;;CONFAZ_CV142_18;TABELASFISCAIS_SNAPSHOT;2026-08-31T11:34:07.624Z
01.089.00;0108900;Papel-diagrama para tacógrafo, em disco;01. Autopeças;VIGENTE_SNAPSHOT;;;CONFAZ_CV142_18;TABELASFISCAIS_SNAPSHOT;2026-08-31T11:34:07.624Z
01.090.00;0109000;Fitas, tiras, adesivos, autocolantes, de plástico, refletores, mesmo em rolos - placas metálicas com película de plástico refletora, próprias para colocação em carrocerias, para-choques de veículos de carga, motocicletas, ciclomotores, capacetes, bonés de agentes de trânsito e de condutores de veículos, atuando como dispositivos refletivos de segurança rodoviários;01. Autopeças;VIGENTE_SNAPSHOT;;;CONFAZ_CV142_18;TABELASFISCAIS_SNAPSHOT;2026-08-31T11:34:07.624Z
01.091.00;0109100;Cilindros pneumáticos;01. Autopeças;VIGENTE_SNAPSHOT;;;CONFAZ_CV142_18;TABELASFISCAIS_SNAPSHOT;2026-08-31T11:34:07.624Z
01.092.00;0109200;Bomba elétrica de lavador de para-brisa;01. Autopeças;VIGENTE_SNAPSHOT;;;CONFAZ_CV142_18;TABELASFISCAIS_SNAPSHOT;2026-08-31T11:34:07.624Z
01.093.00;0109300;Bomba de assistência de direção hidráulica;01. Autopeças;VIGENTE_SNAPSHOT;;;CONFAZ_CV142_18;TABELASFISCAIS_SNAPSHOT;2026-08-31T11:34:07.624Z
01.094.00;0109400;Motoventiladores;01. Autopeças;VIGENTE_SNAPSHOT;;;CONFAZ_CV142_18;TABELASFISCAIS_SNAPSHOT;2026-08-31T11:34:07.624Z
01.095.00;0109500;Filtros de pólen do ar-condicionado;01. Autopeças;VIGENTE_SNAPSHOT;;;CONFAZ_CV142_18;TABELASFISCAIS_SNAPSHOT;2026-08-31T11:34:07.624Z
01.096.00;0109600;Máquina de vidro elétrico de porta;01. Autopeças;VIGENTE_SNAPSHOT;;;CONFAZ_CV142_18;TABELASFISCAIS_SNAPSHOT;2026-08-31T11:34:07.624Z
01.097.00;0109700;Motor de limpador de para-brisa;01. Autopeças;VIGENTE_SNAPSHOT;;;CONFAZ_CV142_18;TABELASFISCAIS_SNAPSHOT;2026-08-31T11:34:07.624Z
01.098.00;0109800;Bobinas de reatância e de autoindução;01. Autopeças;VIGENTE_SNAPSHOT;;;CONFAZ_CV142_18;TABELASFISCAIS_SNAPSHOT;2026-08-31T11:34:07.624Z
01.099.00;0109900;Baterias de chumbo e de níquel-cádmio;01. Autopeças;VIGENTE_SNAPSHOT;;;CONFAZ_CV142_18;TABELASFISCAIS_SNAPSHOT;2026-08-31T11:34:07.624Z
01.100.00;0110000;Aparelhos de sinalização acústica (buzina);01. Autopeças;VIGENTE_SNAPSHOT;;;CONFAZ_CV142_18;TABELASFISCAIS_SNAPSHOT;2026-08-31T11:34:07.624Z
01.101.00;0110100;Instrumentos para regulação de grandezas não elétricas;01. Autopeças;VIGENTE_SNAPSHOT;;;CONFAZ_CV142_18;TABELASFISCAIS_SNAPSHOT;2026-08-31T11:34:07.624Z
01.102.00;0110200;Analisadores de gases ou de fumaça (sonda lambda);01. Autopeças;VIGENTE_SNAPSHOT;;;CONFAZ_CV142_18;TABELASFISCAIS_SNAPSHOT;2026-08-31T11:34:07.624Z
01.103.00;0110300;Perfilados de borracha vulcanizada não endurecida;01. Autopeças;VIGENTE_SNAPSHOT;;;CONFAZ_CV142_18;TABELASFISCAIS_SNAPSHOT;2026-08-31T11:34:07.624Z
01.104.00;0110400;Artefatos de pasta de fibra de uso automotivo;01. Autopeças;VIGENTE_SNAPSHOT;;;CONFAZ_CV142_18;TABELASFISCAIS_SNAPSHOT;2026-08-31T11:34:07.624Z
01.105.00;0110500;Tapetes/carpetes – náilon;01. Autopeças;VIGENTE_SNAPSHOT;;;CONFAZ_CV142_18;TABELASFISCAIS_SNAPSHOT;2026-08-31T11:34:07.624Z
01.107.00;0110700;Forração interior capacete;01. Autopeças;VIGENTE_SNAPSHOT;;;CONFAZ_CV142_18;TABELASFISCAIS_SNAPSHOT;2026-08-31T11:34:07.624Z
01.108.00;0110800;Outros para-brisas;01. Autopeças;VIGENTE_SNAPSHOT;;;CONFAZ_CV142_18;TABELASFISCAIS_SNAPSHOT;2026-08-31T11:34:07.624Z
01.109.00;0110900;Moldura com espelho;01. Autopeças;VIGENTE_SNAPSHOT;;;CONFAZ_CV142_18;TABELASFISCAIS_SNAPSHOT;2026-08-31T11:34:07.624Z
01.111.00;0111100;Corrente transmissão;01. Autopeças;VIGENTE_SNAPSHOT;;;CONFAZ_CV142_18;TABELASFISCAIS_SNAPSHOT;2026-08-31T11:34:07.624Z
01.112.00;0111200;Outras correntes de transmissão;01. Autopeças;VIGENTE_SNAPSHOT;;;CONFAZ_CV142_18;TABELASFISCAIS_SNAPSHOT;2026-08-31T11:34:07.624Z
01.113.00;0111300;Condensador tubular metálico;01. Autopeças;VIGENTE_SNAPSHOT;;;CONFAZ_CV142_18;TABELASFISCAIS_SNAPSHOT;2026-08-31T11:34:07.624Z
01.114.00;0111400;Trocadores de calor;01. Autopeças;VIGENTE_SNAPSHOT;;;CONFAZ_CV142_18;TABELASFISCAIS_SNAPSHOT;2026-08-31T11:34:07.624Z
01.115.00;0111500;Partes de aparelhos mecânicos de pulverizar ou dispersar;01. Autopeças;VIGENTE_SNAPSHOT;;;CONFAZ_CV142_18;TABELASFISCAIS_SNAPSHOT;2026-08-31T11:34:07.624Z
01.116.00;0111600;Macacos manuais para veículos;01. Autopeças;VIGENTE_SNAPSHOT;;;CONFAZ_CV142_18;TABELASFISCAIS_SNAPSHOT;2026-08-31T11:34:07.624Z
01.117.00;0111700;Caçambas, pás, ganchos e tenazes para máquinas rodoviárias;01. Autopeças;VIGENTE_SNAPSHOT;;;CONFAZ_CV142_18;TABELASFISCAIS_SNAPSHOT;2026-08-31T11:34:07.624Z
01.118.00;0111800;Geradores de corrente alternada de potência não superior a 75 kva;01. Autopeças;VIGENTE_SNAPSHOT;;;CONFAZ_CV142_18;TABELASFISCAIS_SNAPSHOT;2026-08-31T11:34:07.624Z
01.119.00;0111900;Aparelhos elétricos para alarme de uso automotivo;01. Autopeças;VIGENTE_SNAPSHOT;;;CONFAZ_CV142_18;TABELASFISCAIS_SNAPSHOT;2026-08-31T11:34:07.624Z
01.120.00;0112000;Bússolas;01. Autopeças;VIGENTE_SNAPSHOT;;;CONFAZ_CV142_18;TABELASFISCAIS_SNAPSHOT;2026-08-31T11:34:07.624Z
01.121.00;0112100;Indicadores de temperatura;01. Autopeças;VIGENTE_SNAPSHOT;;;CONFAZ_CV142_18;TABELASFISCAIS_SNAPSHOT;2026-08-31T11:34:07.624Z
01.122.00;0112200;Partes de indicadores de temperatura;01. Autopeças;VIGENTE_SNAPSHOT;;;CONFAZ_CV142_18;TABELASFISCAIS_SNAPSHOT;2026-08-31T11:34:07.624Z
01.123.00;0112300;Partes de aparelhos de medida ou controle;01. Autopeças;VIGENTE_SNAPSHOT;;;CONFAZ_CV142_18;TABELASFISCAIS_SNAPSHOT;2026-08-31T11:34:07.624Z
01.124.00;0112400;Termostatos;01. Autopeças;VIGENTE_SNAPSHOT;;;CONFAZ_CV142_18;TABELASFISCAIS_SNAPSHOT;2026-08-31T11:34:07.624Z
01.125.00;0112500;Instrumentos e aparelhos para regulação;01. Autopeças;VIGENTE_SNAPSHOT;;;CONFAZ_CV142_18;TABELASFISCAIS_SNAPSHOT;2026-08-31T11:34:07.624Z
01.126.00;0112600;Pressostatos;01. Autopeças;VIGENTE_SNAPSHOT;;;CONFAZ_CV142_18;TABELASFISCAIS_SNAPSHOT;2026-08-31T11:34:07.624Z
01.127.00;0112700;Peças para reboques e semirreboques, exceto os itens classificados no CEST 01.077.00;01. Autopeças;VIGENTE_SNAPSHOT;;;CONFAZ_CV142_18;TABELASFISCAIS_SNAPSHOT;2026-08-31T11:34:07.624Z
01.128.00;0112800;Geradores de ar quente a combustível líquido, com capacidade superior ou igual a 1.500 kcal/h, mas inferior ou igual a 10.400 kcal/h, do tipo dos utilizados em veículos automóveis;01. Autopeças;VIGENTE_SNAPSHOT;;;CONFAZ_CV142_18;TABELASFISCAIS_SNAPSHOT;2026-08-31T11:34:07.624Z
01.999.00;0199900;01. Autopeças;;VIGENTE_SNAPSHOT;;;CONFAZ_CV142_18;TABELASFISCAIS_SNAPSHOT;2026-08-31T11:34:07.624Z
02.001.00;0200100;Aperitivos, amargos, bitter e similares;02. Bebidas alcoólicas, exceto cerveja e chope;VIGENTE_SNAPSHOT;;;CONFAZ_CV142_18;TABELASFISCAIS_SNAPSHOT;2026-08-31T11:34:07.624Z
02.002.00;0200200;Batida e similares;02. Bebidas alcoólicas, exceto cerveja e chope;VIGENTE_SNAPSHOT;;;CONFAZ_CV142_18;TABELASFISCAIS_SNAPSHOT;2026-08-31T11:34:07.624Z
02.003.00;0200300;Bebida ice;02. Bebidas alcoólicas, exceto cerveja e chope;VIGENTE_SNAPSHOT;;;CONFAZ_CV142_18;TABELASFISCAIS_SNAPSHOT;2026-08-31T11:34:07.624Z
02.004.00;0200400;Cachaça e aguardentes;02. Bebidas alcoólicas, exceto cerveja e chope;VIGENTE_SNAPSHOT;;;CONFAZ_CV142_18;TABELASFISCAIS_SNAPSHOT;2026-08-31T11:34:07.624Z
02.005.00;0200500;Catuaba e similares;02. Bebidas alcoólicas, exceto cerveja e chope;VIGENTE_SNAPSHOT;;;CONFAZ_CV142_18;TABELASFISCAIS_SNAPSHOT;2026-08-31T11:34:07.624Z
02.006.00;0200600;Conhaque, brandy e similares;02. Bebidas alcoólicas, exceto cerveja e chope;VIGENTE_SNAPSHOT;;;CONFAZ_CV142_18;TABELASFISCAIS_SNAPSHOT;2026-08-31T11:34:07.624Z
02.007.00;0200700;Cooler;02. Bebidas alcoólicas, exceto cerveja e chope;VIGENTE_SNAPSHOT;;;CONFAZ_CV142_18;TABELASFISCAIS_SNAPSHOT;2026-08-31T11:34:07.624Z
02.008.00;0200800;Gim (gin) e genebra;02. Bebidas alcoólicas, exceto cerveja e chope;VIGENTE_SNAPSHOT;;;CONFAZ_CV142_18;TABELASFISCAIS_SNAPSHOT;2026-08-31T11:34:07.624Z
02.009.00;0200900;Jurubeba e similares;02. Bebidas alcoólicas, exceto cerveja e chope;VIGENTE_SNAPSHOT;;;CONFAZ_CV142_18;TABELASFISCAIS_SNAPSHOT;2026-08-31T11:34:07.624Z
02.010.00;0201000;Licores e similares;02. Bebidas alcoólicas, exceto cerveja e chope;VIGENTE_SNAPSHOT;;;CONFAZ_CV142_18;TABELASFISCAIS_SNAPSHOT;2026-08-31T11:34:07.624Z
02.011.00;0201100;Pisco;02. Bebidas alcoólicas, exceto cerveja e chope;VIGENTE_SNAPSHOT;;;CONFAZ_CV142_18;TABELASFISCAIS_SNAPSHOT;2026-08-31T11:34:07.624Z
02.012.00;0201200;Rum;02. Bebidas alcoólicas, exceto cerveja e chope;VIGENTE_SNAPSHOT;;;CONFAZ_CV142_18;TABELASFISCAIS_SNAPSHOT;2026-08-31T11:34:07.624Z
02.013.00;0201300;Saquê;02. Bebidas alcoólicas, exceto cerveja e chope;VIGENTE_SNAPSHOT;;;CONFAZ_CV142_18;TABELASFISCAIS_SNAPSHOT;2026-08-31T11:34:07.624Z
02.014.00;0201400;Steinhaeger;02. Bebidas alcoólicas, exceto cerveja e chope;VIGENTE_SNAPSHOT;;;CONFAZ_CV142_18;TABELASFISCAIS_SNAPSHOT;2026-08-31T11:34:07.624Z
02.015.00;0201500;Tequila;02. Bebidas alcoólicas, exceto cerveja e chope;VIGENTE_SNAPSHOT;;;CONFAZ_CV142_18;TABELASFISCAIS_SNAPSHOT;2026-08-31T11:34:07.624Z
02.016.00;0201600;Uísque;02. Bebidas alcoólicas, exceto cerveja e chope;VIGENTE_SNAPSHOT;;;CONFAZ_CV142_18;TABELASFISCAIS_SNAPSHOT;2026-08-31T11:34:07.624Z
02.017.00;0201700;Vermute e similares;02. Bebidas alcoólicas, exceto cerveja e chope;VIGENTE_SNAPSHOT;;;CONFAZ_CV142_18;TABELASFISCAIS_SNAPSHOT;2026-08-31T11:34:07.624Z
02.018.00;0201800;Vodka;02. Bebidas alcoólicas, exceto cerveja e chope;VIGENTE_SNAPSHOT;;;CONFAZ_CV142_18;TABELASFISCAIS_SNAPSHOT;2026-08-31T11:34:07.624Z
02.019.00;0201900;Derivados de vodka;02. Bebidas alcoólicas, exceto cerveja e chope;VIGENTE_SNAPSHOT;;;CONFAZ_CV142_18;TABELASFISCAIS_SNAPSHOT;2026-08-31T11:34:07.624Z
02.020.00;0202000;Arak;02. Bebidas alcoólicas, exceto cerveja e chope;VIGENTE_SNAPSHOT;;;CONFAZ_CV142_18;TABELASFISCAIS_SNAPSHOT;2026-08-31T11:34:07.624Z
02.021.00;0202100;Aguardente vínica / grappa;02. Bebidas alcoólicas, exceto cerveja e chope;VIGENTE_SNAPSHOT;;;CONFAZ_CV142_18;TABELASFISCAIS_SNAPSHOT;2026-08-31T11:34:07.624Z
02.022.00;0202200;Sidra e similares;02. Bebidas alcoólicas, exceto cerveja e chope;VIGENTE_SNAPSHOT;;;CONFAZ_CV142_18;TABELASFISCAIS_SNAPSHOT;2026-08-31T11:34:07.624Z
02.023.00;0202300;Sangrias e coquetéis;02. Bebidas alcoólicas, exceto cerveja e chope;VIGENTE_SNAPSHOT;;;CONFAZ_CV142_18;TABELASFISCAIS_SNAPSHOT;2026-08-31T11:34:07.624Z
02.024.00;0202400;Vinhos de uvas frescas, incluindo os vinhos enriquecidos com álcool - mostos de uvas.;02. Bebidas alcoólicas, exceto cerveja e chope;VIGENTE_SNAPSHOT;;;CONFAZ_CV142_18;TABELASFISCAIS_SNAPSHOT;2026-08-31T11:34:07.624Z
02.999.00;0299900;Outras bebidas alcoólicas não especificadas nos itens anteriores;02. Bebidas alcoólicas, exceto cerveja e chope;VIGENTE_SNAPSHOT;;;CONFAZ_CV142_18;TABELASFISCAIS_SNAPSHOT;2026-08-31T11:34:07.624Z
03.003.00;0300300;Água mineral, gasosa ou não, ou potável, naturais, em embalagem de vidro descartável;03. Cervejas, chopes, refrigerantes, águas e outras bebidas;VIGENTE_SNAPSHOT;;;CONFAZ_CV142_18;TABELASFISCAIS_SNAPSHOT;2026-08-31T11:34:07.624Z
03.003.01;0300301;Água mineral, gasosa ou não, ou potável, naturais, adicionadas de sais, em embalagem de vidro descartável;03. Cervejas, chopes, refrigerantes, águas e outras bebidas;VIGENTE_SNAPSHOT;;;CONFAZ_CV142_18;TABELASFISCAIS_SNAPSHOT;2026-08-31T11:34:07.624Z
03.005.00;0300500;Água mineral, gasosa ou não, ou potável, naturais, em copo plástico descartável;03. Cervejas, chopes, refrigerantes, águas e outras bebidas;VIGENTE_SNAPSHOT;;;CONFAZ_CV142_18;TABELASFISCAIS_SNAPSHOT;2026-08-31T11:34:07.624Z
03.005.01;0300501;Água mineral, gasosa ou não, ou potável, naturais, adicionadas de sais, em copo plástico descartável;03. Cervejas, chopes, refrigerantes, águas e outras bebidas;VIGENTE_SNAPSHOT;;;CONFAZ_CV142_18;TABELASFISCAIS_SNAPSHOT;2026-08-31T11:34:07.624Z
03.005.02;0300502;Água mineral, gasosa ou não, ou potável, naturais, em jarra descartável;03. Cervejas, chopes, refrigerantes, águas e outras bebidas;VIGENTE_SNAPSHOT;;;CONFAZ_CV142_18;TABELASFISCAIS_SNAPSHOT;2026-08-31T11:34:07.624Z
03.005.03;0300503;Água mineral, gasosa ou não, ou potável, naturais, adicionadas de sais, em jarra descartável;03. Cervejas, chopes, refrigerantes, águas e outras bebidas;VIGENTE_SNAPSHOT;;;CONFAZ_CV142_18;TABELASFISCAIS_SNAPSHOT;2026-08-31T11:34:07.624Z
03.005.04;0300504;Água mineral, gasosa ou não, ou potável, naturais, em demais embalagens descartáveis;03. Cervejas, chopes, refrigerantes, águas e outras bebidas;VIGENTE_SNAPSHOT;;;CONFAZ_CV142_18;TABELASFISCAIS_SNAPSHOT;2026-08-31T11:34:07.624Z
03.005.05;0300505;Água mineral, gasosa ou não, ou potável, naturais, adicionadas de sais, em demais embalagens descartáveis;03. Cervejas, chopes, refrigerantes, águas e outras bebidas;VIGENTE_SNAPSHOT;;;CONFAZ_CV142_18;TABELASFISCAIS_SNAPSHOT;2026-08-31T11:34:07.624Z
03.006.00;0300600;Outras águas minerais, gasosa ou não, ou potável, naturais - exceto as classificadas no CEST 03.003.00, 03.003.01, 03.005.00, 03.005.01 a 03.005.05, 03.024.00 e 03.025.00;03. Cervejas, chopes, refrigerantes, águas e outras bebidas;VIGENTE_SNAPSHOT;;;CONFAZ_CV142_18;TABELASFISCAIS_SNAPSHOT;2026-08-31T11:34:07.624Z
03.007.00;0300700;Água aromatizada artificialmente, exceto os refrescos e refrigerantes;03. Cervejas, chopes, refrigerantes, águas e outras bebidas;VIGENTE_SNAPSHOT;;;CONFAZ_CV142_18;TABELASFISCAIS_SNAPSHOT;2026-08-31T11:34:07.624Z
03.008.00;0300800;Outras águas minerais, gasosa ou não, ou potável, naturais, inclusive gaseificadas ou aromatizadas artificialmente, exceto os refrescos e refrigerantes;03. Cervejas, chopes, refrigerantes, águas e outras bebidas;VIGENTE_SNAPSHOT;;;CONFAZ_CV142_18;TABELASFISCAIS_SNAPSHOT;2026-08-31T11:34:07.624Z
03.010.00;0301000;Refrigerante em vidro descartável;03. Cervejas, chopes, refrigerantes, águas e outras bebidas;VIGENTE_SNAPSHOT;;;CONFAZ_CV142_18;TABELASFISCAIS_SNAPSHOT;2026-08-31T11:34:07.624Z
03.010.01;0301001;Refrigerante em embalagem pet;03. Cervejas, chopes, refrigerantes, águas e outras bebidas;VIGENTE_SNAPSHOT;;;CONFAZ_CV142_18;TABELASFISCAIS_SNAPSHOT;2026-08-31T11:34:07.624Z
03.010.02;0301002;Refrigerante em lata;03. Cervejas, chopes, refrigerantes, águas e outras bebidas;VIGENTE_SNAPSHOT;;;CONFAZ_CV142_18;TABELASFISCAIS_SNAPSHOT;2026-08-31T11:34:07.624Z
03.011.00;0301100;Demais refrigerantes, exceto os classificados no CEST 03.010.00, 03.010.01, 03.010.02 e 03.011.01;03. Cervejas, chopes, refrigerantes, águas e outras bebidas;VIGENTE_SNAPSHOT;;;CONFAZ_CV142_18;TABELASFISCAIS_SNAPSHOT;2026-08-31T11:34:07.624Z
03.011.01;0301101;Espumantes sem álcool;03. Cervejas, chopes, refrigerantes, águas e outras bebidas;VIGENTE_SNAPSHOT;;;CONFAZ_CV142_18;TABELASFISCAIS_SNAPSHOT;2026-08-31T11:34:07.624Z
03.012.00;0301200;Xarope ou extrato concentrado destinados ao preparo de refrigerante em máquina pré-mix ou post-mix, exceto o classificado no CEST 03.012.01;03. Cervejas, chopes, refrigerantes, águas e outras bebidas;VIGENTE_SNAPSHOT;;;CONFAZ_CV142_18;TABELASFISCAIS_SNAPSHOT;2026-08-31T11:34:07.624Z
03.012.01;0301201;Cápsula de refrigerante;03. Cervejas, chopes, refrigerantes, águas e outras bebidas;VIGENTE_SNAPSHOT;;;CONFAZ_CV142_18;TABELASFISCAIS_SNAPSHOT;2026-08-31T11:34:07.624Z
03.013.00;0301300;Bebidas energéticas em lata;03. Cervejas, chopes, refrigerantes, águas e outras bebidas;VIGENTE_SNAPSHOT;;;CONFAZ_CV142_18;TABELASFISCAIS_SNAPSHOT;2026-08-31T11:34:07.624Z
03.013.01;0301301;Bebidas energéticas em embalagem PET;03. Cervejas, chopes, refrigerantes, águas e outras bebidas;VIGENTE_SNAPSHOT;;;CONFAZ_CV142_18;TABELASFISCAIS_SNAPSHOT;2026-08-31T11:34:07.624Z
03.013.02;0301302;Bebidas energéticas em vidro;03. Cervejas, chopes, refrigerantes, águas e outras bebidas;VIGENTE_SNAPSHOT;;;CONFAZ_CV142_18;TABELASFISCAIS_SNAPSHOT;2026-08-31T11:34:07.624Z
03.015.00;0301500;Bebidas hidroeletrolíticas;03. Cervejas, chopes, refrigerantes, águas e outras bebidas;VIGENTE_SNAPSHOT;;;CONFAZ_CV142_18;TABELASFISCAIS_SNAPSHOT;2026-08-31T11:34:07.624Z
03.021.00;0302100;Cerveja em garrafa de vidro retornável;03. Cervejas, chopes, refrigerantes, águas e outras bebidas;VIGENTE_SNAPSHOT;;;CONFAZ_CV142_18;TABELASFISCAIS_SNAPSHOT;2026-08-31T11:34:07.624Z
03.021.01;0302101;Cerveja em garrafa de vidro descartável;03. Cervejas, chopes, refrigerantes, águas e outras bebidas;VIGENTE_SNAPSHOT;;;CONFAZ_CV142_18;TABELASFISCAIS_SNAPSHOT;2026-08-31T11:34:07.624Z
03.021.02;0302102;Cerveja em garrafa de alumínio;03. Cervejas, chopes, refrigerantes, águas e outras bebidas;VIGENTE_SNAPSHOT;;;CONFAZ_CV142_18;TABELASFISCAIS_SNAPSHOT;2026-08-31T11:34:07.624Z
03.021.03;0302103;Cerveja em lata;03. Cervejas, chopes, refrigerantes, águas e outras bebidas;VIGENTE_SNAPSHOT;;;CONFAZ_CV142_18;TABELASFISCAIS_SNAPSHOT;2026-08-31T11:34:07.624Z
03.021.04;0302104;Cerveja em barril;03. Cervejas, chopes, refrigerantes, águas e outras bebidas;VIGENTE_SNAPSHOT;;;CONFAZ_CV142_18;TABELASFISCAIS_SNAPSHOT;2026-08-31T11:34:07.624Z
03.021.05;0302105;Cerveja em embalagem PET;03. Cervejas, chopes, refrigerantes, águas e outras bebidas;VIGENTE_SNAPSHOT;;;CONFAZ_CV142_18;TABELASFISCAIS_SNAPSHOT;2026-08-31T11:34:07.624Z
03.021.06;0302106;Cerveja em outras embalagens;03. Cervejas, chopes, refrigerantes, águas e outras bebidas;VIGENTE_SNAPSHOT;;;CONFAZ_CV142_18;TABELASFISCAIS_SNAPSHOT;2026-08-31T11:34:07.624Z
03.022.00;0302200;Cerveja sem álcool em garrafa de vidro retornável;03. Cervejas, chopes, refrigerantes, águas e outras bebidas;VIGENTE_SNAPSHOT;;;CONFAZ_CV142_18;TABELASFISCAIS_SNAPSHOT;2026-08-31T11:34:07.624Z
03.022.01;0302201;Cerveja sem álcool em garrafa de vidro descartável;03. Cervejas, chopes, refrigerantes, águas e outras bebidas;VIGENTE_SNAPSHOT;;;CONFAZ_CV142_18;TABELASFISCAIS_SNAPSHOT;2026-08-31T11:34:07.624Z
03.022.02;0302202;Cerveja sem álcool em garrafa de alumínio;03. Cervejas, chopes, refrigerantes, águas e outras bebidas;VIGENTE_SNAPSHOT;;;CONFAZ_CV142_18;TABELASFISCAIS_SNAPSHOT;2026-08-31T11:34:07.624Z
03.022.03;0302203;Cerveja sem álcool em lata;03. Cervejas, chopes, refrigerantes, águas e outras bebidas;VIGENTE_SNAPSHOT;;;CONFAZ_CV142_18;TABELASFISCAIS_SNAPSHOT;2026-08-31T11:34:07.624Z
03.022.04;0302204;Cerveja sem álcool em barril;03. Cervejas, chopes, refrigerantes, águas e outras bebidas;VIGENTE_SNAPSHOT;;;CONFAZ_CV142_18;TABELASFISCAIS_SNAPSHOT;2026-08-31T11:34:07.624Z
03.022.05;0302205;Cerveja sem álcool em embalagem PET;03. Cervejas, chopes, refrigerantes, águas e outras bebidas;VIGENTE_SNAPSHOT;;;CONFAZ_CV142_18;TABELASFISCAIS_SNAPSHOT;2026-08-31T11:34:07.624Z
03.022.06;0302206;Cerveja sem álcool em outras embalagens;03. Cervejas, chopes, refrigerantes, águas e outras bebidas;VIGENTE_SNAPSHOT;;;CONFAZ_CV142_18;TABELASFISCAIS_SNAPSHOT;2026-08-31T11:34:07.624Z
03.023.00;0302300;Chope;03. Cervejas, chopes, refrigerantes, águas e outras bebidas;VIGENTE_SNAPSHOT;;;CONFAZ_CV142_18;TABELASFISCAIS_SNAPSHOT;2026-08-31T11:34:07.624Z
03.024.00;0302400;Água mineral em embalagens retornáveis com capacidade igual ou superior a 10 (dez) e inferior a 20 (vinte) litros;03. Cervejas, chopes, refrigerantes, águas e outras bebidas;VIGENTE_SNAPSHOT;;;CONFAZ_CV142_18;TABELASFISCAIS_SNAPSHOT;2026-08-31T11:34:07.624Z
03.025.00;0302500;Água mineral em embalagens retornáveis com capacidade igual ou superior a 20 (vinte) litros;03. Cervejas, chopes, refrigerantes, águas e outras bebidas;VIGENTE_SNAPSHOT;;;CONFAZ_CV142_18;TABELASFISCAIS_SNAPSHOT;2026-08-31T11:34:07.624Z
04.001.00;0400100;Charutos, cigarrilhas e cigarros, de tabaco ou dos seus sucedâneos;04. Cigarros e outros produtos derivados do fumo;VIGENTE_SNAPSHOT;;;CONFAZ_CV142_18;TABELASFISCAIS_SNAPSHOT;2026-08-31T11:34:07.624Z
04.002.00;0400200;Tabaco para fumar, mesmo contendo sucedâneos de tabaco em qualquer proporção;04. Cigarros e outros produtos derivados do fumo;VIGENTE_SNAPSHOT;;;CONFAZ_CV142_18;TABELASFISCAIS_SNAPSHOT;2026-08-31T11:34:07.624Z
05.001.00;0500100;Cimento;05. Cimentos;VIGENTE_SNAPSHOT;;;CONFAZ_CV142_18;TABELASFISCAIS_SNAPSHOT;2026-08-31T11:34:07.624Z
06.001.00;0600100;Álcool etílico não desnaturado, com um teor alcoólico em volume igual ou superior a 80% vol - Com um teor de água igual ou inferior a 1 % vol (álcool etílico anidro combustível);06. Combustíveis e lubrificantes;VIGENTE_SNAPSHOT;;;CONFAZ_CV142_18;TABELASFISCAIS_SNAPSHOT;2026-08-31T11:34:07.624Z
06.001.01;0600101;Álcool etílico não desnaturado, com um teor alcoólico em volume igual ou superior a 80% vol - Outros (álcool etílico hidratado combustível);06. Combustíveis e lubrificantes;VIGENTE_SNAPSHOT;;;CONFAZ_CV142_18;TABELASFISCAIS_SNAPSHOT;2026-08-31T11:34:07.624Z
06.002.00;0600200;Gasolina automotiva A, exceto Premium;06. Combustíveis e lubrificantes;VIGENTE_SNAPSHOT;;;CONFAZ_CV142_18;TABELASFISCAIS_SNAPSHOT;2026-08-31T11:34:07.624Z
06.002.01;0600201;Gasolina automotiva C, exceto Premium;06. Combustíveis e lubrificantes;VIGENTE_SNAPSHOT;;;CONFAZ_CV142_18;TABELASFISCAIS_SNAPSHOT;2026-08-31T11:34:07.624Z
06.002.02;0600202;Gasolina automotiva A Premium;06. Combustíveis e lubrificantes;VIGENTE_SNAPSHOT;;;CONFAZ_CV142_18;TABELASFISCAIS_SNAPSHOT;2026-08-31T11:34:07.624Z
06.002.03;0600203;Gasolina automotiva C Premium;06. Combustíveis e lubrificantes;VIGENTE_SNAPSHOT;;;CONFAZ_CV142_18;TABELASFISCAIS_SNAPSHOT;2026-08-31T11:34:07.624Z
06.003.00;0600300;Gasolina de aviação;06. Combustíveis e lubrificantes;VIGENTE_SNAPSHOT;;;CONFAZ_CV142_18;TABELASFISCAIS_SNAPSHOT;2026-08-31T11:34:07.624Z
06.004.00;0600400;Querosenes, exceto de aviação;06. Combustíveis e lubrificantes;VIGENTE_SNAPSHOT;;;CONFAZ_CV142_18;TABELASFISCAIS_SNAPSHOT;2026-08-31T11:34:07.624Z
06.005.00;0600500;Querosene de aviação;06. Combustíveis e lubrificantes;VIGENTE_SNAPSHOT;;;CONFAZ_CV142_18;TABELASFISCAIS_SNAPSHOT;2026-08-31T11:34:07.624Z
06.006.00;0600600;Óleo diesel A, exceto S10 e Marítimo;06. Combustíveis e lubrificantes;VIGENTE_SNAPSHOT;;;CONFAZ_CV142_18;TABELASFISCAIS_SNAPSHOT;2026-08-31T11:34:07.624Z
06.006.01;0600601;Óleo diesel B, exceto S10 (mistura obrigatória);06. Combustíveis e lubrificantes;VIGENTE_SNAPSHOT;;;CONFAZ_CV142_18;TABELASFISCAIS_SNAPSHOT;2026-08-31T11:34:07.624Z
06.006.02;0600602;Óleo diesel B, exceto S10 (misturas autorizativas);06. Combustíveis e lubrificantes;VIGENTE_SNAPSHOT;;;CONFAZ_CV142_18;TABELASFISCAIS_SNAPSHOT;2026-08-31T11:34:07.624Z
06.006.03;0600603;Óleo diesel B, exceto S10 (misturas experimentais);06. Combustíveis e lubrificantes;VIGENTE_SNAPSHOT;;;CONFAZ_CV142_18;TABELASFISCAIS_SNAPSHOT;2026-08-31T11:34:07.624Z
06.006.04;0600604;Óleo diesel A S10;06. Combustíveis e lubrificantes;VIGENTE_SNAPSHOT;;;CONFAZ_CV142_18;TABELASFISCAIS_SNAPSHOT;2026-08-31T11:34:07.624Z
06.006.05;0600605;Óleo diesel B S10 (mistura obrigatória);06. Combustíveis e lubrificantes;VIGENTE_SNAPSHOT;;;CONFAZ_CV142_18;TABELASFISCAIS_SNAPSHOT;2026-08-31T11:34:07.624Z
06.006.06;0600606;Óleo diesel B S10 (misturas autorizativas);06. Combustíveis e lubrificantes;VIGENTE_SNAPSHOT;;;CONFAZ_CV142_18;TABELASFISCAIS_SNAPSHOT;2026-08-31T11:34:07.624Z
06.006.07;0600607;Óleo diesel B S10 (misturas experimentais);06. Combustíveis e lubrificantes;VIGENTE_SNAPSHOT;;;CONFAZ_CV142_18;TABELASFISCAIS_SNAPSHOT;2026-08-31T11:34:07.624Z
06.006.08;0600608;Óleo Diesel Marítimo;06. Combustíveis e lubrificantes;VIGENTE_SNAPSHOT;;;CONFAZ_CV142_18;TABELASFISCAIS_SNAPSHOT;2026-08-31T11:34:07.624Z
06.006.09;0600609;Outros óleos combustíveis, exceto os classificados no CEST 06.006.10 e 06.006.11;06. Combustíveis e lubrificantes;VIGENTE_SNAPSHOT;;;CONFAZ_CV142_18;TABELASFISCAIS_SNAPSHOT;2026-08-31T11:34:07.624Z
06.006.10;0600610;Óleo combustível derivado de xisto;06. Combustíveis e lubrificantes;VIGENTE_SNAPSHOT;;;CONFAZ_CV142_18;TABELASFISCAIS_SNAPSHOT;2026-08-31T11:34:07.624Z
06.006.11;0600611;Óleo combustível pesado;06. Combustíveis e lubrificantes;VIGENTE_SNAPSHOT;;;CONFAZ_CV142_18;TABELASFISCAIS_SNAPSHOT;2026-08-31T11:34:07.624Z
06.007.00;0600700;Óleos lubrificantes;06. Combustíveis e lubrificantes;VIGENTE_SNAPSHOT;;;CONFAZ_CV142_18;TABELASFISCAIS_SNAPSHOT;2026-08-31T11:34:07.624Z
06.008.00;0600800;Outros óleos de petróleo ou de minerais betuminosos (exceto óleos brutos) e preparações não especificadas nem compreendidas noutras posições, que contenham, como constituintes básicos, 70% ou mais, em peso, de óleos de petróleo ou de minerais betuminosos, exceto os que contenham biodiesel, exceto os resíduos de óleos e exceto as graxas lubrificantes;06. Combustíveis e lubrificantes;VIGENTE_SNAPSHOT;;;CONFAZ_CV142_18;TABELASFISCAIS_SNAPSHOT;2026-08-31T11:34:07.624Z
06.008.01;0600801;Graxa lubrificante;06. Combustíveis e lubrificantes;VIGENTE_SNAPSHOT;;;CONFAZ_CV142_18;TABELASFISCAIS_SNAPSHOT;2026-08-31T11:34:07.624Z
06.009.00;0600900;Resíduos de óleos;06. Combustíveis e lubrificantes;VIGENTE_SNAPSHOT;;;CONFAZ_CV142_18;TABELASFISCAIS_SNAPSHOT;2026-08-31T11:34:07.624Z
06.010.00;0601000;Gás de petróleo e outros hidrocarbonetos gasosos, exceto GLP, GLGN, Gás Natural e Gás de xisto.;06. Combustíveis e lubrificantes;VIGENTE_SNAPSHOT;;;CONFAZ_CV142_18;TABELASFISCAIS_SNAPSHOT;2026-08-31T11:34:07.624Z
06.011.00;0601100;Gás liquefeito de petróleo em botijão de 13 Kg (GLP);06. Combustíveis e lubrificantes;VIGENTE_SNAPSHOT;;;CONFAZ_CV142_18;TABELASFISCAIS_SNAPSHOT;2026-08-31T11:34:07.624Z
06.011.01;0601101;Gás liquefeito de petróleo (GLP), exceto em botijão de 13 Kg;06. Combustíveis e lubrificantes;VIGENTE_SNAPSHOT;;;CONFAZ_CV142_18;TABELASFISCAIS_SNAPSHOT;2026-08-31T11:34:07.624Z
06.011.02;0601102;Gás liquefeito de petróleo em botijão de 13 Kg (GLGNn);06. Combustíveis e lubrificantes;VIGENTE_SNAPSHOT;;;CONFAZ_CV142_18;TABELASFISCAIS_SNAPSHOT;2026-08-31T11:34:07.624Z
06.011.03;0601103;Gás liquefeito de petróleo (GLGNn), exceto em botijão de 13 Kg;06. Combustíveis e lubrificantes;VIGENTE_SNAPSHOT;;;CONFAZ_CV142_18;TABELASFISCAIS_SNAPSHOT;2026-08-31T11:34:07.624Z
06.011.04;0601104;Gás liquefeito de petróleo em botijão de 13 Kg (GLGNi);06. Combustíveis e lubrificantes;VIGENTE_SNAPSHOT;;;CONFAZ_CV142_18;TABELASFISCAIS_SNAPSHOT;2026-08-31T11:34:07.624Z
06.011.05;0601105;Gás liquefeito de petróleo (GLGNi), exceto em botijão de 13 Kg;06. Combustíveis e lubrificantes;VIGENTE_SNAPSHOT;;;CONFAZ_CV142_18;TABELASFISCAIS_SNAPSHOT;2026-08-31T11:34:07.624Z
06.011.06;0601106;Gás liquefeito de petróleo em botijão de 13 kg (Misturas);06. Combustíveis e lubrificantes;VIGENTE_SNAPSHOT;;;CONFAZ_CV142_18;TABELASFISCAIS_SNAPSHOT;2026-08-31T11:34:07.624Z
06.011.07;0601107;Gás liquefeito de petróleo (Misturas), exceto em botijão de 13 Kg;06. Combustíveis e lubrificantes;VIGENTE_SNAPSHOT;;;CONFAZ_CV142_18;TABELASFISCAIS_SNAPSHOT;2026-08-31T11:34:07.624Z
06.012.00;0601200;Gás Natural Liquefeito;06. Combustíveis e lubrificantes;VIGENTE_SNAPSHOT;;;CONFAZ_CV142_18;TABELASFISCAIS_SNAPSHOT;2026-08-31T11:34:07.624Z
06.013.00;0601300;Gás Natural Gasoso;06. Combustíveis e lubrificantes;VIGENTE_SNAPSHOT;;;CONFAZ_CV142_18;TABELASFISCAIS_SNAPSHOT;2026-08-31T11:34:07.624Z
06.014.00;0601400;Gás de xisto;06. Combustíveis e lubrificantes;VIGENTE_SNAPSHOT;;;CONFAZ_CV142_18;TABELASFISCAIS_SNAPSHOT;2026-08-31T11:34:07.624Z
06.015.00;0601500;Coque de petróleo e outros resíduos de óleo de petróleo ou de minerais betuminosos;06. Combustíveis e lubrificantes;VIGENTE_SNAPSHOT;;;CONFAZ_CV142_18;TABELASFISCAIS_SNAPSHOT;2026-08-31T11:34:07.624Z
06.016.00;0601600;Biodiesel e suas misturas, que não contenham ou que contenham menos de 70%, em peso, de óleos de petróleo ou de óleos minerais betuminosos;06. Combustíveis e lubrificantes;VIGENTE_SNAPSHOT;;;CONFAZ_CV142_18;TABELASFISCAIS_SNAPSHOT;2026-08-31T11:34:07.624Z
06.017.00;0601700;Preparações lubrificantes, exceto as contendo, como constituintes de base, 70% ou mais, em peso, de óleos de petróleo ou de minerais betuminosos;06. Combustíveis e lubrificantes;VIGENTE_SNAPSHOT;;;CONFAZ_CV142_18;TABELASFISCAIS_SNAPSHOT;2026-08-31T11:34:07.624Z
06.018.00;0601800;Óleos de petróleo ou de minerais betuminosos (exceto óleos brutos) e preparações não especificadas nem compreendidas noutras posições, que contenham, como constituintes básicos, 70% ou mais, em peso, de óleos de petróleo ou de minerais betuminosos, que contenham biodiesel, exceto os resíduos de óleos;06. Combustíveis e lubrificantes;VIGENTE_SNAPSHOT;;;CONFAZ_CV142_18;TABELASFISCAIS_SNAPSHOT;2026-08-31T11:34:07.624Z
07.001.00;0700100;Energia elétrica;07. Energia elétrica;VIGENTE_SNAPSHOT;;;CONFAZ_CV142_18;TABELASFISCAIS_SNAPSHOT;2026-08-31T11:34:07.624Z
08.001.00;0800100;Ferramentas de borracha vulcanizada não endurecida;08. Ferramentas;VIGENTE_SNAPSHOT;;;CONFAZ_CV142_18;TABELASFISCAIS_SNAPSHOT;2026-08-31T11:34:07.624Z
08.002.00;0800200;Ferramentas, armações e cabos de ferramentas, de madeira;08. Ferramentas;VIGENTE_SNAPSHOT;;;CONFAZ_CV142_18;TABELASFISCAIS_SNAPSHOT;2026-08-31T11:34:07.624Z
08.003.00;0800300;Mós e artefatos semelhantes, sem armação, para moer, desfibrar, triturar, amolar, polir, retificar ou cortar - pedras para amolar ou para polir, manualmente, e suas partes, de pedras naturais, de abrasivos naturais ou artificiais aglomerados ou de cerâmica, mesmo com partes de outras matérias;08. Ferramentas;VIGENTE_SNAPSHOT;;;CONFAZ_CV142_18;TABELASFISCAIS_SNAPSHOT;2026-08-31T11:34:07.624Z
08.004.00;0800400;Pás, alviões, picaretas, enxadas, sachos, forcados e forquilhas, ancinhos e raspadeiras - machados, podões e ferramentas semelhantes com gume - tesouras de podar de todos os tipos - foices e foicinhas, facas para feno ou para palha, tesouras para sebes, cunhas e outras ferramentas manuais para agricultura, horticultura ou silvicultura;08. Ferramentas;VIGENTE_SNAPSHOT;;;CONFAZ_CV142_18;TABELASFISCAIS_SNAPSHOT;2026-08-31T11:34:07.624Z
08.005.00;0800500;Folhas de serras de fita;08. Ferramentas;VIGENTE_SNAPSHOT;;;CONFAZ_CV142_18;TABELASFISCAIS_SNAPSHOT;2026-08-31T11:34:07.624Z
08.006.00;0800600;Lâminas de serras máquinas;08. Ferramentas;VIGENTE_SNAPSHOT;;;CONFAZ_CV142_18;TABELASFISCAIS_SNAPSHOT;2026-08-31T11:34:07.624Z
08.007.00;0800700;Serras manuais e outras folhas de serras (incluídas as fresas-serras e as folhas não dentadas para serrar), exceto as classificadas nos CEST 08.005.00 e 08.006.00;08. Ferramentas;VIGENTE_SNAPSHOT;;;CONFAZ_CV142_18;TABELASFISCAIS_SNAPSHOT;2026-08-31T11:34:07.624Z
08.008.00;0800800;Limas, grosas, alicates (mesmo cortantes), tenazes, pinças, cisalhas para metais, corta-tubos, corta-pinos, saca-bocados e ferramentas semelhantes, manuais, exceto as pinças para sobrancelhas classificadas na posição 8203.20.90;08. Ferramentas;VIGENTE_SNAPSHOT;;;CONFAZ_CV142_18;TABELASFISCAIS_SNAPSHOT;2026-08-31T11:34:07.624Z
08.009.00;0800900;Chaves de porcas, manuais (incluídas as chaves dinamométricas) - chaves de caixa intercambiáveis, mesmo com cabos;08. Ferramentas;VIGENTE_SNAPSHOT;;;CONFAZ_CV142_18;TABELASFISCAIS_SNAPSHOT;2026-08-31T11:34:07.624Z
08.010.00;0801000;Ferramentas manuais (incluídos os diamantes de vidraceiro) não especificadas nem compreendidas em outras posições, lamparinas ou lâmpadas de soldar (maçaricos) e semelhantes - tornos de apertar, sargentos e semelhantes, exceto os acessórios ou partes de máquinas-ferramentas - bigornas - forjas-portáteis - mós com armação, manuais ou de pedal;08. Ferramentas;VIGENTE_SNAPSHOT;;;CONFAZ_CV142_18;TABELASFISCAIS_SNAPSHOT;2026-08-31T11:34:07.624Z
08.011.00;0801100;Ferramentas de pelo menos duas das posições 8202 a 8205, acondicionadas em sortidos para venda a retalho;08. Ferramentas;VIGENTE_SNAPSHOT;;;CONFAZ_CV142_18;TABELASFISCAIS_SNAPSHOT;2026-08-31T11:34:07.624Z
08.012.00;0801200;Ferramentas de roscar interior ou exteriormente - de mandrilar ou de brochar - e de fresar;08. Ferramentas;VIGENTE_SNAPSHOT;;;CONFAZ_CV142_18;TABELASFISCAIS_SNAPSHOT;2026-08-31T11:34:07.624Z
08.013.00;0801300;Outras ferramentas intercambiáveis para ferramentas manuais, mesmo mecânicas, ou para máquinas-ferramentas (por exemplo, de embutir, estampar, puncionar, furar, tornear, aparafusar), incluídas as fieiras de estiragem ou de extrusão, para metais, e as ferramentas de perfuração ou de sondagem, exceto forma ou gabarito de produtos em epoxy e as classificadas no CEST 08.012.00;08. Ferramentas;VIGENTE_SNAPSHOT;;;CONFAZ_CV142_18;TABELASFISCAIS_SNAPSHOT;2026-08-31T11:34:07.624Z
08.014.00;0801400;Facas e lâminas cortantes, para máquinas ou para aparelhos mecânicos;08. Ferramentas;VIGENTE_SNAPSHOT;;;CONFAZ_CV142_18;TABELASFISCAIS_SNAPSHOT;2026-08-31T11:34:07.624Z
08.015.00;0801500;Plaquetas ou pastilhas intercambiáveis;08. Ferramentas;VIGENTE_SNAPSHOT;;;CONFAZ_CV142_18;TABELASFISCAIS_SNAPSHOT;2026-08-31T11:34:07.624Z
08.016.00;0801600;Outras plaquetas, varetas, pontas e objetos semelhantes para ferramentas, não montados, de ceramais (cermets), exceto as classificadas no CEST 08.015.00;08. Ferramentas;VIGENTE_SNAPSHOT;;;CONFAZ_CV142_18;TABELASFISCAIS_SNAPSHOT;2026-08-31T11:34:07.624Z
08.017.00;0801700;Facas de lâmina cortante ou serrilhada, incluídas as podadeiras de lâmina móvel, e suas lâminas, exceto as de uso doméstico;08. Ferramentas;VIGENTE_SNAPSHOT;;;CONFAZ_CV142_18;TABELASFISCAIS_SNAPSHOT;2026-08-31T11:34:07.624Z
08.018.00;0801800;Tesouras e suas lâminas;08. Ferramentas;VIGENTE_SNAPSHOT;;;CONFAZ_CV142_18;TABELASFISCAIS_SNAPSHOT;2026-08-31T11:34:07.624Z
08.019.00;0801900;Ferramentas pneumáticas, hidráulicas ou com motor (elétrico ou não elétrico) incorporado, de uso manual, exceto o descrito no CEST 08.019.01;08. Ferramentas;VIGENTE_SNAPSHOT;;;CONFAZ_CV142_18;TABELASFISCAIS_SNAPSHOT;2026-08-31T11:34:07.624Z
08.019.01;0801901;Moto-serras portáteis de corrente, com motor incorporado, não elétrico, de uso agrícola;08. Ferramentas;VIGENTE_SNAPSHOT;;;CONFAZ_CV142_18;TABELASFISCAIS_SNAPSHOT;2026-08-31T11:34:07.624Z
08.020.00;0802000;Instrumentos e aparelhos de geodesia, topografia, agrimensura, nivelamento, fotogrametria, hidrografia, oceanografia, hidrologia, meteorologia ou de geofísica, exceto bussolas - telêmetros;08. Ferramentas;VIGENTE_SNAPSHOT;;;CONFAZ_CV142_18;TABELASFISCAIS_SNAPSHOT;2026-08-31T11:34:07.624Z
08.021.00;0802100;Instrumentos de desenho, de traçado ou de cálculo - metros, micrômetros, paquímetros, calibres e semelhantes - partes e acessórios;08. Ferramentas;VIGENTE_SNAPSHOT;;;CONFAZ_CV142_18;TABELASFISCAIS_SNAPSHOT;2026-08-31T11:34:07.624Z
08.022.00;0802200;Termômetros, suas partes e acessórios;08. Ferramentas;VIGENTE_SNAPSHOT;;;CONFAZ_CV142_18;TABELASFISCAIS_SNAPSHOT;2026-08-31T11:34:07.624Z
08.023.00;0802300;Pirômetros, suas partes e acessórios;08. Ferramentas;VIGENTE_SNAPSHOT;;;CONFAZ_CV142_18;TABELASFISCAIS_SNAPSHOT;2026-08-31T11:34:07.624Z
09.001.00;0900100;Lâmpadas elétricas;09. Lâmpadas, reatores e starter;VIGENTE_SNAPSHOT;;;CONFAZ_CV142_18;TABELASFISCAIS_SNAPSHOT;2026-08-31T11:34:07.624Z
09.002.00;0900200;Lâmpadas eletrônicas;09. Lâmpadas, reatores e starter;VIGENTE_SNAPSHOT;;;CONFAZ_CV142_18;TABELASFISCAIS_SNAPSHOT;2026-08-31T11:34:07.624Z
09.003.00;0900300;Reatores para lâmpadas ou tubos de descargas;09. Lâmpadas, reatores e starter;VIGENTE_SNAPSHOT;;;CONFAZ_CV142_18;TABELASFISCAIS_SNAPSHOT;2026-08-31T11:34:07.624Z
09.004.00;0900400;Starter;09. Lâmpadas, reatores e starter;VIGENTE_SNAPSHOT;;;CONFAZ_CV142_18;TABELASFISCAIS_SNAPSHOT;2026-08-31T11:34:07.624Z
09.005.00;0900500;Lâmpadas de LED (diodos emissores de luz);09. Lâmpadas, reatores e starter;VIGENTE_SNAPSHOT;;;CONFAZ_CV142_18;TABELASFISCAIS_SNAPSHOT;2026-08-31T11:34:07.624Z
10.001.00;1000100;Cal;10. Materiais de construção e congêneres;VIGENTE_SNAPSHOT;;;CONFAZ_CV142_18;TABELASFISCAIS_SNAPSHOT;2026-08-31T11:34:07.624Z
10.002.00;1000200;Argamassas;10. Materiais de construção e congêneres;VIGENTE_SNAPSHOT;;;CONFAZ_CV142_18;TABELASFISCAIS_SNAPSHOT;2026-08-31T11:34:07.624Z
10.003.00;1000300;Outras argamassas;10. Materiais de construção e congêneres;VIGENTE_SNAPSHOT;;;CONFAZ_CV142_18;TABELASFISCAIS_SNAPSHOT;2026-08-31T11:34:07.624Z
10.004.00;1000400;Silicones em formas primárias, para uso na construção;10. Materiais de construção e congêneres;VIGENTE_SNAPSHOT;;;CONFAZ_CV142_18;TABELASFISCAIS_SNAPSHOT;2026-08-31T11:34:07.624Z
10.005.00;1000500;Revestimentos de PVC e outros plásticos - forro, sancas e afins de PVC, para uso na construção;10. Materiais de construção e congêneres;VIGENTE_SNAPSHOT;;;CONFAZ_CV142_18;TABELASFISCAIS_SNAPSHOT;2026-08-31T11:34:07.624Z
10.006.00;1000600;Tubos, e seus acessórios (por exemplo, juntas, cotovelos, flanges, uniões), de plásticos, para uso na construção;10. Materiais de construção e congêneres;VIGENTE_SNAPSHOT;;;CONFAZ_CV142_18;TABELASFISCAIS_SNAPSHOT;2026-08-31T11:34:07.624Z
10.007.00;1000700;Revestimento de pavimento de PVC e outros plásticos;10. Materiais de construção e congêneres;VIGENTE_SNAPSHOT;;;CONFAZ_CV142_18;TABELASFISCAIS_SNAPSHOT;2026-08-31T11:34:07.624Z
10.008.00;1000800;Chapas, folhas, tiras, fitas, películas e outras formas planas, autoadesivas, de plásticos, mesmo em rolos, para uso na construção;10. Materiais de construção e congêneres;VIGENTE_SNAPSHOT;;;CONFAZ_CV142_18;TABELASFISCAIS_SNAPSHOT;2026-08-31T11:34:07.624Z
10.009.00;1000900;Veda rosca, lona plástica para uso na construção, fitas isolantes e afins;10. Materiais de construção e congêneres;VIGENTE_SNAPSHOT;;;CONFAZ_CV142_18;TABELASFISCAIS_SNAPSHOT;2026-08-31T11:34:07.624Z
10.010.00;1001000;Telha de plástico, mesmo reforçada com fibra de vidro;10. Materiais de construção e congêneres;VIGENTE_SNAPSHOT;;;CONFAZ_CV142_18;TABELASFISCAIS_SNAPSHOT;2026-08-31T11:34:07.624Z
10.011.00;1001100;Cumeeira de plástico, mesmo reforçada com fibra de vidro;10. Materiais de construção e congêneres;VIGENTE_SNAPSHOT;;;CONFAZ_CV142_18;TABELASFISCAIS_SNAPSHOT;2026-08-31T11:34:07.624Z
10.012.00;1001200;Chapas, laminados plásticos em bobina, para uso na construção, exceto os descritos no CEST 10.010.00 e 10.011.00;10. Materiais de construção e congêneres;VIGENTE_SNAPSHOT;;;CONFAZ_CV142_18;TABELASFISCAIS_SNAPSHOT;2026-08-31T11:34:07.624Z
10.013.00;1001300;Banheiras, boxes para chuveiros, pias, lavatórios, bidês, sanitários e seus assentos e tampas, caixas de descarga e artigos semelhantes para usos sanitários ou higiênicos, de plásticos;10. Materiais de construção e congêneres;VIGENTE_SNAPSHOT;;;CONFAZ_CV142_18;TABELASFISCAIS_SNAPSHOT;2026-08-31T11:34:07.624Z
10.014.00;1001400;Artefatos de higiene/toucador de plástico, para uso na construção;10. Materiais de construção e congêneres;VIGENTE_SNAPSHOT;;;CONFAZ_CV142_18;TABELASFISCAIS_SNAPSHOT;2026-08-31T11:34:07.624Z
10.015.00;1001500;Caixa d’água, inclusive sua tampa, de plástico, mesmo reforçadas com fibra de vidro;10. Materiais de construção e congêneres;VIGENTE_SNAPSHOT;;;CONFAZ_CV142_18;TABELASFISCAIS_SNAPSHOT;2026-08-31T11:34:07.624Z
10.016.00;1001600;Outras telhas, cumeeira e caixa d’água, inclusive sua tampa, de plástico, mesmo reforçadas com fibra de vidro;10. Materiais de construção e congêneres;VIGENTE_SNAPSHOT;;;CONFAZ_CV142_18;TABELASFISCAIS_SNAPSHOT;2026-08-31T11:34:07.624Z
10.017.00;1001700;Artefatos para apetrechamento de construções, de plásticos, não especificados nem compreendidos em outras posições, incluindo persianas, sancas, molduras, apliques e rosetas, caixilhos de polietileno e outros plásticos, exceto os descritos nos CEST 10.015.00 e 10.016.00;10. Materiais de construção e congêneres;VIGENTE_SNAPSHOT;;;CONFAZ_CV142_18;TABELASFISCAIS_SNAPSHOT;2026-08-31T11:34:07.624Z
10.018.00;1001800;Portas, janelas e seus caixilhos, alizares e soleiras;10. Materiais de construção e congêneres;VIGENTE_SNAPSHOT;;;CONFAZ_CV142_18;TABELASFISCAIS_SNAPSHOT;2026-08-31T11:34:07.624Z
10.019.00;1001900;Postigos, estores (incluídas as venezianas) e artefatos semelhantes e suas partes;10. Materiais de construção e congêneres;VIGENTE_SNAPSHOT;;;CONFAZ_CV142_18;TABELASFISCAIS_SNAPSHOT;2026-08-31T11:34:07.624Z
10.020.00;1002000;Outras obras de plástico, para uso na construção;10. Materiais de construção e congêneres;VIGENTE_SNAPSHOT;;;CONFAZ_CV142_18;TABELASFISCAIS_SNAPSHOT;2026-08-31T11:34:07.624Z
10.021.00;1002100;Papel de parede e revestimentos de parede semelhantes - papel para vitrais;10. Materiais de construção e congêneres;VIGENTE_SNAPSHOT;;;CONFAZ_CV142_18;TABELASFISCAIS_SNAPSHOT;2026-08-31T11:34:07.624Z
10.022.00;1002200;Telhas de concreto;10. Materiais de construção e congêneres;VIGENTE_SNAPSHOT;;;CONFAZ_CV142_18;TABELASFISCAIS_SNAPSHOT;2026-08-31T11:34:07.624Z
10.024.00;1002400;Caixas d’água, tanques e reservatórios e suas tampas, telhas, calhas, cumeeiras e afins, de fibrocimento, cimento-celulose ou semelhantes, contendo ou não amianto.;10. Materiais de construção e congêneres;VIGENTE_SNAPSHOT;;;CONFAZ_CV142_18;TABELASFISCAIS_SNAPSHOT;2026-08-31T11:34:07.624Z
10.025.00;1002500;Tijolos, placas (lajes), ladrilhos e outras peças cerâmicas de farinhas siliciosas fósseis (kieselghur, tripolita, diatomita, por exemplo) ou de terras siliciosas semelhantes;10. Materiais de construção e congêneres;VIGENTE_SNAPSHOT;;;CONFAZ_CV142_18;TABELASFISCAIS_SNAPSHOT;2026-08-31T11:34:07.624Z
10.026.00;1002600;Tijolos, placas (lajes), ladrilhos e peças cerâmicas semelhantes, para uso na construção, refratários, que não sejam de farinhas siliciosas fósseis nem de terras siliciosas semelhantes;10. Materiais de construção e congêneres;VIGENTE_SNAPSHOT;;;CONFAZ_CV142_18;TABELASFISCAIS_SNAPSHOT;2026-08-31T11:34:07.624Z
10.027.00;1002700;Tijolos para construção, tijoleiras, tapa-vigas e produtos semelhantes, de cerâmica;10. Materiais de construção e congêneres;VIGENTE_SNAPSHOT;;;CONFAZ_CV142_18;TABELASFISCAIS_SNAPSHOT;2026-08-31T11:34:07.624Z
10.028.00;1002800;Telhas, elementos de chaminés, condutores de fumaça, ornamentos arquitetônicos, de cerâmica, e outros produtos cerâmicos para uso na construção;10. Materiais de construção e congêneres;VIGENTE_SNAPSHOT;;;CONFAZ_CV142_18;TABELASFISCAIS_SNAPSHOT;2026-08-31T11:34:07.624Z
10.029.00;1002900;Tubos, calhas ou algerozes e acessórios para canalizações, de cerâmica;10. Materiais de construção e congêneres;VIGENTE_SNAPSHOT;;;CONFAZ_CV142_18;TABELASFISCAIS_SNAPSHOT;2026-08-31T11:34:07.624Z
10.030.00;1003000;Ladrilhos e placas de cerâmica, exclusivamente para pavimentação ou revestimento;10. Materiais de construção e congêneres;VIGENTE_SNAPSHOT;;;CONFAZ_CV142_18;TABELASFISCAIS_SNAPSHOT;2026-08-31T11:34:07.624Z
10.030.01;1003001;Cubos, pastilhas e artigos semelhantes de cerâmica, mesmo com suporte, exceto os descritos CEST 10.030.00;10. Materiais de construção e congêneres;VIGENTE_SNAPSHOT;;;CONFAZ_CV142_18;TABELASFISCAIS_SNAPSHOT;2026-08-31T11:34:07.624Z
10.031.00;1003100;Pias, lavatórios, colunas para lavatórios, banheiras, bidês, sanitários, caixas de descarga, mictórios e aparelhos fixos semelhantes para usos sanitários, de cerâmica;10. Materiais de construção e congêneres;VIGENTE_SNAPSHOT;;;CONFAZ_CV142_18;TABELASFISCAIS_SNAPSHOT;2026-08-31T11:34:07.624Z
10.032.00;1003200;Artefatos de higiene/toucador de cerâmica;10. Materiais de construção e congêneres;VIGENTE_SNAPSHOT;;;CONFAZ_CV142_18;TABELASFISCAIS_SNAPSHOT;2026-08-31T11:34:07.624Z
10.033.00;1003300;Vidro vazado ou laminado, em chapas, folhas ou perfis, mesmo com camada absorvente, refletora ou não, mas sem qualquer outro trabalho;10. Materiais de construção e congêneres;VIGENTE_SNAPSHOT;;;CONFAZ_CV142_18;TABELASFISCAIS_SNAPSHOT;2026-08-31T11:34:07.624Z
10.034.00;1003400;Vidro estirado ou soprado, em folhas, mesmo com camada absorvente, refletora ou não, mas sem qualquer outro trabalho;10. Materiais de construção e congêneres;VIGENTE_SNAPSHOT;;;CONFAZ_CV142_18;TABELASFISCAIS_SNAPSHOT;2026-08-31T11:34:07.624Z
10.035.00;1003500;Vidro flotado e vidro desbastado ou polido em uma ou em ambas as faces, em chapas ou em folhas, mesmo com camada absorvente, refletora ou não, mas sem qualquer outro trabalho;10. Materiais de construção e congêneres;VIGENTE_SNAPSHOT;;;CONFAZ_CV142_18;TABELASFISCAIS_SNAPSHOT;2026-08-31T11:34:07.624Z
10.036.00;1003600;Vidros temperados;10. Materiais de construção e congêneres;VIGENTE_SNAPSHOT;;;CONFAZ_CV142_18;TABELASFISCAIS_SNAPSHOT;2026-08-31T11:34:07.624Z
10.037.00;1003700;Vidros laminados;10. Materiais de construção e congêneres;VIGENTE_SNAPSHOT;;;CONFAZ_CV142_18;TABELASFISCAIS_SNAPSHOT;2026-08-31T11:34:07.624Z
10.038.00;1003800;Vidros isolantes de paredes múltiplas;10. Materiais de construção e congêneres;VIGENTE_SNAPSHOT;;;CONFAZ_CV142_18;TABELASFISCAIS_SNAPSHOT;2026-08-31T11:34:07.624Z
10.039.00;1003900;Blocos, placas, tijolos, ladrilhos, telhas e outros artefatos, de vidro prensado ou moldado, mesmo armado, para uso na construção - cubos, pastilhas e outros artigos semelhantes;10. Materiais de construção e congêneres;VIGENTE_SNAPSHOT;;;CONFAZ_CV142_18;TABELASFISCAIS_SNAPSHOT;2026-08-31T11:34:07.624Z
10.040.00;1004000;Barras próprias para construções, exceto vergalhões;10. Materiais de construção e congêneres;VIGENTE_SNAPSHOT;;;CONFAZ_CV142_18;TABELASFISCAIS_SNAPSHOT;2026-08-31T11:34:07.624Z
10.041.00;1004100;Outras barras próprias para construções, exceto vergalhões;10. Materiais de construção e congêneres;VIGENTE_SNAPSHOT;;;CONFAZ_CV142_18;TABELASFISCAIS_SNAPSHOT;2026-08-31T11:34:07.624Z
10.041.01;1004101;Outros vergalhões;10. Materiais de construção e congêneres;VIGENTE_SNAPSHOT;;;CONFAZ_CV142_18;TABELASFISCAIS_SNAPSHOT;2026-08-31T11:34:07.624Z
10.042.00;1004200;Vergalhões;10. Materiais de construção e congêneres;VIGENTE_SNAPSHOT;;;CONFAZ_CV142_18;TABELASFISCAIS_SNAPSHOT;2026-08-31T11:34:07.624Z
10.043.00;1004300;Outros vergalhões;10. Materiais de construção e congêneres;VIGENTE_SNAPSHOT;;;CONFAZ_CV142_18;TABELASFISCAIS_SNAPSHOT;2026-08-31T11:34:07.624Z
10.044.00;1004400;Fios de ferro ou aço não ligados, não revestidos, mesmo polidos - cordas, cabos, tranças (entrançados), lingas e artefatos semelhantes, de ferro ou aço, não isolados para usos elétricos;10. Materiais de construção e congêneres;VIGENTE_SNAPSHOT;;;CONFAZ_CV142_18;TABELASFISCAIS_SNAPSHOT;2026-08-31T11:34:07.624Z
10.045.00;1004500;Outros fios de ferro ou aço, não ligados, galvanizados com teor de carbono superior ou igual a 0,6%, em peso;10. Materiais de construção e congêneres;VIGENTE_SNAPSHOT;;;CONFAZ_CV142_18;TABELASFISCAIS_SNAPSHOT;2026-08-31T11:34:07.624Z
10.045.01;1004501;Outros fios de ferro ou aço, não ligados, galvanizados;10. Materiais de construção e congêneres;VIGENTE_SNAPSHOT;;;CONFAZ_CV142_18;TABELASFISCAIS_SNAPSHOT;2026-08-31T11:34:07.624Z
10.046.00;1004600;Acessórios para tubos (inclusive uniões, cotovelos, luvas ou mangas), de ferro fundido, ferro ou aço;10. Materiais de construção e congêneres;VIGENTE_SNAPSHOT;;;CONFAZ_CV142_18;TABELASFISCAIS_SNAPSHOT;2026-08-31T11:34:07.624Z
10.047.00;1004700;Portas e janelas, e seus caixilhos, alizares e soleiras de ferro fundido, ferro ou aço;10. Materiais de construção e congêneres;VIGENTE_SNAPSHOT;;;CONFAZ_CV142_18;TABELASFISCAIS_SNAPSHOT;2026-08-31T11:34:07.624Z
10.048.00;1004800;Material para andaimes, para armações (cofragens) e para escoramentos, (inclusive armações prontas, para estruturas de concreto armado ou argamassa armada), eletrocalhas e perfilados de ferro fundido, ferro ou aço, próprios para construção, exceto treliças de aço;10. Materiais de construção e congêneres;VIGENTE_SNAPSHOT;;;CONFAZ_CV142_18;TABELASFISCAIS_SNAPSHOT;2026-08-31T11:34:07.624Z
10.049.00;1004900;Treliças de aço;10. Materiais de construção e congêneres;VIGENTE_SNAPSHOT;;;CONFAZ_CV142_18;TABELASFISCAIS_SNAPSHOT;2026-08-31T11:34:07.624Z
10.050.00;1005000;Telhas metálicas;10. Materiais de construção e congêneres;VIGENTE_SNAPSHOT;;;CONFAZ_CV142_18;TABELASFISCAIS_SNAPSHOT;2026-08-31T11:34:07.624Z
10.051.00;1005100;Caixas diversas (tais como caixa de correio, de entrada de água, de energia, de instalação) de ferro fundido, ferro ou aço - próprias para a construção;10. Materiais de construção e congêneres;VIGENTE_SNAPSHOT;;;CONFAZ_CV142_18;TABELASFISCAIS_SNAPSHOT;2026-08-31T11:34:07.624Z
10.052.00;1005200;Arame farpado, de ferro ou aço, arames ou tiras, retorcidos, mesmo farpados, de ferro ou aço, dos tipos utilizados em cercas;10. Materiais de construção e congêneres;VIGENTE_SNAPSHOT;;;CONFAZ_CV142_18;TABELASFISCAIS_SNAPSHOT;2026-08-31T11:34:07.624Z
10.053.00;1005300;Telas metálicas, grades e redes, de fios de ferro ou aço;10. Materiais de construção e congêneres;VIGENTE_SNAPSHOT;;;CONFAZ_CV142_18;TABELASFISCAIS_SNAPSHOT;2026-08-31T11:34:07.624Z
10.054.00;1005400;Correntes de rolos, de ferro fundido, ferro ou aço;10. Materiais de construção e congêneres;VIGENTE_SNAPSHOT;;;CONFAZ_CV142_18;TABELASFISCAIS_SNAPSHOT;2026-08-31T11:34:07.624Z
10.055.00;1005500;Outras correntes de elos articulados, de ferro fundido, ferro ou aço;10. Materiais de construção e congêneres;VIGENTE_SNAPSHOT;;;CONFAZ_CV142_18;TABELASFISCAIS_SNAPSHOT;2026-08-31T11:34:07.624Z
10.056.00;1005600;Correntes de elos soldados, de ferro fundido, de ferro ou aço;10. Materiais de construção e congêneres;VIGENTE_SNAPSHOT;;;CONFAZ_CV142_18;TABELASFISCAIS_SNAPSHOT;2026-08-31T11:34:07.624Z
10.057.00;1005700;Tachas, pregos, percevejos, escápulas, grampos ondulados ou biselados e artefatos semelhantes, de ferro fundido, ferro ou aço, mesmo com a cabeça de outra matéria, exceto cobre;10. Materiais de construção e congêneres;VIGENTE_SNAPSHOT;;;CONFAZ_CV142_18;TABELASFISCAIS_SNAPSHOT;2026-08-31T11:34:07.624Z
10.058.00;1005800;Parafusos, pinos ou pernos, roscados, porcas, tira-fundos, ganchos roscados, rebites, chavetas, contrapinos ou troços, arruelas (anilhas) (incluindo as de pressão) e artigos semelhantes, de ferro fundido, ferro ou aço;10. Materiais de construção e congêneres;VIGENTE_SNAPSHOT;;;CONFAZ_CV142_18;TABELASFISCAIS_SNAPSHOT;2026-08-31T11:34:07.624Z
10.059.00;1005900;Palha de ferro ou aço, exceto os de uso doméstico classificados na posição NCM 7323.10.00;10. Materiais de construção e congêneres;VIGENTE_SNAPSHOT;;;CONFAZ_CV142_18;TABELASFISCAIS_SNAPSHOT;2026-08-31T11:34:07.624Z
10.059.01;1005901;Esponjas, esfregões, luvas e artefatos semelhantes para limpeza, polimento e usos semelhantes, de ferro ou aço, exceto os de uso doméstico classificados na posição NCM 7323.10.00;10. Materiais de construção e congêneres;VIGENTE_SNAPSHOT;;;CONFAZ_CV142_18;TABELASFISCAIS_SNAPSHOT;2026-08-31T11:34:07.624Z
10.060.00;1006000;Artefatos de higiene ou de toucador, e suas partes, de ferro fundido, ferro ou aço, incluídas as pias, banheiras, lavatórios, cubas, mictórios, tanques e afins de ferro fundido, ferro ou aço, para uso na construção;10. Materiais de construção e congêneres;VIGENTE_SNAPSHOT;;;CONFAZ_CV142_18;TABELASFISCAIS_SNAPSHOT;2026-08-31T11:34:07.624Z
10.061.00;1006100;Outras obras moldadas, de ferro fundido, ferro ou aço, para uso na construção;10. Materiais de construção e congêneres;VIGENTE_SNAPSHOT;;;CONFAZ_CV142_18;TABELASFISCAIS_SNAPSHOT;2026-08-31T11:34:07.624Z
10.062.00;1006200;Abraçadeiras;10. Materiais de construção e congêneres;VIGENTE_SNAPSHOT;;;CONFAZ_CV142_18;TABELASFISCAIS_SNAPSHOT;2026-08-31T11:34:07.624Z
10.063.00;1006300;Barras de cobre;10. Materiais de construção e congêneres;VIGENTE_SNAPSHOT;;;CONFAZ_CV142_18;TABELASFISCAIS_SNAPSHOT;2026-08-31T11:34:07.624Z
10.064.00;1006400;Tubos de cobre e suas ligas, para instalações de água quente e gás, para uso na construção;10. Materiais de construção e congêneres;VIGENTE_SNAPSHOT;;;CONFAZ_CV142_18;TABELASFISCAIS_SNAPSHOT;2026-08-31T11:34:07.624Z
10.065.00;1006500;Acessórios para tubos (por exemplo, uniões, cotovelos, luvas ou mangas) de cobre e suas ligas, para uso na construção;10. Materiais de construção e congêneres;VIGENTE_SNAPSHOT;;;CONFAZ_CV142_18;TABELASFISCAIS_SNAPSHOT;2026-08-31T11:34:07.624Z
10.066.00;1006600;Tachas, pregos, percevejos, escápulas e artefatos semelhantes, de cobre, ou de ferro ou aço com cabeça de cobre, parafusos, pinos ou pernos, roscados, porcas, ganchos roscados, rebites, chavetas, cavilhas, contrapinos, arruelas (incluídas as de pressão), e artefatos semelhantes, de cobre;10. Materiais de construção e congêneres;VIGENTE_SNAPSHOT;;;CONFAZ_CV142_18;TABELASFISCAIS_SNAPSHOT;2026-08-31T11:34:07.624Z
10.067.00;1006700;Artefatos de higiene/toucador de cobre, para uso na construção;10. Materiais de construção e congêneres;VIGENTE_SNAPSHOT;;;CONFAZ_CV142_18;TABELASFISCAIS_SNAPSHOT;2026-08-31T11:34:07.624Z
10.068.00;1006800;Manta de subcobertura aluminizada;10. Materiais de construção e congêneres;VIGENTE_SNAPSHOT;;;CONFAZ_CV142_18;TABELASFISCAIS_SNAPSHOT;2026-08-31T11:34:07.624Z
10.069.00;1006900;Tubos de alumínio e suas ligas, para refrigeração e ar condicionado, para uso na construção;10. Materiais de construção e congêneres;VIGENTE_SNAPSHOT;;;CONFAZ_CV142_18;TABELASFISCAIS_SNAPSHOT;2026-08-31T11:34:07.624Z
10.070.00;1007000;Acessórios para tubos (por exemplo, uniões, cotovelos, luvas ou mangas), de alumínio, para uso na construção;10. Materiais de construção e congêneres;VIGENTE_SNAPSHOT;;;CONFAZ_CV142_18;TABELASFISCAIS_SNAPSHOT;2026-08-31T11:34:07.624Z
10.071.00;1007100;Construções e suas partes (por exemplo, pontes e elementos de pontes, torres, pórticos ou pilones, pilares, colunas, armações, estruturas para telhados, portas e janelas, e seus caixilhos, alizares e soleiras, balaustradas), de alumínio, exceto as construções pré-fabricadas da posição 9406 - chapas, barras, perfis, tubos e semelhantes, de alumínio, próprios para construções;10. Materiais de construção e congêneres;VIGENTE_SNAPSHOT;;;CONFAZ_CV142_18;TABELASFISCAIS_SNAPSHOT;2026-08-31T11:34:07.624Z
10.072.00;1007200;Artefatos de higiene/toucador de alumínio, para uso na construção;10. Materiais de construção e congêneres;VIGENTE_SNAPSHOT;;;CONFAZ_CV142_18;TABELASFISCAIS_SNAPSHOT;2026-08-31T11:34:07.624Z
10.073.00;1007300;Outras obras de alumínio, próprias para construções, incluídas as persianas;10. Materiais de construção e congêneres;VIGENTE_SNAPSHOT;;;CONFAZ_CV142_18;TABELASFISCAIS_SNAPSHOT;2026-08-31T11:34:07.624Z
10.074.00;1007400;Outras guarnições, ferragens e artigos semelhantes de metais comuns, para construções, inclusive puxadores.;10. Materiais de construção e congêneres;VIGENTE_SNAPSHOT;;;CONFAZ_CV142_18;TABELASFISCAIS_SNAPSHOT;2026-08-31T11:34:07.624Z
10.075.00;1007500;Fechaduras e ferrolhos (de chave, de segredo ou elétricos), de metais comuns, incluídas as suas partes fechos e armações com fecho, com fechadura, de metais comuns chaves para estes artigos, de metais comuns - exceto os de uso automotivo;10. Materiais de construção e congêneres;VIGENTE_SNAPSHOT;;;CONFAZ_CV142_18;TABELASFISCAIS_SNAPSHOT;2026-08-31T11:34:07.624Z
10.076.00;1007600;Dobradiças de metais comuns, de qualquer tipo;10. Materiais de construção e congêneres;VIGENTE_SNAPSHOT;;;CONFAZ_CV142_18;TABELASFISCAIS_SNAPSHOT;2026-08-31T11:34:07.624Z
10.077.00;1007700;Tubos flexíveis de metais comuns, mesmo com acessórios, para uso na construção;10. Materiais de construção e congêneres;VIGENTE_SNAPSHOT;;;CONFAZ_CV142_18;TABELASFISCAIS_SNAPSHOT;2026-08-31T11:34:07.624Z
10.078.00;1007800;Fios, varetas, tubos, chapas, eletrodos e artefatos semelhantes, de metais comuns ou de carbonetos metálicos, revestidos exterior ou interiormente de decapantes ou de fundentes, para soldagem (soldadura) ou depósito de metal ou de carbonetos metálicos fios e varetas de pós de metais comuns aglomerados, para metalização por projeção;10. Materiais de construção e congêneres;VIGENTE_SNAPSHOT;;;CONFAZ_CV142_18;TABELASFISCAIS_SNAPSHOT;2026-08-31T11:34:07.624Z
10.079.00;1007900;Torneiras, válvulas (incluídas as redutoras de pressão e as termostáticas) e dispositivos semelhantes, para canalizações, caldeiras, reservatórios, cubas e outros recipientes;10. Materiais de construção e congêneres;VIGENTE_SNAPSHOT;;;CONFAZ_CV142_18;TABELASFISCAIS_SNAPSHOT;2026-08-31T11:34:07.624Z
10.080.00;1008000;Espelhos de vidro, mesmo emoldurados, exceto os de uso automotivo;10. Materiais de construção e congêneres;VIGENTE_SNAPSHOT;;;CONFAZ_CV142_18;TABELASFISCAIS_SNAPSHOT;2026-08-31T11:34:07.624Z
11.001.00;1100100;Água sanitária, branqueador e outros alvejantes;11. Materiais de limpeza;VIGENTE_SNAPSHOT;;;CONFAZ_CV142_18;TABELASFISCAIS_SNAPSHOT;2026-08-31T11:34:07.624Z
11.002.00;1100200;Sabões, desinfetantes e sanitizantes, todos em pó, flocos, palhetas, grânulos ou outras formas semelhantes, para lavar roupas;11. Materiais de limpeza;VIGENTE_SNAPSHOT;;;CONFAZ_CV142_18;TABELASFISCAIS_SNAPSHOT;2026-08-31T11:34:07.624Z
11.003.00;1100300;Sabões, desinfetantes e sanitizantes, todos líquidos para lavar roupas;11. Materiais de limpeza;VIGENTE_SNAPSHOT;;;CONFAZ_CV142_18;TABELASFISCAIS_SNAPSHOT;2026-08-31T11:34:07.624Z
11.004.00;1100400;Detergentes em pó, flocos, palhetas, grânulos ou outras formas semelhantes, inclusive adicionados de propriedades desinfetantes ou sanitizantes.;11. Materiais de limpeza;VIGENTE_SNAPSHOT;;;CONFAZ_CV142_18;TABELASFISCAIS_SNAPSHOT;2026-08-31T11:34:07.624Z
11.005.00;1100500;Detergentes líquidos, exceto para lavar roupa;11. Materiais de limpeza;VIGENTE_SNAPSHOT;;;CONFAZ_CV142_18;TABELASFISCAIS_SNAPSHOT;2026-08-31T11:34:07.624Z
11.006.00;1100600;Detergente líquido para lavar roupa, inclusive adicionados de propriedades desinfetantes ou sanitizantes.;11. Materiais de limpeza;VIGENTE_SNAPSHOT;;;CONFAZ_CV142_18;TABELASFISCAIS_SNAPSHOT;2026-08-31T11:34:07.624Z
11.007.00;1100700;Outros agentes orgânicos de superfície (exceto sabões) - preparações tensoativas, preparações para lavagem (incluídas as preparações auxiliares para lavagem) e preparações para limpeza (inclusive multiuso e limpadores), mesmo contendo sabão, exceto os produtos descritos nos CEST 11.001.00, 11.004.00, 11.005.00 e 11.006.00 - em embalagem de conteúdo inferior ou igual a 50 litros ou 50 kg;11. Materiais de limpeza;VIGENTE_SNAPSHOT;;;CONFAZ_CV142_18;TABELASFISCAIS_SNAPSHOT;2026-08-31T11:34:07.624Z
11.008.00;1100800;Amaciante/suavizante;11. Materiais de limpeza;VIGENTE_SNAPSHOT;;;CONFAZ_CV142_18;TABELASFISCAIS_SNAPSHOT;2026-08-31T11:34:07.624Z
11.009.00;1100900;Esponjas para limpeza;11. Materiais de limpeza;VIGENTE_SNAPSHOT;;;CONFAZ_CV142_18;TABELASFISCAIS_SNAPSHOT;2026-08-31T11:34:07.624Z
11.010.00;1101000;Álcool etílico para limpeza;11. Materiais de limpeza;VIGENTE_SNAPSHOT;;;CONFAZ_CV142_18;TABELASFISCAIS_SNAPSHOT;2026-08-31T11:34:07.624Z
11.011.00;1101100;Esponjas e palhas de aço - esponjas para limpeza, polimento ou uso semelhantes - todas de uso doméstico;11. Materiais de limpeza;VIGENTE_SNAPSHOT;;;CONFAZ_CV142_18;TABELASFISCAIS_SNAPSHOT;2026-08-31T11:34:07.624Z
11.012.00;1101200;Sacos de lixo de conteúdo igual ou inferior a 100 litros;11. Materiais de limpeza;VIGENTE_SNAPSHOT;;;CONFAZ_CV142_18;TABELASFISCAIS_SNAPSHOT;2026-08-31T11:34:07.624Z
12.001.00;1200100;Transformadores, bobinas de reatância e de auto indução, inclusive os transformadores de potência superior a 16 KVA, classificados nas posições 8504.33.00 e 8504.34.00 - exceto os demais transformadores da subposição 8504.3, os reatores para lâmpadas elétricas de descarga classificados no código 8504.10.00, os carregadores de acumuladores do código 8504.40.10, os equipamentos de alimentação ininterrupta de energia (UPS ou no break), no código 8504.40.40 e os de uso automotivo;12. Materiais elétricos;VIGENTE_SNAPSHOT;;;CONFAZ_CV142_18;TABELASFISCAIS_SNAPSHOT;2026-08-31T11:34:07.624Z
12.002.00;1200200;Aquecedores elétricos de água, incluídos os de imersão, chuveiros ou duchas elétricos, torneiras elétricas, resistências de aquecimento, inclusive as de duchas e chuveiros elétricos e suas partes - exceto outros fornos, fogareiros (incluídas as chapas de cocção), grelhas e assadeiras, classificados na posição 8516.60.00;12. Materiais elétricos;VIGENTE_SNAPSHOT;;;CONFAZ_CV142_18;TABELASFISCAIS_SNAPSHOT;2026-08-31T11:34:07.624Z
12.003.00;1200300;Aparelhos para interrupção, seccionamento, proteção, derivação, ligação ou conexão de circuitos elétricos (por exemplo, interruptores, comutadores, corta-circuitos, para-raios, limitadores de tensão, eliminadores de onda, tomadas de corrente e outros conectores, caixas de junção), para tensão superior a 1.000V, exceto os de uso automotivo;12. Materiais elétricos;VIGENTE_SNAPSHOT;;;CONFAZ_CV142_18;TABELASFISCAIS_SNAPSHOT;2026-08-31T11:34:07.624Z
12.004.00;1200400;Aparelhos para interrupção, seccionamento, proteção, derivação, ligação ou conexão de circuitos elétricos (por exemplo, interruptores, comutadores, relés, corta-circuitos, eliminadores de onda, plugues e tomadas de corrente, suportes para lâmpadas e outros conectores, caixas de junção), para uma tensão não superior a 1.000V - conectores para fibras ópticas, feixes ou cabos de fibras ópticas - exceto starter classificado na subposição 8536.50 e os de uso automotivo;12. Materiais elétricos;VIGENTE_SNAPSHOT;;;CONFAZ_CV142_18;TABELASFISCAIS_SNAPSHOT;2026-08-31T11:34:07.624Z
12.005.00;1200500;Partes reconhecíveis como exclusiva ou principalmente destinadas aos aparelhos das posições 8535 e 8536;12. Materiais elétricos;VIGENTE_SNAPSHOT;;;CONFAZ_CV142_18;TABELASFISCAIS_SNAPSHOT;2026-08-31T11:34:07.624Z
12.006.00;1200600;Cabos, tranças e semelhantes, de cobre, não isolados para usos elétricos, exceto os de uso automotivo;12. Materiais elétricos;VIGENTE_SNAPSHOT;;;CONFAZ_CV142_18;TABELASFISCAIS_SNAPSHOT;2026-08-31T11:34:07.624Z
12.007.00;1200700;Fios, cabos (incluídos os cabos coaxiais) e outros condutores, isolados ou não, para usos elétricos (incluídos os de cobre ou alumínio, envernizados ou oxidados anodicamente), mesmo com peças de conexão, inclusive fios e cabos elétricos, para tensão não superior a 1000V, para uso na construção - fios e cabos telefônicos e para transmissão de dados - cabos de fibras ópticas, constituídos de fibras embainhadas individualmente, mesmo com condutores elétricos ou munidos de peças de conexão - cordas, cabos, tranças e semelhantes, de alumínio, não isolados para uso elétricos - exceto os de uso automotivo;12. Materiais elétricos;VIGENTE_SNAPSHOT;;;CONFAZ_CV142_18;TABELASFISCAIS_SNAPSHOT;2026-08-31T11:34:07.624Z
12.008.00;1200800;Isoladores de qualquer matéria, para usos elétricos;12. Materiais elétricos;VIGENTE_SNAPSHOT;;;CONFAZ_CV142_18;TABELASFISCAIS_SNAPSHOT;2026-08-31T11:34:07.624Z
12.009.00;1200900;Peças isolantes inteiramente de matérias isolantes, ou com simples peças metálicas de montagem (suportes roscados, por exemplo) incorporadas na massa, para máquinas, aparelhos e instalações elétricas - tubos isoladores e suas peças de ligação, de metais comuns, isolados interiormente;12. Materiais elétricos;VIGENTE_SNAPSHOT;;;CONFAZ_CV142_18;TABELASFISCAIS_SNAPSHOT;2026-08-31T11:34:07.624Z
13.001.00;1300100;Medicamentos de referência - positiva, exceto para uso veterinário;13. Medicamentos de uso humano e outros produtos farmacêuticos para uso humano ou veterinário;VIGENTE_SNAPSHOT;;;CONFAZ_CV142_18;TABELASFISCAIS_SNAPSHOT;2026-08-31T11:34:07.624Z
13.001.01;1300101;Medicamentos de referência - negativa, exceto para uso veterinário;13. Medicamentos de uso humano e outros produtos farmacêuticos para uso humano ou veterinário;VIGENTE_SNAPSHOT;;;CONFAZ_CV142_18;TABELASFISCAIS_SNAPSHOT;2026-08-31T11:34:07.624Z
13.001.02;1300102;Medicamentos de referência - neutra, exceto para uso veterinário;13. Medicamentos de uso humano e outros produtos farmacêuticos para uso humano ou veterinário;VIGENTE_SNAPSHOT;;;CONFAZ_CV142_18;TABELASFISCAIS_SNAPSHOT;2026-08-31T11:34:07.624Z
13.002.00;1300200;Medicamentos genérico - positiva, exceto para uso veterinário;13. Medicamentos de uso humano e outros produtos farmacêuticos para uso humano ou veterinário;VIGENTE_SNAPSHOT;;;CONFAZ_CV142_18;TABELASFISCAIS_SNAPSHOT;2026-08-31T11:34:07.624Z
13.002.01;1300201;Medicamentos genérico - negativa, exceto para uso veterinário;13. Medicamentos de uso humano e outros produtos farmacêuticos para uso humano ou veterinário;VIGENTE_SNAPSHOT;;;CONFAZ_CV142_18;TABELASFISCAIS_SNAPSHOT;2026-08-31T11:34:07.624Z
13.002.02;1300202;Medicamentos genérico - neutra, exceto para uso veterinário;13. Medicamentos de uso humano e outros produtos farmacêuticos para uso humano ou veterinário;VIGENTE_SNAPSHOT;;;CONFAZ_CV142_18;TABELASFISCAIS_SNAPSHOT;2026-08-31T11:34:07.624Z
13.003.00;1300300;Medicamentos similar - positiva, exceto para uso veterinário;13. Medicamentos de uso humano e outros produtos farmacêuticos para uso humano ou veterinário;VIGENTE_SNAPSHOT;;;CONFAZ_CV142_18;TABELASFISCAIS_SNAPSHOT;2026-08-31T11:34:07.624Z
13.003.01;1300301;Medicamentos similar - negativa, exceto para uso veterinário;13. Medicamentos de uso humano e outros produtos farmacêuticos para uso humano ou veterinário;VIGENTE_SNAPSHOT;;;CONFAZ_CV142_18;TABELASFISCAIS_SNAPSHOT;2026-08-31T11:34:07.624Z
13.003.02;1300302;Medicamentos similar - neutra, exceto para uso veterinário;13. Medicamentos de uso humano e outros produtos farmacêuticos para uso humano ou veterinário;VIGENTE_SNAPSHOT;;;CONFAZ_CV142_18;TABELASFISCAIS_SNAPSHOT;2026-08-31T11:34:07.624Z
13.004.00;1300400;Outros tipos de medicamentos - positiva, exceto para uso veterinário;13. Medicamentos de uso humano e outros produtos farmacêuticos para uso humano ou veterinário;VIGENTE_SNAPSHOT;;;CONFAZ_CV142_18;TABELASFISCAIS_SNAPSHOT;2026-08-31T11:34:07.624Z
13.004.01;1300401;Outros tipos de medicamentos - negativa, exceto para uso veterinário;13. Medicamentos de uso humano e outros produtos farmacêuticos para uso humano ou veterinário;VIGENTE_SNAPSHOT;;;CONFAZ_CV142_18;TABELASFISCAIS_SNAPSHOT;2026-08-31T11:34:07.624Z
13.004.02;1300402;Outros tipos de medicamentos - neutra, exceto para uso veterinário;13. Medicamentos de uso humano e outros produtos farmacêuticos para uso humano ou veterinário;VIGENTE_SNAPSHOT;;;CONFAZ_CV142_18;TABELASFISCAIS_SNAPSHOT;2026-08-31T11:34:07.624Z
13.005.00;1300500;Preparações químicas contraceptivas de referência, à base de hormônios, de outros produtos da posição 29.37 ou de espermicidas - positiva.;13. Medicamentos de uso humano e outros produtos farmacêuticos para uso humano ou veterinário;VIGENTE_SNAPSHOT;;;CONFAZ_CV142_18;TABELASFISCAIS_SNAPSHOT;2026-08-31T11:34:07.624Z
13.005.01;1300501;Preparações químicas contraceptivas de referência, à base de hormônios, de outros produtos da posição 29.37 ou de espermicidas - negativa.;13. Medicamentos de uso humano e outros produtos farmacêuticos para uso humano ou veterinário;VIGENTE_SNAPSHOT;;;CONFAZ_CV142_18;TABELASFISCAIS_SNAPSHOT;2026-08-31T11:34:07.624Z
13.005.02;1300502;Preparações químicas contraceptivas genérico, à base de hormônios, de outros produtos da posição 29.37 ou de espermicidas – positiva.;13. Medicamentos de uso humano e outros produtos farmacêuticos para uso humano ou veterinário;VIGENTE_SNAPSHOT;;;CONFAZ_CV142_18;TABELASFISCAIS_SNAPSHOT;2026-08-31T11:34:07.624Z
13.005.03;1300503;Preparações químicas contraceptivas genérico, à base de hormônios, de outros produtos da posição 29.37 ou de espermicidas – negativa.;13. Medicamentos de uso humano e outros produtos farmacêuticos para uso humano ou veterinário;VIGENTE_SNAPSHOT;;;CONFAZ_CV142_18;TABELASFISCAIS_SNAPSHOT;2026-08-31T11:34:07.624Z
13.005.04;1300504;Preparações químicas contraceptivas similar, à base de hormônios, de outros produtos da posição 29.37 ou de espermicidas – positiva.;13. Medicamentos de uso humano e outros produtos farmacêuticos para uso humano ou veterinário;VIGENTE_SNAPSHOT;;;CONFAZ_CV142_18;TABELASFISCAIS_SNAPSHOT;2026-08-31T11:34:07.624Z
13.005.05;1300505;Preparações químicas contraceptivas similar, à base de hormônios, de outros produtos da posição 29.37 ou de espermicidas – negativa.;13. Medicamentos de uso humano e outros produtos farmacêuticos para uso humano ou veterinário;VIGENTE_SNAPSHOT;;;CONFAZ_CV142_18;TABELASFISCAIS_SNAPSHOT;2026-08-31T11:34:07.624Z
13.006.00;1300600;Provitaminas e vitaminas, naturais ou reproduzidas por síntese (incluídos os concentrados naturais), bem como os seus derivados utilizados principalmente como vitaminas, misturados ou não entre si, mesmo em quaisquer soluções - neutra;13. Medicamentos de uso humano e outros produtos farmacêuticos para uso humano ou veterinário;VIGENTE_SNAPSHOT;;;CONFAZ_CV142_18;TABELASFISCAIS_SNAPSHOT;2026-08-31T11:34:07.624Z
13.007.00;1300700;Preparações opacificantes (contrastantes) para exames radiográficos e reagentes de diagnóstico concebidos para serem administrados ao paciente - positiva;13. Medicamentos de uso humano e outros produtos farmacêuticos para uso humano ou veterinário;VIGENTE_SNAPSHOT;;;CONFAZ_CV142_18;TABELASFISCAIS_SNAPSHOT;2026-08-31T11:34:07.624Z
13.007.01;1300701;Preparações opacificantes (contrastantes) para exames radiográficos e reagentes de diagnóstico concebidos para serem administrados ao paciente - negativa;13. Medicamentos de uso humano e outros produtos farmacêuticos para uso humano ou veterinário;VIGENTE_SNAPSHOT;;;CONFAZ_CV142_18;TABELASFISCAIS_SNAPSHOT;2026-08-31T11:34:07.624Z
13.008.00;1300800;Antissoro, outras frações do sangue, produtos imunológicos modificados, mesmo obtidos por via biotecnológica, exceto para uso veterinário - positiva;13. Medicamentos de uso humano e outros produtos farmacêuticos para uso humano ou veterinário;VIGENTE_SNAPSHOT;;;CONFAZ_CV142_18;TABELASFISCAIS_SNAPSHOT;2026-08-31T11:34:07.624Z
13.008.01;1300801;Antissoro, outras frações do sangue, produtos imunológicos modificados, mesmo obtidos por via biotecnológica, exceto para uso veterinário - negativa;13. Medicamentos de uso humano e outros produtos farmacêuticos para uso humano ou veterinário;VIGENTE_SNAPSHOT;;;CONFAZ_CV142_18;TABELASFISCAIS_SNAPSHOT;2026-08-31T11:34:07.624Z
13.009.00;1300900;Vacinas e produtos semelhantes, exceto para uso veterinário - positiva;13. Medicamentos de uso humano e outros produtos farmacêuticos para uso humano ou veterinário;VIGENTE_SNAPSHOT;;;CONFAZ_CV142_18;TABELASFISCAIS_SNAPSHOT;2026-08-31T11:34:07.624Z
13.009.01;1300901;Vacinas e produtos semelhantes, exceto para uso veterinário - negativa;13. Medicamentos de uso humano e outros produtos farmacêuticos para uso humano ou veterinário;VIGENTE_SNAPSHOT;;;CONFAZ_CV142_18;TABELASFISCAIS_SNAPSHOT;2026-08-31T11:34:07.624Z
13.010.00;1301000;Curativos (pensos) adesivos e outros artigos com uma camada adesiva, impregnados ou recobertos de substâncias farmacêuticas - Lista Positiva;13. Medicamentos de uso humano e outros produtos farmacêuticos para uso humano ou veterinário;VIGENTE_SNAPSHOT;;;CONFAZ_CV142_18;TABELASFISCAIS_SNAPSHOT;2026-08-31T11:34:07.624Z
13.010.01;1301001;Curativos (pensos) adesivos e outros artigos com uma camada adesiva, impregnados ou recobertos de substâncias farmacêuticas - Lista Negativa;13. Medicamentos de uso humano e outros produtos farmacêuticos para uso humano ou veterinário;VIGENTE_SNAPSHOT;;;CONFAZ_CV142_18;TABELASFISCAIS_SNAPSHOT;2026-08-31T11:34:07.624Z
13.011.00;1301100;Algodão, atadura, esparadrapo, gazes, pensos, sinapismos, e outros, acondicionados para venda a retalho para usos medicinais, cirúrgicos ou dentários, não impregnados ou recobertos de substâncias farmacêuticas - Lista Neutra;13. Medicamentos de uso humano e outros produtos farmacêuticos para uso humano ou veterinário;VIGENTE_SNAPSHOT;;;CONFAZ_CV142_18;TABELASFISCAIS_SNAPSHOT;2026-08-31T11:34:07.624Z
13.012.00;1301200;Luvas cirúrgicas e luvas de procedimento - neutra;13. Medicamentos de uso humano e outros produtos farmacêuticos para uso humano ou veterinário;VIGENTE_SNAPSHOT;;;CONFAZ_CV142_18;TABELASFISCAIS_SNAPSHOT;2026-08-31T11:34:07.624Z
13.013.00;1301300;Preservativo – neutra;13. Medicamentos de uso humano e outros produtos farmacêuticos para uso humano ou veterinário;VIGENTE_SNAPSHOT;;;CONFAZ_CV142_18;TABELASFISCAIS_SNAPSHOT;2026-08-31T11:34:07.624Z
13.014.00;1301400;Seringas, mesmo com agulhas - neutra;13. Medicamentos de uso humano e outros produtos farmacêuticos para uso humano ou veterinário;VIGENTE_SNAPSHOT;;;CONFAZ_CV142_18;TABELASFISCAIS_SNAPSHOT;2026-08-31T11:34:07.624Z
13.015.00;1301500;Agulhas para seringas - neutra;13. Medicamentos de uso humano e outros produtos farmacêuticos para uso humano ou veterinário;VIGENTE_SNAPSHOT;;;CONFAZ_CV142_18;TABELASFISCAIS_SNAPSHOT;2026-08-31T11:34:07.624Z
13.016.00;1301600;Contraceptivos (dispositivos intrauterinos - DIU) - neutra;13. Medicamentos de uso humano e outros produtos farmacêuticos para uso humano ou veterinário;VIGENTE_SNAPSHOT;;;CONFAZ_CV142_18;TABELASFISCAIS_SNAPSHOT;2026-08-31T11:34:07.624Z
14.001.00;1400100;Objetos de vidro para serviço de mesa ou de cozinha;14. Papéis, plásticos, produtos cerâmicos e vidros;VIGENTE_SNAPSHOT;;;CONFAZ_CV142_18;TABELASFISCAIS_SNAPSHOT;2026-08-31T11:34:07.624Z
14.002.00;1400200;Outros copos, exceto de vitrocerâmica;14. Papéis, plásticos, produtos cerâmicos e vidros;VIGENTE_SNAPSHOT;;;CONFAZ_CV142_18;TABELASFISCAIS_SNAPSHOT;2026-08-31T11:34:07.624Z
14.003.00;1400300;Objetos para serviço de mesa (exceto copos) ou de cozinha, exceto de vitrocerâmica;14. Papéis, plásticos, produtos cerâmicos e vidros;VIGENTE_SNAPSHOT;;;CONFAZ_CV142_18;TABELASFISCAIS_SNAPSHOT;2026-08-31T11:34:07.624Z
14.004.00;1400400;Lonas plásticas, exceto as para uso na construção;14. Papéis, plásticos, produtos cerâmicos e vidros;VIGENTE_SNAPSHOT;;;CONFAZ_CV142_18;TABELASFISCAIS_SNAPSHOT;2026-08-31T11:34:07.624Z
14.005.00;1400500;Artefatos de higiene/toucador de plástico, exceto os para uso na construção;14. Papéis, plásticos, produtos cerâmicos e vidros;VIGENTE_SNAPSHOT;;;CONFAZ_CV142_18;TABELASFISCAIS_SNAPSHOT;2026-08-31T11:34:07.624Z
14.006.00;1400600;Serviços de mesa e outros utensílios de mesa ou de cozinha, de plástico, não descartáveis;14. Papéis, plásticos, produtos cerâmicos e vidros;VIGENTE_SNAPSHOT;;;CONFAZ_CV142_18;TABELASFISCAIS_SNAPSHOT;2026-08-31T11:34:07.624Z
14.006.01;1400601;Serviços de mesa e outros utensílios de mesa ou de cozinha, de plástico, descartáveis;14. Papéis, plásticos, produtos cerâmicos e vidros;VIGENTE_SNAPSHOT;;;CONFAZ_CV142_18;TABELASFISCAIS_SNAPSHOT;2026-08-31T11:34:07.624Z
14.007.00;1400700;Artigos para serviço de mesa ou de cozinha, de porcelana, inclusive os descartáveis - estojos;14. Papéis, plásticos, produtos cerâmicos e vidros;VIGENTE_SNAPSHOT;;;CONFAZ_CV142_18;TABELASFISCAIS_SNAPSHOT;2026-08-31T11:34:07.624Z
14.008.00;1400800;Artigos para serviço de mesa ou de cozinha, de porcelana, inclusive os descartáveis - avulsos;14. Papéis, plásticos, produtos cerâmicos e vidros;VIGENTE_SNAPSHOT;;;CONFAZ_CV142_18;TABELASFISCAIS_SNAPSHOT;2026-08-31T11:34:07.624Z
14.009.00;1400900;Artigos para serviço de mesa ou de cozinha, de cerâmica;14. Papéis, plásticos, produtos cerâmicos e vidros;VIGENTE_SNAPSHOT;;;CONFAZ_CV142_18;TABELASFISCAIS_SNAPSHOT;2026-08-31T11:34:07.624Z
14.010.00;1401000;Velas para filtros;14. Papéis, plásticos, produtos cerâmicos e vidros;VIGENTE_SNAPSHOT;;;CONFAZ_CV142_18;TABELASFISCAIS_SNAPSHOT;2026-08-31T11:34:07.624Z
14.011.00;1401100;Filtros descartáveis para coar café ou chá;14. Papéis, plásticos, produtos cerâmicos e vidros;VIGENTE_SNAPSHOT;;;CONFAZ_CV142_18;TABELASFISCAIS_SNAPSHOT;2026-08-31T11:34:07.624Z
14.012.00;1401200;Bandejas, travessas, pratos, xícaras ou chávenas, taças, copos e artigos semelhantes, de papel ou cartão;14. Papéis, plásticos, produtos cerâmicos e vidros;VIGENTE_SNAPSHOT;;;CONFAZ_CV142_18;TABELASFISCAIS_SNAPSHOT;2026-08-31T11:34:07.624Z
14.013.00;1401300;Papel para cigarro;14. Papéis, plásticos, produtos cerâmicos e vidros;VIGENTE_SNAPSHOT;;;CONFAZ_CV142_18;TABELASFISCAIS_SNAPSHOT;2026-08-31T11:34:07.624Z
16.001.00;1600100;Pneus novos, dos tipos utilizados em automóveis de passageiros (incluídos os veículos de uso misto - camionetas e os automóveis de corrida);16. Pneumáticos, câmaras de ar e protetores de borracha;VIGENTE_SNAPSHOT;;;CONFAZ_CV142_18;TABELASFISCAIS_SNAPSHOT;2026-08-31T11:34:07.624Z
16.002.00;1600200;Pneus novos, dos tipos utilizados em caminhões (inclusive para os fora-de-estrada), ônibus, aviões, máquinas de terraplenagem, de construção e conservação de estradas, máquinas e tratores agrícolas, pá-carregadeira;16. Pneumáticos, câmaras de ar e protetores de borracha;VIGENTE_SNAPSHOT;;;CONFAZ_CV142_18;TABELASFISCAIS_SNAPSHOT;2026-08-31T11:34:07.624Z
16.003.00;1600300;Pneus novos para motocicletas;16. Pneumáticos, câmaras de ar e protetores de borracha;VIGENTE_SNAPSHOT;;;CONFAZ_CV142_18;TABELASFISCAIS_SNAPSHOT;2026-08-31T11:34:07.624Z
16.004.00;1600400;Outros tipos de pneus novos, exceto os itens classificados no CEST 16.005.00;16. Pneumáticos, câmaras de ar e protetores de borracha;VIGENTE_SNAPSHOT;;;CONFAZ_CV142_18;TABELASFISCAIS_SNAPSHOT;2026-08-31T11:34:07.624Z
16.005.00;1600500;Pneus novos de borracha dos tipos utilizados em bicicletas;16. Pneumáticos, câmaras de ar e protetores de borracha;VIGENTE_SNAPSHOT;;;CONFAZ_CV142_18;TABELASFISCAIS_SNAPSHOT;2026-08-31T11:34:07.624Z
16.006.00;1600600;Pneus recauchutados;16. Pneumáticos, câmaras de ar e protetores de borracha;VIGENTE_SNAPSHOT;;;CONFAZ_CV142_18;TABELASFISCAIS_SNAPSHOT;2026-08-31T11:34:07.624Z
16.007.00;1600700;Protetores de borracha, exceto os itens classificados no CEST 16.007.01;16. Pneumáticos, câmaras de ar e protetores de borracha;VIGENTE_SNAPSHOT;;;CONFAZ_CV142_18;TABELASFISCAIS_SNAPSHOT;2026-08-31T11:34:07.624Z
16.007.01;1600701;Protetores de borracha para bicicletas;16. Pneumáticos, câmaras de ar e protetores de borracha;VIGENTE_SNAPSHOT;;;CONFAZ_CV142_18;TABELASFISCAIS_SNAPSHOT;2026-08-31T11:34:07.624Z
16.008.00;1600800;Câmaras de ar de borracha, exceto os itens classificados no CEST 16.009.00;16. Pneumáticos, câmaras de ar e protetores de borracha;VIGENTE_SNAPSHOT;;;CONFAZ_CV142_18;TABELASFISCAIS_SNAPSHOT;2026-08-31T11:34:07.624Z
16.009.00;1600900;Câmaras de ar de borracha dos tipos utilizados em bicicletas;16. Pneumáticos, câmaras de ar e protetores de borracha;VIGENTE_SNAPSHOT;;;CONFAZ_CV142_18;TABELASFISCAIS_SNAPSHOT;2026-08-31T11:34:07.624Z
17.001.00;1700100;Chocolate branco, em embalagens de conteúdo inferior ou igual a 1 kg, exceto os classificados no CEST 17.005.00;17. Produtos alimentícios;VIGENTE_SNAPSHOT;;;CONFAZ_CV142_18;TABELASFISCAIS_SNAPSHOT;2026-08-31T11:34:07.624Z
17.001.02;1700102;Coberturas de chocolate branco e outros produtos de confeitaria com manteiga de cacau, em embalagens de conteúdo inferior ou igual a 1 kg, exceto os classificados no CEST 17.008.00;17. Produtos alimentícios;VIGENTE_SNAPSHOT;;;CONFAZ_CV142_18;TABELASFISCAIS_SNAPSHOT;2026-08-31T11:34:07.624Z
17.001.03;1700103;Coberturas de chocolate branco e outros produtos de confeitaria com manteiga de cacau, em embalagens de conteúdo superior a 1 kg e inferior ou igual a 2 kg, exceto os classificados no CEST 17.008.00;17. Produtos alimentícios;VIGENTE_SNAPSHOT;;;CONFAZ_CV142_18;TABELASFISCAIS_SNAPSHOT;2026-08-31T11:34:07.624Z
17.002.01;1700201;Chocolates, em tabletes, barras ou paus, recheados, em recipientes ou embalagens de conteúdo superior a 1 kg e inferior ou igual a 2 kg;17. Produtos alimentícios;VIGENTE_SNAPSHOT;;;CONFAZ_CV142_18;TABELASFISCAIS_SNAPSHOT;2026-08-31T11:34:07.624Z
17.002.02;1700202;Outras preparações alimentícias que contenham cacau, em tabletes, barras ou paus, recheados, em recipientes ou embalagens imediatas de conteúdo inferior ou igual a 1 kg;17. Produtos alimentícios;VIGENTE_SNAPSHOT;;;CONFAZ_CV142_18;TABELASFISCAIS_SNAPSHOT;2026-08-31T11:34:07.624Z
17.002.03;1700203;Outras preparações alimentícias que contenham cacau, em tabletes, barras ou paus, recheados, em recipientes ou embalagens de conteúdo superior a 1 kg e inferior ou igual a 2 kg;17. Produtos alimentícios;VIGENTE_SNAPSHOT;;;CONFAZ_CV142_18;TABELASFISCAIS_SNAPSHOT;2026-08-31T11:34:07.624Z
17.003.00;1700300;Chocolates, em tabletes, barras ou paus, não recheados, em recipientes ou embalagens imediatas de conteúdo inferior ou igual a 2 kg;17. Produtos alimentícios;VIGENTE_SNAPSHOT;;;CONFAZ_CV142_18;TABELASFISCAIS_SNAPSHOT;2026-08-31T11:34:07.624Z
17.003.01;1700301;Outras preparações alimentícias que contenham cacau, em tabletes, barras ou paus, não recheados, em recipientes ou embalagens imediatas de conteúdo inferior ou igual a 2 kg;17. Produtos alimentícios;VIGENTE_SNAPSHOT;;;CONFAZ_CV142_18;TABELASFISCAIS_SNAPSHOT;2026-08-31T11:34:07.624Z
17.004.00;1700400;Chocolates e outras preparações alimentícias contendo cacau, em embalagens de conteúdo inferior ou igual a 1 kg, exceto os classificados nos CEST 17.005.01, 17.006.00, 17.006.02 e 17.007.00;17. Produtos alimentícios;VIGENTE_SNAPSHOT;;;CONFAZ_CV142_18;TABELASFISCAIS_SNAPSHOT;2026-08-31T11:34:07.624Z
17.004.01;1700401;Chocolates e outras preparações alimentícias contendo cacau, em embalagens de conteúdo superior a 1 kg e inferior ou igual a 2 kg, exceto os classificados nos CEST 17.005.01, 17.006.00, 17.006.02 e 17.007.00;17. Produtos alimentícios;VIGENTE_SNAPSHOT;;;CONFAZ_CV142_18;TABELASFISCAIS_SNAPSHOT;2026-08-31T11:34:07.624Z
17.005.00;1700500;Ovos de páscoa de chocolate branco;17. Produtos alimentícios;VIGENTE_SNAPSHOT;;;CONFAZ_CV142_18;TABELASFISCAIS_SNAPSHOT;2026-08-31T11:34:07.624Z
17.005.01;1700501;Ovos de páscoa de chocolate;17. Produtos alimentícios;VIGENTE_SNAPSHOT;;;CONFAZ_CV142_18;TABELASFISCAIS_SNAPSHOT;2026-08-31T11:34:07.624Z
17.006.00;1700600;Achocolatados em pó, em embalagens de conteúdo inferior ou igual a 1 kg, exceto os classificados no CEST 17.006.02;17. Produtos alimentícios;VIGENTE_SNAPSHOT;;;CONFAZ_CV142_18;TABELASFISCAIS_SNAPSHOT;2026-08-31T11:34:07.624Z
17.006.01;1700601;Cacau em pó, com adição de açúcar ou de outros edulcorantes, em embalagens de conteúdo inferior ou igual a 1kg;17. Produtos alimentícios;VIGENTE_SNAPSHOT;;;CONFAZ_CV142_18;TABELASFISCAIS_SNAPSHOT;2026-08-31T11:34:07.624Z
17.006.02;1700602;Achocolatados em pó, em cápsulas;17. Produtos alimentícios;VIGENTE_SNAPSHOT;;;CONFAZ_CV142_18;TABELASFISCAIS_SNAPSHOT;2026-08-31T11:34:07.624Z
17.007.00;1700700;Caixas de bombons contendo cacau, em embalagens de conteúdo inferior ou igual a 1 kg;17. Produtos alimentícios;VIGENTE_SNAPSHOT;;;CONFAZ_CV142_18;TABELASFISCAIS_SNAPSHOT;2026-08-31T11:34:07.624Z
17.008.00;1700800;Bombons, inclusive à base de chocolate branco sem cacau;17. Produtos alimentícios;VIGENTE_SNAPSHOT;;;CONFAZ_CV142_18;TABELASFISCAIS_SNAPSHOT;2026-08-31T11:34:07.624Z
17.009.00;1700900;Bombons, balas, caramelos, confeitos, pastilhas e outros produtos de confeitaria, contendo cacau;17. Produtos alimentícios;VIGENTE_SNAPSHOT;;;CONFAZ_CV142_18;TABELASFISCAIS_SNAPSHOT;2026-08-31T11:34:07.624Z
17.010.00;1701000;Sucos de frutas ou de produtos hortícolas - mistura de sucos;17. Produtos alimentícios;VIGENTE_SNAPSHOT;;;CONFAZ_CV142_18;TABELASFISCAIS_SNAPSHOT;2026-08-31T11:34:07.624Z
17.011.00;1701100;Água de coco;17. Produtos alimentícios;VIGENTE_SNAPSHOT;;;CONFAZ_CV142_18;TABELASFISCAIS_SNAPSHOT;2026-08-31T11:34:07.624Z
17.012.00;1701200;Leite em pó, blocos ou grânulos, exceto creme de leite;17. Produtos alimentícios;VIGENTE_SNAPSHOT;;;CONFAZ_CV142_18;TABELASFISCAIS_SNAPSHOT;2026-08-31T11:34:07.624Z
17.013.00;1701300;Farinha láctea;17. Produtos alimentícios;VIGENTE_SNAPSHOT;;;CONFAZ_CV142_18;TABELASFISCAIS_SNAPSHOT;2026-08-31T11:34:07.624Z
17.014.00;1701400;Leite modificado para alimentação de crianças;17. Produtos alimentícios;VIGENTE_SNAPSHOT;;;CONFAZ_CV142_18;TABELASFISCAIS_SNAPSHOT;2026-08-31T11:34:07.624Z
17.015.00;1701500;Preparações para alimentação infantil à base de farinhas, grumos, sêmolas ou amidos e outros;17. Produtos alimentícios;VIGENTE_SNAPSHOT;;;CONFAZ_CV142_18;TABELASFISCAIS_SNAPSHOT;2026-08-31T11:34:07.624Z
17.016.00;1701600;Leite longa vida (UHT - Ultra High Temperature), em recipiente de conteúdo inferior ou igual a 2 litros;17. Produtos alimentícios;VIGENTE_SNAPSHOT;;;CONFAZ_CV142_18;TABELASFISCAIS_SNAPSHOT;2026-08-31T11:34:07.624Z
17.016.01;1701601;Leite longa vida (UHT - Ultra High Temperature), em recipiente de conteúdo superior a 2 litros e inferior ou igual a 5 litros;17. Produtos alimentícios;VIGENTE_SNAPSHOT;;;CONFAZ_CV142_18;TABELASFISCAIS_SNAPSHOT;2026-08-31T11:34:07.624Z
17.017.00;1701700;Leite em recipiente de conteúdo inferior ou igual a 1 litro;17. Produtos alimentícios;VIGENTE_SNAPSHOT;;;CONFAZ_CV142_18;TABELASFISCAIS_SNAPSHOT;2026-08-31T11:34:07.624Z
17.017.01;1701701;Leite em recipiente de conteúdo superior a 1 litro e inferior ou igual a 5 litros;17. Produtos alimentícios;VIGENTE_SNAPSHOT;;;CONFAZ_CV142_18;TABELASFISCAIS_SNAPSHOT;2026-08-31T11:34:07.624Z
17.018.00;1701800;Leite do tipo pasteurizado em recipiente de conteúdo inferior ou igual a 1 litro;17. Produtos alimentícios;VIGENTE_SNAPSHOT;;;CONFAZ_CV142_18;TABELASFISCAIS_SNAPSHOT;2026-08-31T11:34:07.624Z
17.018.01;1701801;Leite do tipo pasteurizado em recipiente de conteúdo superior a 1 litro e inferior ou igual a 5 litros;17. Produtos alimentícios;VIGENTE_SNAPSHOT;;;CONFAZ_CV142_18;TABELASFISCAIS_SNAPSHOT;2026-08-31T11:34:07.624Z
17.019.00;1701900;Creme de leite, em recipiente de conteúdo inferior ou igual a 1 kg;17. Produtos alimentícios;VIGENTE_SNAPSHOT;;;CONFAZ_CV142_18;TABELASFISCAIS_SNAPSHOT;2026-08-31T11:34:07.624Z
17.019.01;1701901;Outros cremes de leite, em recipiente de conteúdo inferior ou igual a 1kg;17. Produtos alimentícios;VIGENTE_SNAPSHOT;;;CONFAZ_CV142_18;TABELASFISCAIS_SNAPSHOT;2026-08-31T11:34:07.624Z
17.019.02;1701902;Outros cremes de leite, em recipiente de conteúdo inferior ou igual a 1kg;17. Produtos alimentícios;VIGENTE_SNAPSHOT;;;CONFAZ_CV142_18;TABELASFISCAIS_SNAPSHOT;2026-08-31T11:34:07.624Z
17.019.03;1701903;Outros cremes de leite, em recipiente de conteúdo superior a 1kg;17. Produtos alimentícios;VIGENTE_SNAPSHOT;;;CONFAZ_CV142_18;TABELASFISCAIS_SNAPSHOT;2026-08-31T11:34:07.624Z
17.020.00;1702000;Leite condensado, em recipiente de conteúdo inferior ou igual a 1 kg;17. Produtos alimentícios;VIGENTE_SNAPSHOT;;;CONFAZ_CV142_18;TABELASFISCAIS_SNAPSHOT;2026-08-31T11:34:07.624Z
17.020.01;1702001;Leite condensado, em recipiente de conteúdo superior a 1 kg;17. Produtos alimentícios;VIGENTE_SNAPSHOT;;;CONFAZ_CV142_18;TABELASFISCAIS_SNAPSHOT;2026-08-31T11:34:07.624Z
17.021.00;1702100;Iogurte e leite fermentado em recipiente de conteúdo inferior ou igual a 2 litros, exceto o item classificado no CEST 17.022.00;17. Produtos alimentícios;VIGENTE_SNAPSHOT;;;CONFAZ_CV142_18;TABELASFISCAIS_SNAPSHOT;2026-08-31T11:34:07.624Z
17.021.01;1702101;Iogurte e leite fermentado em recipiente de conteúdo superior a 2 litros, exceto o item classificado no CEST 17.022.00;17. Produtos alimentícios;VIGENTE_SNAPSHOT;;;CONFAZ_CV142_18;TABELASFISCAIS_SNAPSHOT;2026-08-31T11:34:07.624Z
17.022.00;1702200;Coalhada;17. Produtos alimentícios;VIGENTE_SNAPSHOT;;;CONFAZ_CV142_18;TABELASFISCAIS_SNAPSHOT;2026-08-31T11:34:07.624Z
17.023.00;1702300;Requeijão e similares, em recipiente de conteúdo inferior ou igual a 1 kg, exceto as embalagens individuais de conteúdo inferior ou igual a 10 g;17. Produtos alimentícios;VIGENTE_SNAPSHOT;;;CONFAZ_CV142_18;TABELASFISCAIS_SNAPSHOT;2026-08-31T11:34:07.624Z
17.023.01;1702301;Requeijão e similares, em recipiente de conteúdo superior a 1 kg;17. Produtos alimentícios;VIGENTE_SNAPSHOT;;;CONFAZ_CV142_18;TABELASFISCAIS_SNAPSHOT;2026-08-31T11:34:07.624Z
17.024.00;1702400;Queijos, exceto os dos CEST 17.024.01, 17.024.02, 17.024.03, 17.024.04 e 17.024.05;17. Produtos alimentícios;VIGENTE_SNAPSHOT;;;CONFAZ_CV142_18;TABELASFISCAIS_SNAPSHOT;2026-08-31T11:34:07.624Z
17.024.01;1702401;Queijo muçarela;17. Produtos alimentícios;VIGENTE_SNAPSHOT;;;CONFAZ_CV142_18;TABELASFISCAIS_SNAPSHOT;2026-08-31T11:34:07.624Z
17.024.02;1702402;Queijo minas frescal;17. Produtos alimentícios;VIGENTE_SNAPSHOT;;;CONFAZ_CV142_18;TABELASFISCAIS_SNAPSHOT;2026-08-31T11:34:07.624Z
17.024.03;1702403;Queijo ricota;17. Produtos alimentícios;VIGENTE_SNAPSHOT;;;CONFAZ_CV142_18;TABELASFISCAIS_SNAPSHOT;2026-08-31T11:34:07.624Z
17.024.04;1702404;Queijo petit suisse;17. Produtos alimentícios;VIGENTE_SNAPSHOT;;;CONFAZ_CV142_18;TABELASFISCAIS_SNAPSHOT;2026-08-31T11:34:07.624Z
17.024.05;1702405;Queijo cremoso (cream cheese);17. Produtos alimentícios;VIGENTE_SNAPSHOT;;;CONFAZ_CV142_18;TABELASFISCAIS_SNAPSHOT;2026-08-31T11:34:07.624Z
17.025.00;1702500;Manteiga, em embalagem de conteúdo inferior ou igual a 1 kg, exceto as embalagens individuais de conteúdo inferior ou igual a 10 g;17. Produtos alimentícios;VIGENTE_SNAPSHOT;;;CONFAZ_CV142_18;TABELASFISCAIS_SNAPSHOT;2026-08-31T11:34:07.624Z
17.025.01;1702501;Manteiga, em embalagem de conteúdo superior a 1 kg;17. Produtos alimentícios;VIGENTE_SNAPSHOT;;;CONFAZ_CV142_18;TABELASFISCAIS_SNAPSHOT;2026-08-31T11:34:07.624Z
17.025.02;1702502;Manteiga de garrafa;17. Produtos alimentícios;VIGENTE_SNAPSHOT;;;CONFAZ_CV142_18;TABELASFISCAIS_SNAPSHOT;2026-08-31T11:34:07.624Z
17.026.00;1702600;Margarina e creme vegetal em recipiente de conteúdo inferior ou igual a 500 g, exceto as embalagens individuais de conteúdo inferior ou igual a 10 g;17. Produtos alimentícios;VIGENTE_SNAPSHOT;;;CONFAZ_CV142_18;TABELASFISCAIS_SNAPSHOT;2026-08-31T11:34:07.624Z
17.027.00;1702700;Margarina e creme vegetal, em recipiente de conteúdo superior a 500 g e inferior ou igual a 1 kg, exceto as embalagens individuais de conteúdo inferior ou igual a 10 g;17. Produtos alimentícios;VIGENTE_SNAPSHOT;;;CONFAZ_CV142_18;TABELASFISCAIS_SNAPSHOT;2026-08-31T11:34:07.624Z
17.027.01;1702701;Margarina e creme vegetal, em recipiente de conteúdo superior a 1 kg;17. Produtos alimentícios;VIGENTE_SNAPSHOT;;;CONFAZ_CV142_18;TABELASFISCAIS_SNAPSHOT;2026-08-31T11:34:07.624Z
17.027.02;1702702;Outras margarinas e cremes vegetais em recipiente de conteúdo inferior a 1 kg, exceto as embalagens individuais de conteúdo inferior ou igual a 10 g;17. Produtos alimentícios;VIGENTE_SNAPSHOT;;;CONFAZ_CV142_18;TABELASFISCAIS_SNAPSHOT;2026-08-31T11:34:07.624Z
17.028.00;1702800;Gorduras e óleos vegetais e respectivas frações, parcial ou totalmente hidrogenados, interesterificados, reesterificados ou elaidinizados, mesmo refinados, mas não preparados de outro modo, em recipiente de conteúdo inferior ou igual a 1 kg, exceto as embalagens individuais de conteúdo inferior ou igual a 10 g;17. Produtos alimentícios;VIGENTE_SNAPSHOT;;;CONFAZ_CV142_18;TABELASFISCAIS_SNAPSHOT;2026-08-31T11:34:07.624Z
17.028.01;1702801;Gorduras e óleos vegetais e respectivas frações, parcial ou totalmente hidrogenados, interesterificados, reesterificados ou elaidinizados, mesmo refinados, mas não preparados de outro modo, em recipiente de conteúdo superior a 1 kg, exceto as embalagens individuais de conteúdo inferior ou igual a 10 g;17. Produtos alimentícios;VIGENTE_SNAPSHOT;;;CONFAZ_CV142_18;TABELASFISCAIS_SNAPSHOT;2026-08-31T11:34:07.624Z
17.029.00;1702900;Doces de leite;17. Produtos alimentícios;VIGENTE_SNAPSHOT;;;CONFAZ_CV142_18;TABELASFISCAIS_SNAPSHOT;2026-08-31T11:34:07.624Z
17.030.00;1703000;Produtos à base de cereais, obtidos por expansão ou torrefação;17. Produtos alimentícios;VIGENTE_SNAPSHOT;;;CONFAZ_CV142_18;TABELASFISCAIS_SNAPSHOT;2026-08-31T11:34:07.624Z
17.031.00;1703100;Salgadinhos diversos, exceto os classificados no CEST 17.031.01 e 17.031.02;17. Produtos alimentícios;VIGENTE_SNAPSHOT;;;CONFAZ_CV142_18;TABELASFISCAIS_SNAPSHOT;2026-08-31T11:34:07.624Z
17.031.01;1703101;Salgadinhos diversos, derivados de farinha de trigo;17. Produtos alimentícios;VIGENTE_SNAPSHOT;;;CONFAZ_CV142_18;TABELASFISCAIS_SNAPSHOT;2026-08-31T11:34:07.624Z
17.031.02;1703102;Biscoitos de polvilho;17. Produtos alimentícios;VIGENTE_SNAPSHOT;;;CONFAZ_CV142_18;TABELASFISCAIS_SNAPSHOT;2026-08-31T11:34:07.624Z
17.032.00;1703200;Batata frita, inhame e mandioca fritos;17. Produtos alimentícios;VIGENTE_SNAPSHOT;;;CONFAZ_CV142_18;TABELASFISCAIS_SNAPSHOT;2026-08-31T11:34:07.624Z
17.033.00;1703300;Amendoim e castanhas tipo aperitivo, em embalagem de conteúdo inferior ou igual a 1 kg;17. Produtos alimentícios;VIGENTE_SNAPSHOT;;;CONFAZ_CV142_18;TABELASFISCAIS_SNAPSHOT;2026-08-31T11:34:07.624Z
17.033.01;1703301;Amendoim e castanhas tipo aperitivo, em embalagem de conteúdo superior a 1 kg;17. Produtos alimentícios;VIGENTE_SNAPSHOT;;;CONFAZ_CV142_18;TABELASFISCAIS_SNAPSHOT;2026-08-31T11:34:07.624Z
17.034.00;1703400;Catchup em embalagens imediatas de conteúdo inferior ou igual a 650 g, exceto as embalagens contendo envelopes individualizados (sachês) de conteúdo inferior ou igual a 10 g;17. Produtos alimentícios;VIGENTE_SNAPSHOT;;;CONFAZ_CV142_18;TABELASFISCAIS_SNAPSHOT;2026-08-31T11:34:07.624Z
17.035.00;1703500;Condimentos e temperos compostos, incluindo molho de pimenta e outros molhos, em embalagens imediatas de conteúdo inferior ou igual a 1 kg, exceto as embalagens contendo envelopes individualizados (sachês) de conteúdo inferior ou igual a 3 g;17. Produtos alimentícios;VIGENTE_SNAPSHOT;;;CONFAZ_CV142_18;TABELASFISCAIS_SNAPSHOT;2026-08-31T11:34:07.624Z
17.036.00;1703600;Molhos de soja preparados em embalagens imediatas de conteúdo inferior ou igual a 650 g, exceto as embalagens contendo envelopes individualizados (sachês) de conteúdo inferior ou igual a 10 g;17. Produtos alimentícios;VIGENTE_SNAPSHOT;;;CONFAZ_CV142_18;TABELASFISCAIS_SNAPSHOT;2026-08-31T11:34:07.624Z
17.037.00;1703700;Farinha de mostarda em embalagens de conteúdo inferior ou igual a 1 kg;17. Produtos alimentícios;VIGENTE_SNAPSHOT;;;CONFAZ_CV142_18;TABELASFISCAIS_SNAPSHOT;2026-08-31T11:34:07.624Z
17.038.00;1703800;Mostarda preparada em embalagens imediatas de conteúdo inferior ou igual a 650 g, exceto as embalagens contendo envelopes individualizados (sachês) de conteúdo inferior ou igual a 10 g;17. Produtos alimentícios;VIGENTE_SNAPSHOT;;;CONFAZ_CV142_18;TABELASFISCAIS_SNAPSHOT;2026-08-31T11:34:07.624Z
17.039.00;1703900;Maionese em embalagens imediatas de conteúdo inferior ou igual a 650 g, exceto as embalagens contendo envelopes individualizados (sachês) de conteúdo inferior ou igual a 10 g;17. Produtos alimentícios;VIGENTE_SNAPSHOT;;;CONFAZ_CV142_18;TABELASFISCAIS_SNAPSHOT;2026-08-31T11:34:07.624Z
17.040.00;1704000;Tomates preparados ou conservados, exceto em vinagre ou em ácido acético, em embalagens de conteúdo inferior ou igual a 1 kg;17. Produtos alimentícios;VIGENTE_SNAPSHOT;;;CONFAZ_CV142_18;TABELASFISCAIS_SNAPSHOT;2026-08-31T11:34:07.624Z
17.041.00;1704100;Molhos de tomate em embalagens imediatas de conteúdo inferior ou igual a 1 kg;17. Produtos alimentícios;VIGENTE_SNAPSHOT;;;CONFAZ_CV142_18;TABELASFISCAIS_SNAPSHOT;2026-08-31T11:34:07.624Z
17.042.00;1704200;Barra de cereais;17. Produtos alimentícios;VIGENTE_SNAPSHOT;;;CONFAZ_CV142_18;TABELASFISCAIS_SNAPSHOT;2026-08-31T11:34:07.624Z
17.043.00;1704300;Barra de cereais contendo cacau;17. Produtos alimentícios;VIGENTE_SNAPSHOT;;;CONFAZ_CV142_18;TABELASFISCAIS_SNAPSHOT;2026-08-31T11:34:07.624Z
17.044.00;1704400;Farinha de trigo especial, em embalagem inferior ou igual a 1 kg;17. Produtos alimentícios;VIGENTE_SNAPSHOT;;;CONFAZ_CV142_18;TABELASFISCAIS_SNAPSHOT;2026-08-31T11:34:07.624Z
17.044.01;1704401;Farinha de trigo especial, em embalagem superior a 1 kg e inferior a 5 kg;17. Produtos alimentícios;VIGENTE_SNAPSHOT;;;CONFAZ_CV142_18;TABELASFISCAIS_SNAPSHOT;2026-08-31T11:34:07.624Z
17.044.02;1704402;Farinha de trigo especial, em embalagem igual a 5 kg;17. Produtos alimentícios;VIGENTE_SNAPSHOT;;;CONFAZ_CV142_18;TABELASFISCAIS_SNAPSHOT;2026-08-31T11:34:07.624Z
17.044.03;1704403;Farinha de trigo especial, em embalagem superior a 5 kg e inferior ou igual a 25 kg;17. Produtos alimentícios;VIGENTE_SNAPSHOT;;;CONFAZ_CV142_18;TABELASFISCAIS_SNAPSHOT;2026-08-31T11:34:07.624Z
17.044.04;1704404;Farinha de trigo especial, em embalagem superior a 25 kg e inferior ou igual a 50 kg;17. Produtos alimentícios;VIGENTE_SNAPSHOT;;;CONFAZ_CV142_18;TABELASFISCAIS_SNAPSHOT;2026-08-31T11:34:07.624Z
17.044.05;1704405;Farinha de trigo comum, em embalagem igual a 5 kg;17. Produtos alimentícios;VIGENTE_SNAPSHOT;;;CONFAZ_CV142_18;TABELASFISCAIS_SNAPSHOT;2026-08-31T11:34:07.624Z
17.044.06;1704406;Farinha de trigo comum, em embalagem superior a 5 kg e inferior ou igual a 25 kg;17. Produtos alimentícios;VIGENTE_SNAPSHOT;;;CONFAZ_CV142_18;TABELASFISCAIS_SNAPSHOT;2026-08-31T11:34:07.624Z
17.044.07;1704407;Farinha de trigo comum, em embalagem superior a 25 kg e inferior ou igual a 50 kg;17. Produtos alimentícios;VIGENTE_SNAPSHOT;;;CONFAZ_CV142_18;TABELASFISCAIS_SNAPSHOT;2026-08-31T11:34:07.624Z
17.044.08;1704408;Farinha de trigo doméstica especial, em embalagem superior a 5 kg e inferior e igual a 10 kg;17. Produtos alimentícios;VIGENTE_SNAPSHOT;;;CONFAZ_CV142_18;TABELASFISCAIS_SNAPSHOT;2026-08-31T11:34:07.624Z
17.044.09;1704409;Farinha de trigo doméstica com fermento, em embalagem superior a 5 kg e inferior e igual a 10 kg;17. Produtos alimentícios;VIGENTE_SNAPSHOT;;;CONFAZ_CV142_18;TABELASFISCAIS_SNAPSHOT;2026-08-31T11:34:07.624Z
17.044.10;1704410;Farinha de trigo especial, em embalagem superior a 50 Kg;17. Produtos alimentícios;VIGENTE_SNAPSHOT;;;CONFAZ_CV142_18;TABELASFISCAIS_SNAPSHOT;2026-08-31T11:34:07.624Z
17.044.11;1704411;Farinha de trigo comum, em embalagem inferior ou igual a 1 kg;17. Produtos alimentícios;VIGENTE_SNAPSHOT;;;CONFAZ_CV142_18;TABELASFISCAIS_SNAPSHOT;2026-08-31T11:34:07.624Z
17.044.12;1704412;Farinha de trigo comum, em embalagem superior a 1 kg e inferior a 5 Kg;17. Produtos alimentícios;VIGENTE_SNAPSHOT;;;CONFAZ_CV142_18;TABELASFISCAIS_SNAPSHOT;2026-08-31T11:34:07.624Z
17.044.13;1704413;Farinha de trigo comum, em embalagem superior a 50 kg;17. Produtos alimentícios;VIGENTE_SNAPSHOT;;;CONFAZ_CV142_18;TABELASFISCAIS_SNAPSHOT;2026-08-31T11:34:07.624Z
17.044.14;1704414;Farinha de trigo doméstica especial, em embalagem inferior ou igual a 1 kg;17. Produtos alimentícios;VIGENTE_SNAPSHOT;;;CONFAZ_CV142_18;TABELASFISCAIS_SNAPSHOT;2026-08-31T11:34:07.624Z
17.044.15;1704415;Farinha de trigo doméstica especial, em embalagem superior a 1 kg e inferior a 5 Kg;17. Produtos alimentícios;VIGENTE_SNAPSHOT;;;CONFAZ_CV142_18;TABELASFISCAIS_SNAPSHOT;2026-08-31T11:34:07.624Z
17.044.16;1704416;Farinha de trigo doméstica especial, em embalagem igual a 5 Kg;17. Produtos alimentícios;VIGENTE_SNAPSHOT;;;CONFAZ_CV142_18;TABELASFISCAIS_SNAPSHOT;2026-08-31T11:34:07.624Z
17.044.17;1704417;Farinha de trigo doméstica especial, em embalagem superior a 10 Kg;17. Produtos alimentícios;VIGENTE_SNAPSHOT;;;CONFAZ_CV142_18;TABELASFISCAIS_SNAPSHOT;2026-08-31T11:34:07.624Z
17.044.18;1704418;Farinha de trigo doméstica com fermento, em embalagem inferior ou igual a 1 kg;17. Produtos alimentícios;VIGENTE_SNAPSHOT;;;CONFAZ_CV142_18;TABELASFISCAIS_SNAPSHOT;2026-08-31T11:34:07.624Z
17.044.19;1704419;Farinha de trigo doméstica com fermento, em embalagem superior a 1 kg e inferior a 5 Kg;17. Produtos alimentícios;VIGENTE_SNAPSHOT;;;CONFAZ_CV142_18;TABELASFISCAIS_SNAPSHOT;2026-08-31T11:34:07.624Z
17.044.20;1704420;Farinha de trigo doméstica com fermento, em embalagem igual a 5 Kg;17. Produtos alimentícios;VIGENTE_SNAPSHOT;;;CONFAZ_CV142_18;TABELASFISCAIS_SNAPSHOT;2026-08-31T11:34:07.624Z
17.044.21;1704421;Farinha de trigo doméstica com fermento, em embalagem superior a 10 Kg;17. Produtos alimentícios;VIGENTE_SNAPSHOT;;;CONFAZ_CV142_18;TABELASFISCAIS_SNAPSHOT;2026-08-31T11:34:07.624Z
17.044.22;1704422;Outras farinhas de trigo, em embalagem inferior ou igual a 1 kg;17. Produtos alimentícios;VIGENTE_SNAPSHOT;;;CONFAZ_CV142_18;TABELASFISCAIS_SNAPSHOT;2026-08-31T11:34:07.624Z
17.044.23;1704423;Outras farinhas de trigo, em embalagem superior a 1 kg e inferior a 5 Kg;17. Produtos alimentícios;VIGENTE_SNAPSHOT;;;CONFAZ_CV142_18;TABELASFISCAIS_SNAPSHOT;2026-08-31T11:34:07.624Z
17.044.24;1704424;Outras farinhas de trigo, em embalagem igual a 5 Kg;17. Produtos alimentícios;VIGENTE_SNAPSHOT;;;CONFAZ_CV142_18;TABELASFISCAIS_SNAPSHOT;2026-08-31T11:34:07.624Z
17.044.25;1704425;Outras farinhas de trigo, em embalagem superior a 5 Kg e inferior ou igual a 25 kg;17. Produtos alimentícios;VIGENTE_SNAPSHOT;;;CONFAZ_CV142_18;TABELASFISCAIS_SNAPSHOT;2026-08-31T11:34:07.624Z
17.044.26;1704426;Outras farinhas de trigo, em embalagem superior a 25 Kg e inferior ou igual a 50 kg;17. Produtos alimentícios;VIGENTE_SNAPSHOT;;;CONFAZ_CV142_18;TABELASFISCAIS_SNAPSHOT;2026-08-31T11:34:07.624Z
17.044.27;1704427;Outras farinhas de trigo, em embalagem superior a 50 Kg;17. Produtos alimentícios;VIGENTE_SNAPSHOT;;;CONFAZ_CV142_18;TABELASFISCAIS_SNAPSHOT;2026-08-31T11:34:07.624Z
17.045.00;1704500;Farinha de mistura de trigo com centeio (méteil);17. Produtos alimentícios;VIGENTE_SNAPSHOT;;;CONFAZ_CV142_18;TABELASFISCAIS_SNAPSHOT;2026-08-31T11:34:07.624Z
17.046.00;1704600;Misturas e preparações para bolos, em embalagem inferior 5 kg;17. Produtos alimentícios;VIGENTE_SNAPSHOT;;;CONFAZ_CV142_18;TABELASFISCAIS_SNAPSHOT;2026-08-31T11:34:07.624Z
17.046.01;1704601;Misturas e preparações para bolos, em embalagem igual a 5 kg;17. Produtos alimentícios;VIGENTE_SNAPSHOT;;;CONFAZ_CV142_18;TABELASFISCAIS_SNAPSHOT;2026-08-31T11:34:07.624Z
17.046.02;1704602;Misturas e preparações para bolos, em embalagem superior a 5 kg e inferior ou igual a 25 Kg;17. Produtos alimentícios;VIGENTE_SNAPSHOT;;;CONFAZ_CV142_18;TABELASFISCAIS_SNAPSHOT;2026-08-31T11:34:07.624Z
17.046.03;1704603;Misturas e preparações para bolos, em embalagem superior a 25 kg e inferior ou igual a 50 Kg;17. Produtos alimentícios;VIGENTE_SNAPSHOT;;;CONFAZ_CV142_18;TABELASFISCAIS_SNAPSHOT;2026-08-31T11:34:07.624Z
17.046.04;1704604;Misturas e preparações para bolos, em embalagem superior a 50;17. Produtos alimentícios;VIGENTE_SNAPSHOT;;;CONFAZ_CV142_18;TABELASFISCAIS_SNAPSHOT;2026-08-31T11:34:07.624Z
17.046.05;1704605;Misturas e preparações para pães com menos de 80% de farinha de trigo na sua composição final, em embalagem inferior a 5 kg;17. Produtos alimentícios;VIGENTE_SNAPSHOT;;;CONFAZ_CV142_18;TABELASFISCAIS_SNAPSHOT;2026-08-31T11:34:07.624Z
17.046.06;1704606;Misturas e preparações para pães com menos de 80% de farinha de trigo na sua composição final, em embalagem igual a 5 kg;17. Produtos alimentícios;VIGENTE_SNAPSHOT;;;CONFAZ_CV142_18;TABELASFISCAIS_SNAPSHOT;2026-08-31T11:34:07.624Z
17.046.07;1704607;Misturas e preparações para pães com menos de 80% de farinha de trigo na sua composição final, em embalagem superior a 5 kg e inferior ou igual a 25 Kg;17. Produtos alimentícios;VIGENTE_SNAPSHOT;;;CONFAZ_CV142_18;TABELASFISCAIS_SNAPSHOT;2026-08-31T11:34:07.624Z
17.046.08;1704608;Misturas e preparações para pães com menos de 80% de farinha de trigo na sua composição final, em embalagem superior a 25 kg e inferior ou igual a 50 Kg;17. Produtos alimentícios;VIGENTE_SNAPSHOT;;;CONFAZ_CV142_18;TABELASFISCAIS_SNAPSHOT;2026-08-31T11:34:07.624Z
17.046.09;1704609;Misturas e preparações para pães com menos de 80% de farinha de trigo na sua composição final, em embalagem superior a 50 Kg;17. Produtos alimentícios;VIGENTE_SNAPSHOT;;;CONFAZ_CV142_18;TABELASFISCAIS_SNAPSHOT;2026-08-31T11:34:07.624Z
17.046.10;1704610;Misturas e preparações para pães com, no mínimo, 80% de farinha de trigo na sua composição final, em embalagem inferior a 5 kg;17. Produtos alimentícios;VIGENTE_SNAPSHOT;;;CONFAZ_CV142_18;TABELASFISCAIS_SNAPSHOT;2026-08-31T11:34:07.624Z
17.046.11;1704611;Misturas e preparações para pães com, no mínimo, 80% de farinha de trigo na sua composição final, em embalagem igual a 5 kg;17. Produtos alimentícios;VIGENTE_SNAPSHOT;;;CONFAZ_CV142_18;TABELASFISCAIS_SNAPSHOT;2026-08-31T11:34:07.624Z
17.046.12;1704612;Misturas e preparações para pães com, no mínimo, 80% de farinha de trigo na sua composição final, em embalagem superior a 5 kg e inferior ou igual a 25 Kg;17. Produtos alimentícios;VIGENTE_SNAPSHOT;;;CONFAZ_CV142_18;TABELASFISCAIS_SNAPSHOT;2026-08-31T11:34:07.624Z
17.046.13;1704613;Misturas e preparações para pães com, no mínimo, 80% de farinha de trigo na sua composição final, em embalagem superior a 25 kg e inferior ou igual a 50 Kg;17. Produtos alimentícios;VIGENTE_SNAPSHOT;;;CONFAZ_CV142_18;TABELASFISCAIS_SNAPSHOT;2026-08-31T11:34:07.624Z
17.046.14;1704614;Misturas e preparações para pães com, no mínimo, 80% de farinha de trigo na sua composição final, em embalagem superior a 50 Kg;17. Produtos alimentícios;VIGENTE_SNAPSHOT;;;CONFAZ_CV142_18;TABELASFISCAIS_SNAPSHOT;2026-08-31T11:34:07.624Z
17.046.15;1704615;Misturas e pastas para a preparação de produtos de padaria, pastelaria e da indústria de bolachas e biscoitos, da posição 19.05, exceto os previstos nos CEST 17.046.00 a 17.046.14 e 17.046.16.;17. Produtos alimentícios;VIGENTE_SNAPSHOT;;;CONFAZ_CV142_18;TABELASFISCAIS_SNAPSHOT;2026-08-31T11:34:07.624Z
17.046.16;1704616;Misturas e preparações com, no mínimo, 80% de farinha de trigo na sua composição final, exceto as descritas nos CEST 17.046.10 a 17.046.15.;17. Produtos alimentícios;VIGENTE_SNAPSHOT;;;CONFAZ_CV142_18;TABELASFISCAIS_SNAPSHOT;2026-08-31T11:34:07.624Z
17.047.00;1704700;Massas alimentícias tipo instantânea, exceto as descritas no CEST 17047.01.;17. Produtos alimentícios;VIGENTE_SNAPSHOT;;;CONFAZ_CV142_18;TABELASFISCAIS_SNAPSHOT;2026-08-31T11:34:07.624Z
17.047.01;1704701;Massas alimentícias tipo instantânea, derivadas de farinha de trigo.;17. Produtos alimentícios;VIGENTE_SNAPSHOT;;;CONFAZ_CV142_18;TABELASFISCAIS_SNAPSHOT;2026-08-31T11:34:07.624Z
17.048.00;1704800;Massas alimentícias, cozidas ou recheadas (de carne ou de outras substâncias) ou preparadas de outro modo, exceto as descritas nos CEST 17.047.00, 17.048.01, e 17.048.02;17. Produtos alimentícios;VIGENTE_SNAPSHOT;;;CONFAZ_CV142_18;TABELASFISCAIS_SNAPSHOT;2026-08-31T11:34:07.624Z
17.048.01;1704801;Cuscuz;17. Produtos alimentícios;VIGENTE_SNAPSHOT;;;CONFAZ_CV142_18;TABELASFISCAIS_SNAPSHOT;2026-08-31T11:34:07.624Z
17.048.02;1704802;Massas alimentícias recheadas (mesmo cozidas ou preparadas de outro modo);17. Produtos alimentícios;VIGENTE_SNAPSHOT;;;CONFAZ_CV142_18;TABELASFISCAIS_SNAPSHOT;2026-08-31T11:34:07.624Z
17.049.00;1704900;Massas alimentícias do tipo comum, não cozidas, nem recheadas, nem preparadas de outro modo, não derivadas do trigo;17. Produtos alimentícios;VIGENTE_SNAPSHOT;;;CONFAZ_CV142_18;TABELASFISCAIS_SNAPSHOT;2026-08-31T11:34:07.624Z
17.049.01;1704901;Massas alimentícias do tipo sêmola, não cozidas, nem recheadas, nem preparadas de outro modo, não derivadas do trigo;17. Produtos alimentícios;VIGENTE_SNAPSHOT;;;CONFAZ_CV142_18;TABELASFISCAIS_SNAPSHOT;2026-08-31T11:34:07.624Z
17.049.02;1704902;Massas alimentícias do tipo grano duro, não cozidas, nem recheadas, nem preparadas de outro modo, que contenham ovos;17. Produtos alimentícios;VIGENTE_SNAPSHOT;;;CONFAZ_CV142_18;TABELASFISCAIS_SNAPSHOT;2026-08-31T11:34:07.624Z
17.049.03;1704903;Outras massas alimentícias do tipo comum, não cozidas, nem recheadas, nem preparadas de outro modo, que não contenham ovos, derivadas de farinha de trigo;17. Produtos alimentícios;VIGENTE_SNAPSHOT;;;CONFAZ_CV142_18;TABELASFISCAIS_SNAPSHOT;2026-08-31T11:34:07.624Z
17.049.04;1704904;Outras massas alimentícias do tipo sêmola, não cozidas, nem recheadas, nem preparadas de outro modo, que não contenham ovos, derivadas do trigo;17. Produtos alimentícios;VIGENTE_SNAPSHOT;;;CONFAZ_CV142_18;TABELASFISCAIS_SNAPSHOT;2026-08-31T11:34:07.624Z
17.049.05;1704905;Outras massas alimentícias do tipo grano duro, não cozidas, nem recheadas, nem preparadas de outro modo, que não contenham ovos;17. Produtos alimentícios;VIGENTE_SNAPSHOT;;;CONFAZ_CV142_18;TABELASFISCAIS_SNAPSHOT;2026-08-31T11:34:07.624Z
17.049.06;1704906;Massas alimentícias do tipo comum, não cozidas, nem recheadas, nem preparadas de outro modo, que contenham ovos, derivadas de farinha de trigo;17. Produtos alimentícios;VIGENTE_SNAPSHOT;;;CONFAZ_CV142_18;TABELASFISCAIS_SNAPSHOT;2026-08-31T11:34:07.624Z
17.049.07;1704907;Massas alimentícias do tipo sêmola, não cozidas, nem recheadas, nem preparadas de outro modo, que contenham ovos, derivadas do trigo;17. Produtos alimentícios;VIGENTE_SNAPSHOT;;;CONFAZ_CV142_18;TABELASFISCAIS_SNAPSHOT;2026-08-31T11:34:07.624Z
17.050.00;1705000;Pães industrializados, inclusive de especiarias, exceto panetones e bolo de forma;17. Produtos alimentícios;VIGENTE_SNAPSHOT;;;CONFAZ_CV142_18;TABELASFISCAIS_SNAPSHOT;2026-08-31T11:34:07.624Z
17.051.00;1705100;Bolo de forma, inclusive de especiarias;17. Produtos alimentícios;VIGENTE_SNAPSHOT;;;CONFAZ_CV142_18;TABELASFISCAIS_SNAPSHOT;2026-08-31T11:34:07.624Z
17.052.00;1705200;Panetones;17. Produtos alimentícios;VIGENTE_SNAPSHOT;;;CONFAZ_CV142_18;TABELASFISCAIS_SNAPSHOT;2026-08-31T11:34:07.624Z
17.053.00;1705300;Biscoitos e bolachas derivados de farinha de trigo - (exceto dos tipos cream cracker, água e sal, maisena, maria e outros de consumo popular que não sejam adicionados de cacau, nem recheados, cobertos ou amanteigados, independentemente de sua denominação comercial);17. Produtos alimentícios;VIGENTE_SNAPSHOT;;;CONFAZ_CV142_18;TABELASFISCAIS_SNAPSHOT;2026-08-31T11:34:07.624Z
17.053.01;1705301;Biscoitos e bolachas derivados de farinha de trigo dos tipos maisena e maria e outros de consumo popular que não sejam adicionados de cacau, nem recheados, cobertos ou amanteigados, independentemente de sua denominação comercial, exceto o CEST 17.053.02;17. Produtos alimentícios;VIGENTE_SNAPSHOT;;;CONFAZ_CV142_18;TABELASFISCAIS_SNAPSHOT;2026-08-31T11:34:07.624Z
17.053.02;1705302;Biscoitos e bolachas derivados de farinha de trigo dos tipos cream cracker e água e sal de consumo popular;17. Produtos alimentícios;VIGENTE_SNAPSHOT;;;CONFAZ_CV142_18;TABELASFISCAIS_SNAPSHOT;2026-08-31T11:34:07.624Z
17.054.00;1705400;Biscoitos e bolachas não derivados de farinha de trigo - (exceto dos tipos cream cracker, água e sal, maisena e maria e outros de consumo popular que não sejam adicionados de cacau, nem recheados, cobertos ou amanteigados, independentemente de sua denominação comercial);17. Produtos alimentícios;VIGENTE_SNAPSHOT;;;CONFAZ_CV142_18;TABELASFISCAIS_SNAPSHOT;2026-08-31T11:34:07.624Z
17.054.01;1705401;Biscoitos e bolachas não derivados de farinha de trigo dos tipos maisena e maria e outros de consumo popular que não sejam adicionados de cacau, nem recheados, cobertos ou amanteigados, independentemente de sua denominação comercial, exceto o CEST 17.054.02;17. Produtos alimentícios;VIGENTE_SNAPSHOT;;;CONFAZ_CV142_18;TABELASFISCAIS_SNAPSHOT;2026-08-31T11:34:07.624Z
17.054.02;1705402;Biscoitos e bolachas não derivados de farinha de trigo dos tipos cream cracker e água e sal de consumo popular;17. Produtos alimentícios;VIGENTE_SNAPSHOT;;;CONFAZ_CV142_18;TABELASFISCAIS_SNAPSHOT;2026-08-31T11:34:07.624Z
17.056.00;1705600;Biscoitos e bolachas derivados de farinha de trigo dos tipos cream cracker e água e sal;17. Produtos alimentícios;VIGENTE_SNAPSHOT;;;CONFAZ_CV142_18;TABELASFISCAIS_SNAPSHOT;2026-08-31T11:34:07.624Z
17.056.01;1705601;Biscoitos e bolachas não derivados de farinha de trigo dos tipos cream cracker e água e sal;17. Produtos alimentícios;VIGENTE_SNAPSHOT;;;CONFAZ_CV142_18;TABELASFISCAIS_SNAPSHOT;2026-08-31T11:34:07.624Z
17.056.02;1705602;Outras bolachas, exceto casquinhas para sorvete e os biscoitos e bolachas relacionados nos CEST 17.056.00 e 17.056.01;17. Produtos alimentícios;VIGENTE_SNAPSHOT;;;CONFAZ_CV142_18;TABELASFISCAIS_SNAPSHOT;2026-08-31T11:34:07.624Z
17.057.00;1705700;Waffles e wafers - sem cobertura;17. Produtos alimentícios;VIGENTE_SNAPSHOT;;;CONFAZ_CV142_18;TABELASFISCAIS_SNAPSHOT;2026-08-31T11:34:07.624Z
17.058.00;1705800;Waffles e wafers - com cobertura;17. Produtos alimentícios;VIGENTE_SNAPSHOT;;;CONFAZ_CV142_18;TABELASFISCAIS_SNAPSHOT;2026-08-31T11:34:07.624Z
17.059.00;1705900;Torradas, pão torrado e produtos semelhantes torrados;17. Produtos alimentícios;VIGENTE_SNAPSHOT;;;CONFAZ_CV142_18;TABELASFISCAIS_SNAPSHOT;2026-08-31T11:34:07.624Z
17.060.00;1706000;Outros pães de forma;17. Produtos alimentícios;VIGENTE_SNAPSHOT;;;CONFAZ_CV142_18;TABELASFISCAIS_SNAPSHOT;2026-08-31T11:34:07.624Z
17.062.00;1706200;Outros pães, exceto o classificado no CEST 17.062.03;17. Produtos alimentícios;VIGENTE_SNAPSHOT;;;CONFAZ_CV142_18;TABELASFISCAIS_SNAPSHOT;2026-08-31T11:34:07.624Z
17.062.01;1706201;Outros bolos industrializados e produtos de panificação não especificados anteriormente, incluindo as pizzas - exceto os classificados nos CEST 17.062.02 e 17.062.03;17. Produtos alimentícios;VIGENTE_SNAPSHOT;;;CONFAZ_CV142_18;TABELASFISCAIS_SNAPSHOT;2026-08-31T11:34:07.624Z
17.062.02;1706202;Casquinhas para sorvete;17. Produtos alimentícios;VIGENTE_SNAPSHOT;;;CONFAZ_CV142_18;TABELASFISCAIS_SNAPSHOT;2026-08-31T11:34:07.624Z
17.062.03;1706203;Pão francês até 200g;17. Produtos alimentícios;VIGENTE_SNAPSHOT;;;CONFAZ_CV142_18;TABELASFISCAIS_SNAPSHOT;2026-08-31T11:34:07.624Z
17.063.00;1706300;Pão denominado knackebrot;17. Produtos alimentícios;VIGENTE_SNAPSHOT;;;CONFAZ_CV142_18;TABELASFISCAIS_SNAPSHOT;2026-08-31T11:34:07.624Z
17.064.00;1706400;Demais pães industrializados;17. Produtos alimentícios;VIGENTE_SNAPSHOT;;;CONFAZ_CV142_18;TABELASFISCAIS_SNAPSHOT;2026-08-31T11:34:07.624Z
17.065.00;1706500;Óleo de soja refinado, em recipientes com capacidade inferior ou igual a 5 litros, exceto as embalagens individuais de conteúdo inferior ou igual a 15 mililitros;17. Produtos alimentícios;VIGENTE_SNAPSHOT;;;CONFAZ_CV142_18;TABELASFISCAIS_SNAPSHOT;2026-08-31T11:34:07.624Z
17.066.00;1706600;Óleo de amendoim refinado, em recipientes com capacidade inferior ou igual a 5 litros, exceto as embalagens individuais de conteúdo inferior ou igual a 15 mililitros;17. Produtos alimentícios;VIGENTE_SNAPSHOT;;;CONFAZ_CV142_18;TABELASFISCAIS_SNAPSHOT;2026-08-31T11:34:07.624Z
17.067.00;1706700;Azeites de oliva, em recipientes com capacidade inferior a 2 litros, exceto as embalagens individuais de conteúdo inferior ou igual a 20 mililitros;17. Produtos alimentícios;VIGENTE_SNAPSHOT;;;CONFAZ_CV142_18;TABELASFISCAIS_SNAPSHOT;2026-08-31T11:34:07.624Z
17.067.01;1706701;Azeites de oliva, em recipientes com capacidade igual ou superior a 2 litros e inferior ou igual a 5 litros;17. Produtos alimentícios;VIGENTE_SNAPSHOT;;;CONFAZ_CV142_18;TABELASFISCAIS_SNAPSHOT;2026-08-31T11:34:07.624Z
17.067.02;1706702;Azeites de oliva, em recipientes com capacidade superior a 5 litros;17. Produtos alimentícios;VIGENTE_SNAPSHOT;;;CONFAZ_CV142_18;TABELASFISCAIS_SNAPSHOT;2026-08-31T11:34:07.624Z
17.068.00;1706800;Outros óleos e respectivas frações, obtidos exclusivamente a partir de azeitonas, mesmo refinados, mas não quimicamente modificados, e misturas desses óleos ou frações com óleos ou frações da posição 15.09, em recipientes com capacidade inferior ou igual a 5 litros, exceto as embalagens individuais de conteúdo inferior ou igual a 15 mililitros;17. Produtos alimentícios;VIGENTE_SNAPSHOT;;;CONFAZ_CV142_18;TABELASFISCAIS_SNAPSHOT;2026-08-31T11:34:07.624Z
17.069.00;1706900;Óleo de girassol em recipientes com capacidade inferior ou igual a 5 litros, exceto as embalagens individuais de conteúdo inferior ou igual a 15 mililitros;17. Produtos alimentícios;VIGENTE_SNAPSHOT;;;CONFAZ_CV142_18;TABELASFISCAIS_SNAPSHOT;2026-08-31T11:34:07.624Z
17.069.01;1706901;Óleo de algodão refinado em recipientes com capacidade inferior ou igual a 5 litros, exceto as embalagens individuais de conteúdo inferior ou igual a 15 mililitros;17. Produtos alimentícios;VIGENTE_SNAPSHOT;;;CONFAZ_CV142_18;TABELASFISCAIS_SNAPSHOT;2026-08-31T11:34:07.624Z
17.070.00;1707000;Óleo de canola, em recipientes com capacidade inferior ou igual a 5 litros, exceto as embalagens individuais de conteúdo inferior ou igual a 15 mililitros;17. Produtos alimentícios;VIGENTE_SNAPSHOT;;;CONFAZ_CV142_18;TABELASFISCAIS_SNAPSHOT;2026-08-31T11:34:07.624Z
17.071.00;1707100;Óleo de linhaça refinado, em recipientes com capacidade inferior ou igual a 5 litros, exceto as embalagens individuais de conteúdo inferior ou igual a 15 mililitros;17. Produtos alimentícios;VIGENTE_SNAPSHOT;;;CONFAZ_CV142_18;TABELASFISCAIS_SNAPSHOT;2026-08-31T11:34:07.624Z
17.072.00;1707200;Óleo de milho refinado, em recipientes com capacidade inferior ou igual a 5 litros, exceto as embalagens individuais de conteúdo inferior ou igual a 15 mililitros;17. Produtos alimentícios;VIGENTE_SNAPSHOT;;;CONFAZ_CV142_18;TABELASFISCAIS_SNAPSHOT;2026-08-31T11:34:07.624Z
17.073.00;1707300;Outros óleos refinados, em recipientes com capacidade inferior ou igual a 5 litros, exceto as embalagens individuais de conteúdo inferior ou igual a 15 mililitros;17. Produtos alimentícios;VIGENTE_SNAPSHOT;;;CONFAZ_CV142_18;TABELASFISCAIS_SNAPSHOT;2026-08-31T11:34:07.624Z
17.074.00;1707400;Misturas de óleos refinados, para consumo humano, em recipientes com capacidade inferior ou igual a 5 litros, exceto as embalagens individuais de conteúdo inferior ou igual a 15 mililitros;17. Produtos alimentícios;VIGENTE_SNAPSHOT;;;CONFAZ_CV142_18;TABELASFISCAIS_SNAPSHOT;2026-08-31T11:34:07.624Z
17.075.00;1707500;Outros óleos vegetais comestíveis não especificados anteriormente;17. Produtos alimentícios;VIGENTE_SNAPSHOT;;;CONFAZ_CV142_18;TABELASFISCAIS_SNAPSHOT;2026-08-31T11:34:07.624Z
17.076.00;1707600;Enchidos (embutidos) e produtos semelhantes, de carne, miudezas ou sangue - exceto salsicha, linguiça e mortadela;17. Produtos alimentícios;VIGENTE_SNAPSHOT;;;CONFAZ_CV142_18;TABELASFISCAIS_SNAPSHOT;2026-08-31T11:34:07.624Z
17.077.00;1707700;Salsicha e linguiça, exceto as descritas nos CEST 17.077.01;17. Produtos alimentícios;VIGENTE_SNAPSHOT;;;CONFAZ_CV142_18;TABELASFISCAIS_SNAPSHOT;2026-08-31T11:34:07.624Z
17.077.01;1707701;Salsicha em lata;17. Produtos alimentícios;VIGENTE_SNAPSHOT;;;CONFAZ_CV142_18;TABELASFISCAIS_SNAPSHOT;2026-08-31T11:34:07.624Z
17.078.00;1707800;Mortadela;17. Produtos alimentícios;VIGENTE_SNAPSHOT;;;CONFAZ_CV142_18;TABELASFISCAIS_SNAPSHOT;2026-08-31T11:34:07.624Z
17.079.00;1707900;Outras preparações e conservas de carne, miudezas ou de sangue, exceto as descritas nos CEST 17.079.01, 17.079.02, 17.079.03, 17.079.04, 17.079.05, 17.079.06, 17.079.07 e 17.079.08;17. Produtos alimentícios;VIGENTE_SNAPSHOT;;;CONFAZ_CV142_18;TABELASFISCAIS_SNAPSHOT;2026-08-31T11:34:07.624Z
17.079.01;1707901;Outras preparações e conservas de carne, de miudezas ou de sangue, de aves da posição 01.05: de peruas e de perus, exceto as descritas no CEST 17.079.08;17. Produtos alimentícios;VIGENTE_SNAPSHOT;;;CONFAZ_CV142_18;TABELASFISCAIS_SNAPSHOT;2026-08-31T11:34:07.624Z
17.079.02;1707902;Outras preparações e conservas de carne, de miudezas ou de sangue, de aves da posição 01.05: de galos e de galinhas, com conteúdo de carne ou de miudezas superior ou igual a 57 %, em peso, não cozidas, exceto as descritas no CEST 17.079.08;17. Produtos alimentícios;VIGENTE_SNAPSHOT;;;CONFAZ_CV142_18;TABELASFISCAIS_SNAPSHOT;2026-08-31T11:34:07.624Z
17.079.03;1707903;Outras preparações e conservas de carne, de miudezas ou de sangue, de aves da posição 01.05: de galos e de galinhas, com conteúdo de carne ou de miudezas superior ou igual a 57 %, em peso, cozidas, exceto as descritas no CEST 17.079.08;17. Produtos alimentícios;VIGENTE_SNAPSHOT;;;CONFAZ_CV142_18;TABELASFISCAIS_SNAPSHOT;2026-08-31T11:34:07.624Z
17.079.04;1707904;Outras preparações e conservas de carne, de miudezas ou de sangue, da espécie suína: pernas e respectivos pedaços;17. Produtos alimentícios;VIGENTE_SNAPSHOT;;;CONFAZ_CV142_18;TABELASFISCAIS_SNAPSHOT;2026-08-31T11:34:07.624Z
17.079.05;1707905;Outras preparações e conservas de carne, de miudezas ou de sangue, da espécie suína: outras, incluindo as misturas, exceto os descritos no CEST 17.079.07;17. Produtos alimentícios;VIGENTE_SNAPSHOT;;;CONFAZ_CV142_18;TABELASFISCAIS_SNAPSHOT;2026-08-31T11:34:07.624Z
17.079.06;1707906;Outras preparações e conservas de carne, de miudezas ou de sangue, da espécie bovina;17. Produtos alimentícios;VIGENTE_SNAPSHOT;;;CONFAZ_CV142_18;TABELASFISCAIS_SNAPSHOT;2026-08-31T11:34:07.624Z
17.079.07;1707907;Apresuntado;17. Produtos alimentícios;VIGENTE_SNAPSHOT;;;CONFAZ_CV142_18;TABELASFISCAIS_SNAPSHOT;2026-08-31T11:34:07.624Z
17.079.08;1707908;Carnes de aves inteiras e com peso unitário superior a 3 kg, temperadas;17. Produtos alimentícios;VIGENTE_SNAPSHOT;;;CONFAZ_CV142_18;TABELASFISCAIS_SNAPSHOT;2026-08-31T11:34:07.624Z
17.080.00;1708000;Preparações e conservas de peixes - caviar e seus sucedâneos preparados a partir de ovas de peixe - exceto os descritos nos CEST 17.080.01 e 17.081.00;17. Produtos alimentícios;VIGENTE_SNAPSHOT;;;CONFAZ_CV142_18;TABELASFISCAIS_SNAPSHOT;2026-08-31T11:34:07.624Z
17.080.01;1708001;Outras preparações e conservas de atuns;17. Produtos alimentícios;VIGENTE_SNAPSHOT;;;CONFAZ_CV142_18;TABELASFISCAIS_SNAPSHOT;2026-08-31T11:34:07.624Z
17.081.00;1708100;Sardinha em conserva;17. Produtos alimentícios;VIGENTE_SNAPSHOT;;;CONFAZ_CV142_18;TABELASFISCAIS_SNAPSHOT;2026-08-31T11:34:07.624Z
17.082.00;1708200;Crustáceos, moluscos e outros invertebrados aquáticos, preparados ou em conservas;17. Produtos alimentícios;VIGENTE_SNAPSHOT;;;CONFAZ_CV142_18;TABELASFISCAIS_SNAPSHOT;2026-08-31T11:34:07.624Z
17.083.00;1708300;Carne de gado bovino, ovino e bufalino e produtos comestíveis resultantes da matança desse gado submetidos à salga, secagem ou desidratação, exceto os descritos no CEST 17.083.01;17. Produtos alimentícios;VIGENTE_SNAPSHOT;;;CONFAZ_CV142_18;TABELASFISCAIS_SNAPSHOT;2026-08-31T11:34:07.624Z
17.083.01;1708301;Charque e jerkedbeef;17. Produtos alimentícios;VIGENTE_SNAPSHOT;;;CONFAZ_CV142_18;TABELASFISCAIS_SNAPSHOT;2026-08-31T11:34:07.624Z
17.084.00;1708400;Carne de gado bovino, ovino e bufalino e demais produtos comestíveis resultantes da matança desse gado frescos, refrigerados ou congelados;17. Produtos alimentícios;VIGENTE_SNAPSHOT;;;CONFAZ_CV142_18;TABELASFISCAIS_SNAPSHOT;2026-08-31T11:34:07.624Z
17.085.00;1708500;Carnes de animais das espécies caprina, frescas, refrigeradas ou congeladas;17. Produtos alimentícios;VIGENTE_SNAPSHOT;;;CONFAZ_CV142_18;TABELASFISCAIS_SNAPSHOT;2026-08-31T11:34:07.624Z
17.086.00;1708600;Carnes e demais produtos comestíveis frescos, resfriados, congelados, salgados ou salmourados resultantes do abate de caprinos;17. Produtos alimentícios;VIGENTE_SNAPSHOT;;;CONFAZ_CV142_18;TABELASFISCAIS_SNAPSHOT;2026-08-31T11:34:07.624Z
17.087.00;1708700;Carnes e demais produtos comestíveis frescos, resfriados, congelados, salgados, em salmoura, simplesmente temperados, secos ou defumados, resultantes do abate de aves, exceto os descritos no CEST 17.087.02;17. Produtos alimentícios;VIGENTE_SNAPSHOT;;;CONFAZ_CV142_18;TABELASFISCAIS_SNAPSHOT;2026-08-31T11:34:07.624Z
17.087.01;1708701;Carnes e demais produtos comestíveis frescos, resfriados, congelados, salgados, em salmoura, simplesmente temperados, secos ou defumados, resultantes do abate de suínos;17. Produtos alimentícios;VIGENTE_SNAPSHOT;;;CONFAZ_CV142_18;TABELASFISCAIS_SNAPSHOT;2026-08-31T11:34:07.624Z
17.087.02;1708702;Carnes de aves inteiras e com peso unitário superior a 3 kg;17. Produtos alimentícios;VIGENTE_SNAPSHOT;;;CONFAZ_CV142_18;TABELASFISCAIS_SNAPSHOT;2026-08-31T11:34:07.624Z
17.088.00;1708800;Produtos hortícolas, cozidos em água ou vapor, congelados, em embalagens de conteúdo inferior ou igual a 1 kg;17. Produtos alimentícios;VIGENTE_SNAPSHOT;;;CONFAZ_CV142_18;TABELASFISCAIS_SNAPSHOT;2026-08-31T11:34:07.624Z
17.088.01;1708801;Produtos hortícolas, cozidos em água ou vapor, congelados, em embalagens de conteúdo superior a 1 kg;17. Produtos alimentícios;VIGENTE_SNAPSHOT;;;CONFAZ_CV142_18;TABELASFISCAIS_SNAPSHOT;2026-08-31T11:34:07.624Z
17.089.00;1708900;Frutas, não cozidas ou cozidas em água ou vapor, congeladas, mesmo adicionadas de açúcar ou de outros edulcorantes, em embalagens de conteúdo inferior ou igual a 1 kg;17. Produtos alimentícios;VIGENTE_SNAPSHOT;;;CONFAZ_CV142_18;TABELASFISCAIS_SNAPSHOT;2026-08-31T11:34:07.624Z
17.089.01;1708901;Frutas, não cozidas ou cozidas em água ou vapor, congeladas, mesmo adicionadas de açúcar ou de outros edulcorantes, em embalagens de conteúdo superior a 1 kg;17. Produtos alimentícios;VIGENTE_SNAPSHOT;;;CONFAZ_CV142_18;TABELASFISCAIS_SNAPSHOT;2026-08-31T11:34:07.624Z
17.090.00;1709000;Produtos hortícolas, frutas e outras partes comestíveis de plantas, preparados ou conservados em vinagre ou em ácido acético, em embalagens de conteúdo inferior ou igual a 1 kg;17. Produtos alimentícios;VIGENTE_SNAPSHOT;;;CONFAZ_CV142_18;TABELASFISCAIS_SNAPSHOT;2026-08-31T11:34:07.624Z
17.090.01;1709001;Produtos hortícolas, frutas e outras partes comestíveis de plantas, preparados ou conservados em vinagre ou em ácido acético, em embalagens de conteúdo superior a 1 kg;17. Produtos alimentícios;VIGENTE_SNAPSHOT;;;CONFAZ_CV142_18;TABELASFISCAIS_SNAPSHOT;2026-08-31T11:34:07.624Z
17.091.00;1709100;Outros produtos hortícolas preparados ou conservados, exceto em vinagre ou em ácido acético, congelados, com exceção dos produtos da posição 20.06, em embalagens de conteúdo inferior ou igual a 1 kg;17. Produtos alimentícios;VIGENTE_SNAPSHOT;;;CONFAZ_CV142_18;TABELASFISCAIS_SNAPSHOT;2026-08-31T11:34:07.624Z
17.091.01;1709101;Outros produtos hortícolas preparados ou conservados, exceto em vinagre ou em ácido acético, congelados, com exceção dos produtos da posição 20.06, em embalagens de conteúdo superior a 1 kg;17. Produtos alimentícios;VIGENTE_SNAPSHOT;;;CONFAZ_CV142_18;TABELASFISCAIS_SNAPSHOT;2026-08-31T11:34:07.624Z
17.092.00;1709200;Outros produtos hortícolas preparados ou conservados, exceto em vinagre ou em ácido acético, não congelados, com exceção dos produtos da posição 20.06, excluídos batata, inhame e mandioca fritos, em embalagens de conteúdo inferior ou igual a 1 kg;17. Produtos alimentícios;VIGENTE_SNAPSHOT;;;CONFAZ_CV142_18;TABELASFISCAIS_SNAPSHOT;2026-08-31T11:34:07.624Z
17.092.01;1709201;Outros produtos hortícolas preparados ou conservados, exceto em vinagre ou em ácido acético, não congelados, com exceção dos produtos da posição 20.06, excluídos batata, inhame e mandioca fritos, em embalagens de conteúdo superior a 1 kg;17. Produtos alimentícios;VIGENTE_SNAPSHOT;;;CONFAZ_CV142_18;TABELASFISCAIS_SNAPSHOT;2026-08-31T11:34:07.624Z
17.093.00;1709300;Produtos hortícolas, frutas, cascas de frutas e outras partes de plantas, conservados com açúcar (passados por calda, glaceados ou cristalizados), em embalagens de conteúdo inferior ou igual a 1 kg;17. Produtos alimentícios;VIGENTE_SNAPSHOT;;;CONFAZ_CV142_18;TABELASFISCAIS_SNAPSHOT;2026-08-31T11:34:07.624Z
17.093.01;1709301;Produtos hortícolas, frutas, cascas de frutas e outras partes de plantas, conservados com açúcar (passados por calda, glaceados ou cristalizados), em embalagens de conteúdo superior a 1 kg;17. Produtos alimentícios;VIGENTE_SNAPSHOT;;;CONFAZ_CV142_18;TABELASFISCAIS_SNAPSHOT;2026-08-31T11:34:07.624Z
17.094.00;1709400;Doces, geleias, marmelades, purês e pastas de frutas, obtidos por cozimento, com ou sem adição de açúcar ou de outros edulcorantes, em embalagens de conteúdo inferior ou igual a 1 kg, exceto as embalagens individuais de conteúdo inferior ou igual a 10 g;17. Produtos alimentícios;VIGENTE_SNAPSHOT;;;CONFAZ_CV142_18;TABELASFISCAIS_SNAPSHOT;2026-08-31T11:34:07.624Z
17.094.01;1709401;Doces, geleias, marmelades, purês e pastas de frutas, obtidos por cozimento, com ou sem adição de açúcar ou de outros edulcorantes, em embalagens de conteúdo superior a 1 kg;17. Produtos alimentícios;VIGENTE_SNAPSHOT;;;CONFAZ_CV142_18;TABELASFISCAIS_SNAPSHOT;2026-08-31T11:34:07.624Z
17.095.00;1709500;Frutas e outras partes comestíveis de plantas, preparadas ou conservadas de outro modo, com ou sem adição de açúcar ou de outros edulcorantes ou de álcool, não especificadas nem compreendidas em outras posições, excluídos os amendoins e castanhas tipo aperitivo, da posição 2008.1, em embalagens de conteúdo inferior ou igual a 1 kg;17. Produtos alimentícios;VIGENTE_SNAPSHOT;;;CONFAZ_CV142_18;TABELASFISCAIS_SNAPSHOT;2026-08-31T11:34:07.624Z
17.095.01;1709501;Frutas e outras partes comestíveis de plantas, preparadas ou conservadas de outro modo, com ou sem adição de açúcar ou de outros edulcorantes ou de álcool, não especificadas nem compreendidas em outras posições, excluídos os amendoins e castanhas tipo aperitivo, da posição 2008.1, em embalagens superior a 1 kg;17. Produtos alimentícios;VIGENTE_SNAPSHOT;;;CONFAZ_CV142_18;TABELASFISCAIS_SNAPSHOT;2026-08-31T11:34:07.624Z
17.096.00;1709600;Café torrado e moído, em embalagens de conteúdo inferior ou igual a 2 kg, exceto os classificados nos CEST 17.096.04 e 17.096.05;17. Produtos alimentícios;VIGENTE_SNAPSHOT;;;CONFAZ_CV142_18;TABELASFISCAIS_SNAPSHOT;2026-08-31T11:34:07.624Z
17.096.01;1709601;Café torrado e moído, em embalagens de conteúdo superior a 2 kg;17. Produtos alimentícios;VIGENTE_SNAPSHOT;;;CONFAZ_CV142_18;TABELASFISCAIS_SNAPSHOT;2026-08-31T11:34:07.624Z
17.096.02;1709602;Café torrado em grão, em embalagens de conteúdo inferior ou igual a 2 kg;17. Produtos alimentícios;VIGENTE_SNAPSHOT;;;CONFAZ_CV142_18;TABELASFISCAIS_SNAPSHOT;2026-08-31T11:34:07.624Z
17.096.03;1709603;Café torrado em grão, em embalagens de conteúdo superior a 2 kg;17. Produtos alimentícios;VIGENTE_SNAPSHOT;;;CONFAZ_CV142_18;TABELASFISCAIS_SNAPSHOT;2026-08-31T11:34:07.624Z
17.096.04;1709604;Café torrado e moído, em cápsulas, exceto os descritos no CEST 17.096.05;17. Produtos alimentícios;VIGENTE_SNAPSHOT;;;CONFAZ_CV142_18;TABELASFISCAIS_SNAPSHOT;2026-08-31T11:34:07.624Z
17.096.05;1709605;Café descafeinado torrado e moído, em cápsulas;17. Produtos alimentícios;VIGENTE_SNAPSHOT;;;CONFAZ_CV142_18;TABELASFISCAIS_SNAPSHOT;2026-08-31T11:34:07.624Z
17.097.00;1709700;Chá, mesmo aromatizado;17. Produtos alimentícios;VIGENTE_SNAPSHOT;;;CONFAZ_CV142_18;TABELASFISCAIS_SNAPSHOT;2026-08-31T11:34:07.624Z
17.098.00;1709800;Mate;17. Produtos alimentícios;VIGENTE_SNAPSHOT;;;CONFAZ_CV142_18;TABELASFISCAIS_SNAPSHOT;2026-08-31T11:34:07.624Z
17.099.00;1709900;Açúcar refinado, em embalagens de conteúdo inferior ou igual a 2 kg, exceto as embalagens contendo envelopes individualizados (sachês) de conteúdo inferior ou igual a 10 g;17. Produtos alimentícios;VIGENTE_SNAPSHOT;;;CONFAZ_CV142_18;TABELASFISCAIS_SNAPSHOT;2026-08-31T11:34:07.624Z
17.099.01;1709901;Açúcar refinado, em embalagens de conteúdo superior a 2 kg e inferior ou igual a 5 kg;17. Produtos alimentícios;VIGENTE_SNAPSHOT;;;CONFAZ_CV142_18;TABELASFISCAIS_SNAPSHOT;2026-08-31T11:34:07.624Z
17.099.02;1709902;Açúcar refinado, em embalagens de conteúdo superior a 5 kg;17. Produtos alimentícios;VIGENTE_SNAPSHOT;;;CONFAZ_CV142_18;TABELASFISCAIS_SNAPSHOT;2026-08-31T11:34:07.624Z
17.100.00;1710000;Açúcar refinado adicionado de aromatizante ou de corante em embalagens de conteúdo inferior ou igual a 2 kg, exceto as embalagens contendo envelopes individualizados (sachês) de conteúdo inferior ou igual a 10 g;17. Produtos alimentícios;VIGENTE_SNAPSHOT;;;CONFAZ_CV142_18;TABELASFISCAIS_SNAPSHOT;2026-08-31T11:34:07.624Z
17.100.01;1710001;Açúcar refinado adicionado de aromatizante ou de corante em embalagens de conteúdo superior a 2 kg e inferior ou igual a 5 kg;17. Produtos alimentícios;VIGENTE_SNAPSHOT;;;CONFAZ_CV142_18;TABELASFISCAIS_SNAPSHOT;2026-08-31T11:34:07.624Z
17.100.02;1710002;Açúcar refinado adicionado de aromatizante ou de corante em embalagens de conteúdo superior a 5 kg;17. Produtos alimentícios;VIGENTE_SNAPSHOT;;;CONFAZ_CV142_18;TABELASFISCAIS_SNAPSHOT;2026-08-31T11:34:07.624Z
17.101.00;1710100;Açúcar cristal, em embalagens de conteúdo inferior ou igual a 2 kg, exceto as embalagens contendo envelopes individualizados (sachês) de conteúdo inferior ou igual a 10 g;17. Produtos alimentícios;VIGENTE_SNAPSHOT;;;CONFAZ_CV142_18;TABELASFISCAIS_SNAPSHOT;2026-08-31T11:34:07.624Z
17.101.01;1710101;Açúcar cristal, em embalagens de conteúdo superior a 2 kg e inferior ou igual a 5 kg;17. Produtos alimentícios;VIGENTE_SNAPSHOT;;;CONFAZ_CV142_18;TABELASFISCAIS_SNAPSHOT;2026-08-31T11:34:07.624Z
17.101.02;1710102;Açúcar cristal, em embalagens de conteúdo superior a 5 kg;17. Produtos alimentícios;VIGENTE_SNAPSHOT;;;CONFAZ_CV142_18;TABELASFISCAIS_SNAPSHOT;2026-08-31T11:34:07.624Z
17.102.00;1710200;Açúcar cristal adicionado de aromatizante ou de corante, em embalagens de conteúdo inferior ou igual a 2 kg, exceto as embalagens contendo envelopes individualizados (sachês) de conteúdo inferior ou igual a 10 g;17. Produtos alimentícios;VIGENTE_SNAPSHOT;;;CONFAZ_CV142_18;TABELASFISCAIS_SNAPSHOT;2026-08-31T11:34:07.624Z
17.102.01;1710201;Açúcar cristal adicionado de aromatizante ou de corante, em embalagens de conteúdo superior a 2 kg e inferior ou igual a 5 kg;17. Produtos alimentícios;VIGENTE_SNAPSHOT;;;CONFAZ_CV142_18;TABELASFISCAIS_SNAPSHOT;2026-08-31T11:34:07.624Z
17.102.02;1710202;Açúcar cristal adicionado de aromatizante ou de corante, em embalagens de conteúdo superior a 5 kg;17. Produtos alimentícios;VIGENTE_SNAPSHOT;;;CONFAZ_CV142_18;TABELASFISCAIS_SNAPSHOT;2026-08-31T11:34:07.624Z
17.103.00;1710300;Outros tipos de açúcar, em embalagens de conteúdo inferior ou igual a 2 kg, exceto as embalagens contendo envelopes individualizados (sachês) de conteúdo inferior ou igual a 10 g;17. Produtos alimentícios;VIGENTE_SNAPSHOT;;;CONFAZ_CV142_18;TABELASFISCAIS_SNAPSHOT;2026-08-31T11:34:07.624Z
17.103.01;1710301;Outros tipos de açúcar, em embalagens de conteúdo superior a 2 kg e inferior ou igual a 5 kg;17. Produtos alimentícios;VIGENTE_SNAPSHOT;;;CONFAZ_CV142_18;TABELASFISCAIS_SNAPSHOT;2026-08-31T11:34:07.624Z
17.103.02;1710302;Outros tipos de açúcar, em embalagens de conteúdo superior a 5 kg;17. Produtos alimentícios;VIGENTE_SNAPSHOT;;;CONFAZ_CV142_18;TABELASFISCAIS_SNAPSHOT;2026-08-31T11:34:07.624Z
17.104.00;1710400;Outros tipos de açúcar adicionado de aromatizante ou de corante, em embalagens de conteúdo inferior ou igual a 2 kg, exceto as embalagens contendo envelopes individualizados (sachês) de conteúdo inferior ou igual a 10 g;17. Produtos alimentícios;VIGENTE_SNAPSHOT;;;CONFAZ_CV142_18;TABELASFISCAIS_SNAPSHOT;2026-08-31T11:34:07.624Z
17.104.01;1710401;Outros tipos de açúcar adicionado de aromatizante ou de corante, em embalagens de conteúdo superior a 2 kg e inferior ou igual a 5 kg;17. Produtos alimentícios;VIGENTE_SNAPSHOT;;;CONFAZ_CV142_18;TABELASFISCAIS_SNAPSHOT;2026-08-31T11:34:07.624Z
17.104.02;1710402;Outros tipos de açúcar adicionado de aromatizante ou de corante, em embalagens de conteúdo superior a 5 kg;17. Produtos alimentícios;VIGENTE_SNAPSHOT;;;CONFAZ_CV142_18;TABELASFISCAIS_SNAPSHOT;2026-08-31T11:34:07.624Z
17.105.00;1710500;Outros açúcares em embalagens de conteúdo inferior ou igual a 2 kg, exceto as embalagens contendo envelopes individualizados (sachês) de conteúdo inferior ou igual a 10 g;17. Produtos alimentícios;VIGENTE_SNAPSHOT;;;CONFAZ_CV142_18;TABELASFISCAIS_SNAPSHOT;2026-08-31T11:34:07.624Z
17.105.01;1710501;Outros açúcares, em embalagens de conteúdo superior a 2 kg e inferior ou igual a 5 kg;17. Produtos alimentícios;VIGENTE_SNAPSHOT;;;CONFAZ_CV142_18;TABELASFISCAIS_SNAPSHOT;2026-08-31T11:34:07.624Z
17.105.02;1710502;Outros açúcares, em embalagens de conteúdo superior a 5 kg;17. Produtos alimentícios;VIGENTE_SNAPSHOT;;;CONFAZ_CV142_18;TABELASFISCAIS_SNAPSHOT;2026-08-31T11:34:07.624Z
17.106.00;1710600;Milho para pipoca (micro-ondas);17. Produtos alimentícios;VIGENTE_SNAPSHOT;;;CONFAZ_CV142_18;TABELASFISCAIS_SNAPSHOT;2026-08-31T11:34:07.624Z
17.107.00;1710700;Extratos, essências e concentrados de café e preparações à base destes extratos, essências ou concentrados ou à base de café, em embalagens de conteúdo inferior ou igual a 500 g, exceto os classificados no CEST 17.107.01;17. Produtos alimentícios;VIGENTE_SNAPSHOT;;;CONFAZ_CV142_18;TABELASFISCAIS_SNAPSHOT;2026-08-31T11:34:07.624Z
17.107.01;1710701;Extratos, essências e concentrados de café e preparações à base destes extratos, essências ou concentrados ou à base de café, em cápsulas;17. Produtos alimentícios;VIGENTE_SNAPSHOT;;;CONFAZ_CV142_18;TABELASFISCAIS_SNAPSHOT;2026-08-31T11:34:07.624Z
17.108.00;1710800;Extratos, essências e concentrados de chá ou de mate e preparações à base destes extratos, essências ou concentrados ou à base de chá ou de mate, em embalagens de conteúdo inferior ou igual a 500 g, exceto as bebidas prontas à base de mate ou chá e os itens classificados no CEST 17.108.01;17. Produtos alimentícios;VIGENTE_SNAPSHOT;;;CONFAZ_CV142_18;TABELASFISCAIS_SNAPSHOT;2026-08-31T11:34:07.624Z
17.108.01;1710801;Extratos, essências e concentrados de chá ou de mate e preparações à base destes extratos, essências ou concentrados ou à base de chá ou de mate, em cápsulas;17. Produtos alimentícios;VIGENTE_SNAPSHOT;;;CONFAZ_CV142_18;TABELASFISCAIS_SNAPSHOT;2026-08-31T11:34:07.624Z
17.109.00;1710900;Preparações em pó para cappuccino e similares, em embalagens de conteúdo inferior ou igual a 500 g;17. Produtos alimentícios;VIGENTE_SNAPSHOT;;;CONFAZ_CV142_18;TABELASFISCAIS_SNAPSHOT;2026-08-31T11:34:07.624Z
17.110.00;1711000;Refrescos e outras bebidas prontas para beber, à base de chá e mate;17. Produtos alimentícios;VIGENTE_SNAPSHOT;;;CONFAZ_CV142_18;TABELASFISCAIS_SNAPSHOT;2026-08-31T11:34:07.624Z
17.111.00;1711100;Refrescos e outras bebidas não alcoólicas, exceto os refrigerantes e as demais bebidas nos CEST 03.007.00 e 17.110.00;17. Produtos alimentícios;VIGENTE_SNAPSHOT;;;CONFAZ_CV142_18;TABELASFISCAIS_SNAPSHOT;2026-08-31T11:34:07.624Z
17.112.00;1711200;Néctares de frutas e outras bebidas não alcoólicas prontas para beber, exceto bebidas hidroeletrolíticas e energéticos;17. Produtos alimentícios;VIGENTE_SNAPSHOT;;;CONFAZ_CV142_18;TABELASFISCAIS_SNAPSHOT;2026-08-31T11:34:07.624Z
17.113.00;1711300;Bebidas prontas à base de mate ou chá;17. Produtos alimentícios;VIGENTE_SNAPSHOT;;;CONFAZ_CV142_18;TABELASFISCAIS_SNAPSHOT;2026-08-31T11:34:07.624Z
17.114.00;1711400;Bebidas prontas à base de café;17. Produtos alimentícios;VIGENTE_SNAPSHOT;;;CONFAZ_CV142_18;TABELASFISCAIS_SNAPSHOT;2026-08-31T11:34:07.624Z
17.115.00;1711500;Bebidas alimentares prontas à base de soja, leite ou cacau, inclusive os produtos denominados bebidas lácteas;17. Produtos alimentícios;VIGENTE_SNAPSHOT;;;CONFAZ_CV142_18;TABELASFISCAIS_SNAPSHOT;2026-08-31T11:34:07.624Z
17.116.00;1711600;Sementes de anis (erva-doce), badiana (anis-estrelado), funcho, coentro, cominho ou alcaravia - bagas de zimbro - fruta seca, misturas de fruta seca ou de fruta de casa rija - quando acondicionadas em saquinhos, especialmente, para a preparação de infusões ou de tisanas (chás);17. Produtos alimentícios;VIGENTE_SNAPSHOT;;;CONFAZ_CV142_18;TABELASFISCAIS_SNAPSHOT;2026-08-31T11:34:07.624Z
17.117.00;1711700;Outras preparações em blocos ou em barras, com peso superior a 2kg, ou no estado líquido, em pasta, em pó, grânulos ou formas semelhantes, em recipientes ou embalagens imediatas de conteúdo superior a 2kg;17. Produtos alimentícios;VIGENTE_SNAPSHOT;;;CONFAZ_CV142_18;TABELASFISCAIS_SNAPSHOT;2026-08-31T11:34:07.624Z
19.001.00;1900100;Tinta guache;19. Produtos de papelaria;VIGENTE_SNAPSHOT;;;CONFAZ_CV142_18;TABELASFISCAIS_SNAPSHOT;2026-08-31T11:34:07.624Z
19.002.00;1900200;Espiral - perfil para encadernação, de plástico e outros materiais classificados nas posições 3901 a 3914;19. Produtos de papelaria;VIGENTE_SNAPSHOT;;;CONFAZ_CV142_18;TABELASFISCAIS_SNAPSHOT;2026-08-31T11:34:07.624Z
19.003.00;1900300;Outros espirais - perfil para encadernação, de plástico e outros materiais classificados nas posições 3901 a 3914;19. Produtos de papelaria;VIGENTE_SNAPSHOT;;;CONFAZ_CV142_18;TABELASFISCAIS_SNAPSHOT;2026-08-31T11:34:07.624Z
19.004.00;1900400;Artigos de escritório e artigos escolares de plástico e outros materiais classificados nas posições 3901 a 3914, exceto estojos;19. Produtos de papelaria;VIGENTE_SNAPSHOT;;;CONFAZ_CV142_18;TABELASFISCAIS_SNAPSHOT;2026-08-31T11:34:07.624Z
19.005.00;1900500;Maletas e pastas para documentos e de estudante, e artefatos semelhantes;19. Produtos de papelaria;VIGENTE_SNAPSHOT;;;CONFAZ_CV142_18;TABELASFISCAIS_SNAPSHOT;2026-08-31T11:34:07.624Z
19.005.01;1900501;Baús, malas e maletas para viagem;19. Produtos de papelaria;VIGENTE_SNAPSHOT;;;CONFAZ_CV142_18;TABELASFISCAIS_SNAPSHOT;2026-08-31T11:34:07.624Z
19.006.00;1900600;Prancheta de plástico;19. Produtos de papelaria;VIGENTE_SNAPSHOT;;;CONFAZ_CV142_18;TABELASFISCAIS_SNAPSHOT;2026-08-31T11:34:07.624Z
19.007.00;1900700;Bobina para fax;19. Produtos de papelaria;VIGENTE_SNAPSHOT;;;CONFAZ_CV142_18;TABELASFISCAIS_SNAPSHOT;2026-08-31T11:34:07.624Z
19.008.00;1900800;Papel seda;19. Produtos de papelaria;VIGENTE_SNAPSHOT;;;CONFAZ_CV142_18;TABELASFISCAIS_SNAPSHOT;2026-08-31T11:34:07.624Z
19.009.00;1900900;Bobina para máquina de calcular, PDV ou equipamentos similares;19. Produtos de papelaria;VIGENTE_SNAPSHOT;;;CONFAZ_CV142_18;TABELASFISCAIS_SNAPSHOT;2026-08-31T11:34:07.624Z
19.010.00;1901000;Cartolina escolar e papel cartão, brancos e coloridos, cortados em folhas em que um lado seja inferior ou igual a 500 mm e o outro inferior ou igual a 700 mm, quando não dobradas, e peso igual ou superior a 120g/m² - recados autoadesivos (LP note) - papéis de presente - todos cortados em tamanho pronto para uso escolar e doméstico;19. Produtos de papelaria;VIGENTE_SNAPSHOT;;;CONFAZ_CV142_18;TABELASFISCAIS_SNAPSHOT;2026-08-31T11:34:07.624Z
19.011.00;1901100;Papel fotográfico, exceto: (i) os papéis fotográficos emulsionados com haleto de prata tipo brilhante, matte ou lustre, em rolo e, com largura igual ou superior a 102 mm e comprimento inferior ou igual a 350 m, (ii) os papéis fotográficos emulsionados com haleto de prata tipo brilhante ou fosco, em folha e com largura igual ou superior a 152 mm e comprimento inferior ou igual a 307 mm, (iii) papel de qualidade fotográfica com tecnologia Thermo-autochrome, que submetido a um processo de aquecimento seja capaz de formar imagens por reação química e combinação das camadas cyan, magenta e amarela;19. Produtos de papelaria;VIGENTE_SNAPSHOT;;;CONFAZ_CV142_18;TABELASFISCAIS_SNAPSHOT;2026-08-31T11:34:07.624Z
19.012.00;1901200;Papel almaço;19. Produtos de papelaria;VIGENTE_SNAPSHOT;;;CONFAZ_CV142_18;TABELASFISCAIS_SNAPSHOT;2026-08-31T11:34:07.624Z
19.013.00;1901300;Papel hectográfico;19. Produtos de papelaria;VIGENTE_SNAPSHOT;;;CONFAZ_CV142_18;TABELASFISCAIS_SNAPSHOT;2026-08-31T11:34:07.624Z
19.014.00;1901400;Papel celofane e tipo celofane;19. Produtos de papelaria;VIGENTE_SNAPSHOT;;;CONFAZ_CV142_18;TABELASFISCAIS_SNAPSHOT;2026-08-31T11:34:07.624Z
19.015.00;1901500;Papel impermeável;19. Produtos de papelaria;VIGENTE_SNAPSHOT;;;CONFAZ_CV142_18;TABELASFISCAIS_SNAPSHOT;2026-08-31T11:34:07.624Z
19.016.00;1901600;Papel crepon;19. Produtos de papelaria;VIGENTE_SNAPSHOT;;;CONFAZ_CV142_18;TABELASFISCAIS_SNAPSHOT;2026-08-31T11:34:07.624Z
19.017.00;1901700;Papel fantasia;19. Produtos de papelaria;VIGENTE_SNAPSHOT;;;CONFAZ_CV142_18;TABELASFISCAIS_SNAPSHOT;2026-08-31T11:34:07.624Z
19.018.00;1901800;Papel-carbono, papel autocopiativo (exceto os vendidos em rolos de diâmetro igual ou superior a 60 cm e os vendidos em folhas de formato igual ou superior a 60 cm de altura e igual ou superior a 90 cm de largura) e outros papéis para cópia ou duplicação (incluídos os papéis para estênceis ou para chapas ofsete), estênceis completos e chapas ofsete, de papel, em folhas, mesmo acondicionados em caixas;19. Produtos de papelaria;VIGENTE_SNAPSHOT;;;CONFAZ_CV142_18;TABELASFISCAIS_SNAPSHOT;2026-08-31T11:34:07.624Z
19.019.00;1901900;Envelopes, aerogramas, bilhetes-postais não ilustrados e cartões para correspondência, de papel ou cartão, caixas, sacos e semelhantes, de papel ou cartão, contendo um sortido de artigos para correspondência;19. Produtos de papelaria;VIGENTE_SNAPSHOT;;;CONFAZ_CV142_18;TABELASFISCAIS_SNAPSHOT;2026-08-31T11:34:07.624Z
19.020.00;1902000;Livros de registro e de contabilidade, blocos de notas, de encomendas, de recibos, de apontamentos, de papel para cartas, agendas e artigos semelhantes;19. Produtos de papelaria;VIGENTE_SNAPSHOT;;;CONFAZ_CV142_18;TABELASFISCAIS_SNAPSHOT;2026-08-31T11:34:07.624Z
19.021.00;1902100;Cadernos;19. Produtos de papelaria;VIGENTE_SNAPSHOT;;;CONFAZ_CV142_18;TABELASFISCAIS_SNAPSHOT;2026-08-31T11:34:07.624Z
19.022.00;1902200;Classificadores, capas para encadernação (exceto as capas para livros) e capas de processos;19. Produtos de papelaria;VIGENTE_SNAPSHOT;;;CONFAZ_CV142_18;TABELASFISCAIS_SNAPSHOT;2026-08-31T11:34:07.624Z
19.023.00;1902300;Formulários em blocos tipo manifold, mesmo com folhas intercaladas de papel-carbono;19. Produtos de papelaria;VIGENTE_SNAPSHOT;;;CONFAZ_CV142_18;TABELASFISCAIS_SNAPSHOT;2026-08-31T11:34:07.624Z
19.024.00;1902400;Álbuns para amostras ou para coleções;19. Produtos de papelaria;VIGENTE_SNAPSHOT;;;CONFAZ_CV142_18;TABELASFISCAIS_SNAPSHOT;2026-08-31T11:34:07.624Z
19.025.00;1902500;Pastas para documentos, outros artigos escolares, de escritório ou de papelaria, de papel ou cartão e capas para livros, de papel ou cartão;19. Produtos de papelaria;VIGENTE_SNAPSHOT;;;CONFAZ_CV142_18;TABELASFISCAIS_SNAPSHOT;2026-08-31T11:34:07.624Z
19.026.00;1902600;Cartões postais impressos ou ilustrados, cartões impressos com votos ou mensagens pessoais, mesmo ilustrados, com ou sem envelopes, guarnições ou aplicações (conhecidos como cartões de expressão social - de época/sentimento);19. Produtos de papelaria;VIGENTE_SNAPSHOT;;;CONFAZ_CV142_18;TABELASFISCAIS_SNAPSHOT;2026-08-31T11:34:07.624Z
19.027.00;1902700;Canetas esferográficas;19. Produtos de papelaria;VIGENTE_SNAPSHOT;;;CONFAZ_CV142_18;TABELASFISCAIS_SNAPSHOT;2026-08-31T11:34:07.624Z
19.028.00;1902800;Canetas e marcadores, com ponta de feltro ou com outras pontas porosas;19. Produtos de papelaria;VIGENTE_SNAPSHOT;;;CONFAZ_CV142_18;TABELASFISCAIS_SNAPSHOT;2026-08-31T11:34:07.624Z
19.029.00;1902900;Canetas tinteiro;19. Produtos de papelaria;VIGENTE_SNAPSHOT;;;CONFAZ_CV142_18;TABELASFISCAIS_SNAPSHOT;2026-08-31T11:34:07.624Z
19.030.00;1903000;Outras canetas - sortidos de canetas;19. Produtos de papelaria;VIGENTE_SNAPSHOT;;;CONFAZ_CV142_18;TABELASFISCAIS_SNAPSHOT;2026-08-31T11:34:07.624Z
19.031.00;1903100;Papel cortado cutsize (tipo A3, A4, ofício I e II, carta e outros);19. Produtos de papelaria;VIGENTE_SNAPSHOT;;;CONFAZ_CV142_18;TABELASFISCAIS_SNAPSHOT;2026-08-31T11:34:07.624Z
19.032.00;1903200;Papel camurça;19. Produtos de papelaria;VIGENTE_SNAPSHOT;;;CONFAZ_CV142_18;TABELASFISCAIS_SNAPSHOT;2026-08-31T11:34:07.624Z
19.033.00;1903300;Papel laminado e papel espelho;19. Produtos de papelaria;VIGENTE_SNAPSHOT;;;CONFAZ_CV142_18;TABELASFISCAIS_SNAPSHOT;2026-08-31T11:34:07.624Z
20.001.00;2000100;Henna (embalagens de conteúdo inferior ou igual a 200 g);20. Produtos de perfumaria e de higiene pessoal e cosméticos;VIGENTE_SNAPSHOT;;;CONFAZ_CV142_18;TABELASFISCAIS_SNAPSHOT;2026-08-31T11:34:07.624Z
20.001.01;2000101;Henna (embalagens de conteúdo superior a 200 g);20. Produtos de perfumaria e de higiene pessoal e cosméticos;VIGENTE_SNAPSHOT;;;CONFAZ_CV142_18;TABELASFISCAIS_SNAPSHOT;2026-08-31T11:34:07.624Z
20.002.00;2000200;Vaselina;20. Produtos de perfumaria e de higiene pessoal e cosméticos;VIGENTE_SNAPSHOT;;;CONFAZ_CV142_18;TABELASFISCAIS_SNAPSHOT;2026-08-31T11:34:07.624Z
20.003.00;2000300;Amoníaco em solução aquosa (amônia);20. Produtos de perfumaria e de higiene pessoal e cosméticos;VIGENTE_SNAPSHOT;;;CONFAZ_CV142_18;TABELASFISCAIS_SNAPSHOT;2026-08-31T11:34:07.624Z
20.004.00;2000400;Peróxido de hidrogênio, em embalagens de conteúdo inferior ou igual a 500 ml;20. Produtos de perfumaria e de higiene pessoal e cosméticos;VIGENTE_SNAPSHOT;;;CONFAZ_CV142_18;TABELASFISCAIS_SNAPSHOT;2026-08-31T11:34:07.624Z
20.005.00;2000500;Lubrificação íntima;20. Produtos de perfumaria e de higiene pessoal e cosméticos;VIGENTE_SNAPSHOT;;;CONFAZ_CV142_18;TABELASFISCAIS_SNAPSHOT;2026-08-31T11:34:07.624Z
20.006.00;2000600;Óleos essenciais (desterpenados ou não), incluídos os chamados concretos ou absolutos - resinoides - oleorresinas de extração - soluções concentradas de óleos essenciais em gorduras, em óleos fixos, em ceras ou em matérias análogas, obtidas por tratamento de flores através de substâncias gordas ou por maceração - subprodutos terpênicos residuais da desterpenação dos óleos essenciais - águas destiladas aromáticas e soluções aquosas de óleos essenciais, em embalagens de conteúdo inferior ou igual a 500 ml;20. Produtos de perfumaria e de higiene pessoal e cosméticos;VIGENTE_SNAPSHOT;;;CONFAZ_CV142_18;TABELASFISCAIS_SNAPSHOT;2026-08-31T11:34:07.624Z
20.007.00;2000700;Perfumes (extratos);20. Produtos de perfumaria e de higiene pessoal e cosméticos;VIGENTE_SNAPSHOT;;;CONFAZ_CV142_18;TABELASFISCAIS_SNAPSHOT;2026-08-31T11:34:07.624Z
20.008.00;2000800;Águas-de-colônia;20. Produtos de perfumaria e de higiene pessoal e cosméticos;VIGENTE_SNAPSHOT;;;CONFAZ_CV142_18;TABELASFISCAIS_SNAPSHOT;2026-08-31T11:34:07.624Z
20.009.00;2000900;Produtos de maquilagem para os lábios;20. Produtos de perfumaria e de higiene pessoal e cosméticos;VIGENTE_SNAPSHOT;;;CONFAZ_CV142_18;TABELASFISCAIS_SNAPSHOT;2026-08-31T11:34:07.624Z
20.010.00;2001000;Sombra, delineador, lápis para sobrancelhas e rímel;20. Produtos de perfumaria e de higiene pessoal e cosméticos;VIGENTE_SNAPSHOT;;;CONFAZ_CV142_18;TABELASFISCAIS_SNAPSHOT;2026-08-31T11:34:07.624Z
20.011.00;2001100;Outros produtos de maquilagem para os olhos;20. Produtos de perfumaria e de higiene pessoal e cosméticos;VIGENTE_SNAPSHOT;;;CONFAZ_CV142_18;TABELASFISCAIS_SNAPSHOT;2026-08-31T11:34:07.624Z
20.012.00;2001200;Preparações para manicuros e pedicuros, incluindo removedores de esmalte à base de acetona;20. Produtos de perfumaria e de higiene pessoal e cosméticos;VIGENTE_SNAPSHOT;;;CONFAZ_CV142_18;TABELASFISCAIS_SNAPSHOT;2026-08-31T11:34:07.624Z
20.013.00;2001300;Pós, incluídos os compactos;20. Produtos de perfumaria e de higiene pessoal e cosméticos;VIGENTE_SNAPSHOT;;;CONFAZ_CV142_18;TABELASFISCAIS_SNAPSHOT;2026-08-31T11:34:07.624Z
20.014.00;2001400;Cremes de beleza, cremes nutritivos e loções tônicas;20. Produtos de perfumaria e de higiene pessoal e cosméticos;VIGENTE_SNAPSHOT;;;CONFAZ_CV142_18;TABELASFISCAIS_SNAPSHOT;2026-08-31T11:34:07.624Z
20.015.00;2001500;Outros produtos de beleza ou de maquilagem preparados e preparações para conservação ou cuidados da pele, exceto as preparações solares e antissolares;20. Produtos de perfumaria e de higiene pessoal e cosméticos;VIGENTE_SNAPSHOT;;;CONFAZ_CV142_18;TABELASFISCAIS_SNAPSHOT;2026-08-31T11:34:07.624Z
20.016.00;2001600;Preparações solares e antissolares;20. Produtos de perfumaria e de higiene pessoal e cosméticos;VIGENTE_SNAPSHOT;;;CONFAZ_CV142_18;TABELASFISCAIS_SNAPSHOT;2026-08-31T11:34:07.624Z
20.017.00;2001700;Xampus para o cabelo;20. Produtos de perfumaria e de higiene pessoal e cosméticos;VIGENTE_SNAPSHOT;;;CONFAZ_CV142_18;TABELASFISCAIS_SNAPSHOT;2026-08-31T11:34:07.624Z
20.018.00;2001800;Preparações para ondulação ou alisamento, permanentes, dos cabelos;20. Produtos de perfumaria e de higiene pessoal e cosméticos;VIGENTE_SNAPSHOT;;;CONFAZ_CV142_18;TABELASFISCAIS_SNAPSHOT;2026-08-31T11:34:07.624Z
20.019.00;2001900;Laquês para o cabelo;20. Produtos de perfumaria e de higiene pessoal e cosméticos;VIGENTE_SNAPSHOT;;;CONFAZ_CV142_18;TABELASFISCAIS_SNAPSHOT;2026-08-31T11:34:07.624Z
20.020.00;2002000;Outras preparações capilares, incluindo máscaras e finalizadores;20. Produtos de perfumaria e de higiene pessoal e cosméticos;VIGENTE_SNAPSHOT;;;CONFAZ_CV142_18;TABELASFISCAIS_SNAPSHOT;2026-08-31T11:34:07.624Z
20.021.00;2002100;Condicionadores;20. Produtos de perfumaria e de higiene pessoal e cosméticos;VIGENTE_SNAPSHOT;;;CONFAZ_CV142_18;TABELASFISCAIS_SNAPSHOT;2026-08-31T11:34:07.624Z
20.022.00;2002200;Tintura para o cabelo;20. Produtos de perfumaria e de higiene pessoal e cosméticos;VIGENTE_SNAPSHOT;;;CONFAZ_CV142_18;TABELASFISCAIS_SNAPSHOT;2026-08-31T11:34:07.624Z
20.023.00;2002300;Dentifrícios;20. Produtos de perfumaria e de higiene pessoal e cosméticos;VIGENTE_SNAPSHOT;;;CONFAZ_CV142_18;TABELASFISCAIS_SNAPSHOT;2026-08-31T11:34:07.624Z
20.024.00;2002400;Fios utilizados para limpar os espaços interdentais (fios dentais);20. Produtos de perfumaria e de higiene pessoal e cosméticos;VIGENTE_SNAPSHOT;;;CONFAZ_CV142_18;TABELASFISCAIS_SNAPSHOT;2026-08-31T11:34:07.624Z
20.025.00;2002500;Outras preparações para higiene bucal ou dentária;20. Produtos de perfumaria e de higiene pessoal e cosméticos;VIGENTE_SNAPSHOT;;;CONFAZ_CV142_18;TABELASFISCAIS_SNAPSHOT;2026-08-31T11:34:07.624Z
20.026.00;2002600;Preparações para barbear (antes, durante ou após);20. Produtos de perfumaria e de higiene pessoal e cosméticos;VIGENTE_SNAPSHOT;;;CONFAZ_CV142_18;TABELASFISCAIS_SNAPSHOT;2026-08-31T11:34:07.624Z
20.027.00;2002700;Desodorantes (desodorizantes) corporais líquidos, exceto os classificados no CEST 20.027.01;20. Produtos de perfumaria e de higiene pessoal e cosméticos;VIGENTE_SNAPSHOT;;;CONFAZ_CV142_18;TABELASFISCAIS_SNAPSHOT;2026-08-31T11:34:07.624Z
20.027.01;2002701;Loções e óleos desodorantes hidratantes líquidos;20. Produtos de perfumaria e de higiene pessoal e cosméticos;VIGENTE_SNAPSHOT;;;CONFAZ_CV142_18;TABELASFISCAIS_SNAPSHOT;2026-08-31T11:34:07.624Z
20.028.00;2002800;Antiperspirantes líquidos;20. Produtos de perfumaria e de higiene pessoal e cosméticos;VIGENTE_SNAPSHOT;;;CONFAZ_CV142_18;TABELASFISCAIS_SNAPSHOT;2026-08-31T11:34:07.624Z
20.029.00;2002900;Outros desodorantes (desodorizantes) corporais, exceto os classificados no CEST 20.029.01;20. Produtos de perfumaria e de higiene pessoal e cosméticos;VIGENTE_SNAPSHOT;;;CONFAZ_CV142_18;TABELASFISCAIS_SNAPSHOT;2026-08-31T11:34:07.624Z
20.029.01;2002901;Outras loções e óleos desodorantes hidratantes;20. Produtos de perfumaria e de higiene pessoal e cosméticos;VIGENTE_SNAPSHOT;;;CONFAZ_CV142_18;TABELASFISCAIS_SNAPSHOT;2026-08-31T11:34:07.624Z
20.030.00;2003000;Outros antiperspirantes;20. Produtos de perfumaria e de higiene pessoal e cosméticos;VIGENTE_SNAPSHOT;;;CONFAZ_CV142_18;TABELASFISCAIS_SNAPSHOT;2026-08-31T11:34:07.624Z
20.031.00;2003100;Sais perfumados e outras preparações para banhos;20. Produtos de perfumaria e de higiene pessoal e cosméticos;VIGENTE_SNAPSHOT;;;CONFAZ_CV142_18;TABELASFISCAIS_SNAPSHOT;2026-08-31T11:34:07.624Z
20.032.00;2003200;Outros produtos de perfumaria preparados;20. Produtos de perfumaria e de higiene pessoal e cosméticos;VIGENTE_SNAPSHOT;;;CONFAZ_CV142_18;TABELASFISCAIS_SNAPSHOT;2026-08-31T11:34:07.624Z
20.032.01;2003201;Outros produtos de toucador preparados;20. Produtos de perfumaria e de higiene pessoal e cosméticos;VIGENTE_SNAPSHOT;;;CONFAZ_CV142_18;TABELASFISCAIS_SNAPSHOT;2026-08-31T11:34:07.624Z
20.033.00;2003300;Soluções para lentes de contato ou para olhos artificiais;20. Produtos de perfumaria e de higiene pessoal e cosméticos;VIGENTE_SNAPSHOT;;;CONFAZ_CV142_18;TABELASFISCAIS_SNAPSHOT;2026-08-31T11:34:07.624Z
20.034.00;2003400;Sabões de toucador em barras, pedaços ou figuras moldados, exceto CEST 20.034.01;20. Produtos de perfumaria e de higiene pessoal e cosméticos;VIGENTE_SNAPSHOT;;;CONFAZ_CV142_18;TABELASFISCAIS_SNAPSHOT;2026-08-31T11:34:07.624Z
20.034.01;2003401;Lenços umedecidos;20. Produtos de perfumaria e de higiene pessoal e cosméticos;VIGENTE_SNAPSHOT;;;CONFAZ_CV142_18;TABELASFISCAIS_SNAPSHOT;2026-08-31T11:34:07.624Z
20.035.00;2003500;Outros sabões, produtos e preparações, em barras, pedaços ou figuras moldados;20. Produtos de perfumaria e de higiene pessoal e cosméticos;VIGENTE_SNAPSHOT;;;CONFAZ_CV142_18;TABELASFISCAIS_SNAPSHOT;2026-08-31T11:34:07.624Z
20.063.00;2006300;Mamadeiras;20. Produtos de perfumaria e de higiene pessoal e cosméticos;VIGENTE_SNAPSHOT;;;CONFAZ_CV142_18;TABELASFISCAIS_SNAPSHOT;2026-08-31T11:34:07.624Z
20.064.00;2006400;Aparelhos e lâminas de barbear;20. Produtos de perfumaria e de higiene pessoal e cosméticos;VIGENTE_SNAPSHOT;;;CONFAZ_CV142_18;TABELASFISCAIS_SNAPSHOT;2026-08-31T11:34:07.624Z
20.065.00;2006500;Algodão hidrófilo, não estéril, destinado à higiene pessoal.;20. Produtos de perfumaria e de higiene pessoal e cosméticos;VIGENTE_SNAPSHOT;;;CONFAZ_CV142_18;TABELASFISCAIS_SNAPSHOT;2026-08-31T11:34:07.624Z
21.001.00;2100100;Fogões de cozinha de uso doméstico e suas partes;21. Produtos eletrônicos, eletroeletrônicos e eletrodomésticos;VIGENTE_SNAPSHOT;;;CONFAZ_CV142_18;TABELASFISCAIS_SNAPSHOT;2026-08-31T11:34:07.624Z
21.002.00;2100200;Combinações de refrigeradores e congeladores (freezers), munidos de portas exteriores separadas;21. Produtos eletrônicos, eletroeletrônicos e eletrodomésticos;VIGENTE_SNAPSHOT;;;CONFAZ_CV142_18;TABELASFISCAIS_SNAPSHOT;2026-08-31T11:34:07.624Z
21.003.00;2100300;Refrigeradores do tipo doméstico, de compressão;21. Produtos eletrônicos, eletroeletrônicos e eletrodomésticos;VIGENTE_SNAPSHOT;;;CONFAZ_CV142_18;TABELASFISCAIS_SNAPSHOT;2026-08-31T11:34:07.624Z
21.004.00;2100400;Outros refrigeradores do tipo doméstico;21. Produtos eletrônicos, eletroeletrônicos e eletrodomésticos;VIGENTE_SNAPSHOT;;;CONFAZ_CV142_18;TABELASFISCAIS_SNAPSHOT;2026-08-31T11:34:07.624Z
21.005.00;2100500;Congeladores (freezers) horizontais tipo arca, de capacidade não superior a 800 litros;21. Produtos eletrônicos, eletroeletrônicos e eletrodomésticos;VIGENTE_SNAPSHOT;;;CONFAZ_CV142_18;TABELASFISCAIS_SNAPSHOT;2026-08-31T11:34:07.624Z
21.006.00;2100600;Congeladores (freezers) verticais tipo armário, de capacidade não superior a 900 litros;21. Produtos eletrônicos, eletroeletrônicos e eletrodomésticos;VIGENTE_SNAPSHOT;;;CONFAZ_CV142_18;TABELASFISCAIS_SNAPSHOT;2026-08-31T11:34:07.624Z
21.007.00;2100700;Outros móveis (arcas, armários, vitrines, balcões e móveis semelhantes) para a conservação e exposição de produtos, que incorporem um equipamento para a produção de frio;21. Produtos eletrônicos, eletroeletrônicos e eletrodomésticos;VIGENTE_SNAPSHOT;;;CONFAZ_CV142_18;TABELASFISCAIS_SNAPSHOT;2026-08-31T11:34:07.624Z
21.008.00;2100800;Mini adega e similares;21. Produtos eletrônicos, eletroeletrônicos e eletrodomésticos;VIGENTE_SNAPSHOT;;;CONFAZ_CV142_18;TABELASFISCAIS_SNAPSHOT;2026-08-31T11:34:07.624Z
21.009.00;2100900;Máquinas para produção de gelo;21. Produtos eletrônicos, eletroeletrônicos e eletrodomésticos;VIGENTE_SNAPSHOT;;;CONFAZ_CV142_18;TABELASFISCAIS_SNAPSHOT;2026-08-31T11:34:07.624Z
21.010.00;2101000;Partes dos refrigeradores, congeladores, mini adegas e similares, máquinas para produção de gelo e bebedouros descritos nos CEST 21.002.00, 21.003.00, 21.004.00, 21.005.00, 21.006.00, 21.007.00, 21.008.00, 21.009.00 e 21.013.00;21. Produtos eletrônicos, eletroeletrônicos e eletrodomésticos;VIGENTE_SNAPSHOT;;;CONFAZ_CV142_18;TABELASFISCAIS_SNAPSHOT;2026-08-31T11:34:07.624Z
21.011.00;2101100;Secadoras de roupa de uso doméstico;21. Produtos eletrônicos, eletroeletrônicos e eletrodomésticos;VIGENTE_SNAPSHOT;;;CONFAZ_CV142_18;TABELASFISCAIS_SNAPSHOT;2026-08-31T11:34:07.624Z
21.012.00;2101200;Outras secadoras de roupas e centrífugas de uso doméstico;21. Produtos eletrônicos, eletroeletrônicos e eletrodomésticos;VIGENTE_SNAPSHOT;;;CONFAZ_CV142_18;TABELASFISCAIS_SNAPSHOT;2026-08-31T11:34:07.624Z
21.013.00;2101300;Bebedouros refrigerados para água;21. Produtos eletrônicos, eletroeletrônicos e eletrodomésticos;VIGENTE_SNAPSHOT;;;CONFAZ_CV142_18;TABELASFISCAIS_SNAPSHOT;2026-08-31T11:34:07.624Z
21.014.00;2101400;Partes das secadoras de roupas e centrífugas de uso doméstico e dos aparelhos para filtrar ou depurar água, descritos nos CEST 21.011.00 e 21.012.00 e 21.098.00;21. Produtos eletrônicos, eletroeletrônicos e eletrodomésticos;VIGENTE_SNAPSHOT;;;CONFAZ_CV142_18;TABELASFISCAIS_SNAPSHOT;2026-08-31T11:34:07.624Z
21.015.00;2101500;Máquinas de lavar louça do tipo doméstico e suas partes;21. Produtos eletrônicos, eletroeletrônicos e eletrodomésticos;VIGENTE_SNAPSHOT;;;CONFAZ_CV142_18;TABELASFISCAIS_SNAPSHOT;2026-08-31T11:34:07.624Z
21.016.00;2101600;Máquinas que executem pelo menos duas das seguintes funções: impressão, cópia ou transmissão de telecópia (fax), capazes de ser conectadas a uma máquina automática para processamento de dados ou a uma rede;21. Produtos eletrônicos, eletroeletrônicos e eletrodomésticos;VIGENTE_SNAPSHOT;;;CONFAZ_CV142_18;TABELASFISCAIS_SNAPSHOT;2026-08-31T11:34:07.624Z
21.017.00;2101700;Outras impressoras, máquinas copiadoras e telecopiadores (fax), mesmo combinados entre si, capazes de ser conectados a uma máquina automática para processamento de dados ou a uma rede;21. Produtos eletrônicos, eletroeletrônicos e eletrodomésticos;VIGENTE_SNAPSHOT;;;CONFAZ_CV142_18;TABELASFISCAIS_SNAPSHOT;2026-08-31T11:34:07.624Z
21.018.00;2101800;Partes e acessórios de máquinas e aparelhos de impressão por meio de blocos, cilindros e outros elementos de impressão da posição 8442 - e de outras impressoras, máquinas copiadoras e telecopiadores (fax), mesmo combinados entre si;21. Produtos eletrônicos, eletroeletrônicos e eletrodomésticos;VIGENTE_SNAPSHOT;;;CONFAZ_CV142_18;TABELASFISCAIS_SNAPSHOT;2026-08-31T11:34:07.624Z
21.019.00;2101900;Máquinas de lavar roupa, mesmo com dispositivos de secagem, de uso doméstico, de capacidade não superior a 10 kg, em peso de roupa seca, inteiramente automáticas;21. Produtos eletrônicos, eletroeletrônicos e eletrodomésticos;VIGENTE_SNAPSHOT;;;CONFAZ_CV142_18;TABELASFISCAIS_SNAPSHOT;2026-08-31T11:34:07.624Z
21.020.00;2102000;Outras máquinas de lavar roupa, mesmo com dispositivos de secagem, de uso doméstico, com secador centrífugo incorporado;21. Produtos eletrônicos, eletroeletrônicos e eletrodomésticos;VIGENTE_SNAPSHOT;;;CONFAZ_CV142_18;TABELASFISCAIS_SNAPSHOT;2026-08-31T11:34:07.624Z
21.021.00;2102100;Outras máquinas de lavar roupa, mesmo com dispositivos de secagem, de uso doméstico;21. Produtos eletrônicos, eletroeletrônicos e eletrodomésticos;VIGENTE_SNAPSHOT;;;CONFAZ_CV142_18;TABELASFISCAIS_SNAPSHOT;2026-08-31T11:34:07.624Z
21.022.00;2102200;Máquinas de lavar roupa, mesmo com dispositivos de secagem, de uso doméstico, de capacidade superior a 10 kg, em peso de roupa seca;21. Produtos eletrônicos, eletroeletrônicos e eletrodomésticos;VIGENTE_SNAPSHOT;;;CONFAZ_CV142_18;TABELASFISCAIS_SNAPSHOT;2026-08-31T11:34:07.624Z
21.023.00;2102300;Partes de máquinas de lavar roupa, mesmo com dispositivos de secagem, de uso doméstico;21. Produtos eletrônicos, eletroeletrônicos e eletrodomésticos;VIGENTE_SNAPSHOT;;;CONFAZ_CV142_18;TABELASFISCAIS_SNAPSHOT;2026-08-31T11:34:07.624Z
21.024.00;2102400;Máquinas de secar de uso doméstico de capacidade não superior a 10 kg, em peso de roupa seca;21. Produtos eletrônicos, eletroeletrônicos e eletrodomésticos;VIGENTE_SNAPSHOT;;;CONFAZ_CV142_18;TABELASFISCAIS_SNAPSHOT;2026-08-31T11:34:07.624Z
21.025.00;2102500;Outras máquinas de secar de uso doméstico;21. Produtos eletrônicos, eletroeletrônicos e eletrodomésticos;VIGENTE_SNAPSHOT;;;CONFAZ_CV142_18;TABELASFISCAIS_SNAPSHOT;2026-08-31T11:34:07.624Z
21.026.00;2102600;Partes de máquinas de secar de uso doméstico;21. Produtos eletrônicos, eletroeletrônicos e eletrodomésticos;VIGENTE_SNAPSHOT;;;CONFAZ_CV142_18;TABELASFISCAIS_SNAPSHOT;2026-08-31T11:34:07.624Z
21.027.00;2102700;Máquinas de costura de uso doméstico;21. Produtos eletrônicos, eletroeletrônicos e eletrodomésticos;VIGENTE_SNAPSHOT;;;CONFAZ_CV142_18;TABELASFISCAIS_SNAPSHOT;2026-08-31T11:34:07.624Z
21.028.00;2102800;Máquinas automáticas para processamento de dados, portáteis, de peso não superior a 10 kg, contendo pelo menos uma unidade central de processamento, um teclado e uma tela;21. Produtos eletrônicos, eletroeletrônicos e eletrodomésticos;VIGENTE_SNAPSHOT;;;CONFAZ_CV142_18;TABELASFISCAIS_SNAPSHOT;2026-08-31T11:34:07.624Z
21.029.00;2102900;Outras máquinas automáticas para processamento de dados;21. Produtos eletrônicos, eletroeletrônicos e eletrodomésticos;VIGENTE_SNAPSHOT;;;CONFAZ_CV142_18;TABELASFISCAIS_SNAPSHOT;2026-08-31T11:34:07.624Z
21.030.00;2103000;Unidades de processamento, de pequena capacidade, exceto as das subposições 8471.41 ou 8471.49, podendo conter, no mesmo corpo, um ou dois dos seguintes tipos de unidades: unidade de memória, unidade de entrada e unidade de saída - baseadas em microprocessadores, com capacidade de instalação, dentro do mesmo gabinete, de unidades de memória da subposição 8471.70, podendo conter múltiplos conectores de expansão (slots), e valor FOB inferior ou igual a US$ 12.500,00, por unidade;21. Produtos eletrônicos, eletroeletrônicos e eletrodomésticos;VIGENTE_SNAPSHOT;;;CONFAZ_CV142_18;TABELASFISCAIS_SNAPSHOT;2026-08-31T11:34:07.624Z
21.031.00;2103100;Unidades de entrada, exceto as classificadas no código 8471.60.54;21. Produtos eletrônicos, eletroeletrônicos e eletrodomésticos;VIGENTE_SNAPSHOT;;;CONFAZ_CV142_18;TABELASFISCAIS_SNAPSHOT;2026-08-31T11:34:07.624Z
21.032.00;2103200;Outras unidades de entrada ou de saída, podendo conter, no mesmo corpo, unidades de memória;21. Produtos eletrônicos, eletroeletrônicos e eletrodomésticos;VIGENTE_SNAPSHOT;;;CONFAZ_CV142_18;TABELASFISCAIS_SNAPSHOT;2026-08-31T11:34:07.624Z
21.033.00;2103300;Unidades de memória;21. Produtos eletrônicos, eletroeletrônicos e eletrodomésticos;VIGENTE_SNAPSHOT;;;CONFAZ_CV142_18;TABELASFISCAIS_SNAPSHOT;2026-08-31T11:34:07.624Z
21.034.00;2103400;Outras máquinas automáticas para processamento de dados e suas unidades - leitores magnéticos ou ópticos, máquinas para registrar dados em suporte sob forma codificada, e máquinas para processamento desses dados, não especificadas nem compreendidas em outras posições;21. Produtos eletrônicos, eletroeletrônicos e eletrodomésticos;VIGENTE_SNAPSHOT;;;CONFAZ_CV142_18;TABELASFISCAIS_SNAPSHOT;2026-08-31T11:34:07.624Z
21.035.00;2103500;Partes e acessórios das máquinas da posição 84.71;21. Produtos eletrônicos, eletroeletrônicos e eletrodomésticos;VIGENTE_SNAPSHOT;;;CONFAZ_CV142_18;TABELASFISCAIS_SNAPSHOT;2026-08-31T11:34:07.624Z
21.036.00;2103600;Outros transformadores, exceto os classificados nos códigos 8504.33.00 e 8504.34.00;21. Produtos eletrônicos, eletroeletrônicos e eletrodomésticos;VIGENTE_SNAPSHOT;;;CONFAZ_CV142_18;TABELASFISCAIS_SNAPSHOT;2026-08-31T11:34:07.624Z
21.037.00;2103700;Carregadores de acumuladores;21. Produtos eletrônicos, eletroeletrônicos e eletrodomésticos;VIGENTE_SNAPSHOT;;;CONFAZ_CV142_18;TABELASFISCAIS_SNAPSHOT;2026-08-31T11:34:07.624Z
21.038.00;2103800;Equipamentos de alimentação ininterrupta de energia (UPS ou no break);21. Produtos eletrônicos, eletroeletrônicos e eletrodomésticos;VIGENTE_SNAPSHOT;;;CONFAZ_CV142_18;TABELASFISCAIS_SNAPSHOT;2026-08-31T11:34:07.624Z
21.039.00;2103900;Outros acumuladores;21. Produtos eletrônicos, eletroeletrônicos e eletrodomésticos;VIGENTE_SNAPSHOT;;;CONFAZ_CV142_18;TABELASFISCAIS_SNAPSHOT;2026-08-31T11:34:07.624Z
21.040.00;2104000;Aspiradores;21. Produtos eletrônicos, eletroeletrônicos e eletrodomésticos;VIGENTE_SNAPSHOT;;;CONFAZ_CV142_18;TABELASFISCAIS_SNAPSHOT;2026-08-31T11:34:07.624Z
21.041.00;2104100;Aparelhos eletromecânicos de motor elétrico incorporado, de uso doméstico e suas partes;21. Produtos eletrônicos, eletroeletrônicos e eletrodomésticos;VIGENTE_SNAPSHOT;;;CONFAZ_CV142_18;TABELASFISCAIS_SNAPSHOT;2026-08-31T11:34:07.624Z
21.042.00;2104200;Enceradeiras;21. Produtos eletrônicos, eletroeletrônicos e eletrodomésticos;VIGENTE_SNAPSHOT;;;CONFAZ_CV142_18;TABELASFISCAIS_SNAPSHOT;2026-08-31T11:34:07.624Z
21.043.00;2104300;Chaleiras elétricas;21. Produtos eletrônicos, eletroeletrônicos e eletrodomésticos;VIGENTE_SNAPSHOT;;;CONFAZ_CV142_18;TABELASFISCAIS_SNAPSHOT;2026-08-31T11:34:07.624Z
21.044.00;2104400;Ferros elétricos de passar;21. Produtos eletrônicos, eletroeletrônicos e eletrodomésticos;VIGENTE_SNAPSHOT;;;CONFAZ_CV142_18;TABELASFISCAIS_SNAPSHOT;2026-08-31T11:34:07.624Z
21.045.00;2104500;Fornos de micro-ondas;21. Produtos eletrônicos, eletroeletrônicos e eletrodomésticos;VIGENTE_SNAPSHOT;;;CONFAZ_CV142_18;TABELASFISCAIS_SNAPSHOT;2026-08-31T11:34:07.624Z
21.046.00;2104600;Outros fornos - fogareiros (incluídas as chapas de cocção), grelhas e assadeiras, exceto os portáteis;21. Produtos eletrônicos, eletroeletrônicos e eletrodomésticos;VIGENTE_SNAPSHOT;;;CONFAZ_CV142_18;TABELASFISCAIS_SNAPSHOT;2026-08-31T11:34:07.624Z
21.047.00;2104700;Outros fornos - fogareiros (incluídas as chapas de cocção), grelhas e assadeiras, portáteis;21. Produtos eletrônicos, eletroeletrônicos e eletrodomésticos;VIGENTE_SNAPSHOT;;;CONFAZ_CV142_18;TABELASFISCAIS_SNAPSHOT;2026-08-31T11:34:07.624Z
21.048.00;2104800;Outros aparelhos eletrotérmicos de uso doméstico - Cafeteiras;21. Produtos eletrônicos, eletroeletrônicos e eletrodomésticos;VIGENTE_SNAPSHOT;;;CONFAZ_CV142_18;TABELASFISCAIS_SNAPSHOT;2026-08-31T11:34:07.624Z
21.049.00;2104900;Outros aparelhos eletrotérmicos de uso doméstico - Torradeiras;21. Produtos eletrônicos, eletroeletrônicos e eletrodomésticos;VIGENTE_SNAPSHOT;;;CONFAZ_CV142_18;TABELASFISCAIS_SNAPSHOT;2026-08-31T11:34:07.624Z
21.050.00;2105000;Outros aparelhos eletrotérmicos de uso doméstico;21. Produtos eletrônicos, eletroeletrônicos e eletrodomésticos;VIGENTE_SNAPSHOT;;;CONFAZ_CV142_18;TABELASFISCAIS_SNAPSHOT;2026-08-31T11:34:07.624Z
21.051.00;2105100;Partes das chaleiras, ferros, fornos e outros aparelhos eletrotérmicos da posição 85.16, descritos nos CEST 21.043.00, 21.044.00, 21.045.00, 21.046.00, 21.047.00, 21.048.00, 21.049.00 e 21.050.00;21. Produtos eletrônicos, eletroeletrônicos e eletrodomésticos;VIGENTE_SNAPSHOT;;;CONFAZ_CV142_18;TABELASFISCAIS_SNAPSHOT;2026-08-31T11:34:07.624Z
21.052.00;2105200;Aparelhos telefônicos por fio com unidade auscultador - microfone sem fio;21. Produtos eletrônicos, eletroeletrônicos e eletrodomésticos;VIGENTE_SNAPSHOT;;;CONFAZ_CV142_18;TABELASFISCAIS_SNAPSHOT;2026-08-31T11:34:07.624Z
21.053.00;2105300;Telefones inteligentes (smartphones) e para redes celulares, excetos por satélite, os de uso automotivo e os classificados nos CEST 21.053.01;21. Produtos eletrônicos, eletroeletrônicos e eletrodomésticos;VIGENTE_SNAPSHOT;;;CONFAZ_CV142_18;TABELASFISCAIS_SNAPSHOT;2026-08-31T11:34:07.624Z
21.053.01;2105301;Telefones inteligentes (smartphones) e para redes celulares portáteis, excetos por satélite;21. Produtos eletrônicos, eletroeletrônicos e eletrodomésticos;VIGENTE_SNAPSHOT;;;CONFAZ_CV142_18;TABELASFISCAIS_SNAPSHOT;2026-08-31T11:34:07.624Z
21.054.00;2105400;Outros telefones para outras redes sem fio, excetos os de uso automotivo e os classificados nos CEST 21.053.00 e 21.053.01;21. Produtos eletrônicos, eletroeletrônicos e eletrodomésticos;VIGENTE_SNAPSHOT;;;CONFAZ_CV142_18;TABELASFISCAIS_SNAPSHOT;2026-08-31T11:34:07.624Z
21.055.00;2105500;Outros aparelhos telefônicos não combinados com outros aparelhos;21. Produtos eletrônicos, eletroeletrônicos e eletrodomésticos;VIGENTE_SNAPSHOT;;;CONFAZ_CV142_18;TABELASFISCAIS_SNAPSHOT;2026-08-31T11:34:07.624Z
21.055.01;2105501;Outros aparelhos telefônicos;21. Produtos eletrônicos, eletroeletrônicos e eletrodomésticos;VIGENTE_SNAPSHOT;;;CONFAZ_CV142_18;TABELASFISCAIS_SNAPSHOT;2026-08-31T11:34:07.624Z
21.056.00;2105600;Outros aparelhos para transmissão ou recepção de voz, imagem ou outros dados em rede com fio.;21. Produtos eletrônicos, eletroeletrônicos e eletrodomésticos;VIGENTE_SNAPSHOT;;;CONFAZ_CV142_18;TABELASFISCAIS_SNAPSHOT;2026-08-31T11:34:07.624Z
21.056.01;2105601;Distribuidores de conexões para rede (hubs) e moduladores/demoduladores (modens).;21. Produtos eletrônicos, eletroeletrônicos e eletrodomésticos;VIGENTE_SNAPSHOT;;;CONFAZ_CV142_18;TABELASFISCAIS_SNAPSHOT;2026-08-31T11:34:07.624Z
21.057.00;2105700;Microfones e seus suportes - alto-falantes, mesmo montados nos seus receptáculos, fones de ouvido (auscultadores), mesmo combinados com microfone e conjuntos ou sortidos constituídos por um microfone e um ou mais alto-falantes, amplificadores elétricos de audiofrequência, aparelhos elétricos de amplificação de som - suas partes e acessórios - exceto os de uso automotivo;21. Produtos eletrônicos, eletroeletrônicos e eletrodomésticos;VIGENTE_SNAPSHOT;;;CONFAZ_CV142_18;TABELASFISCAIS_SNAPSHOT;2026-08-31T11:34:07.624Z
21.058.00;2105800;Aparelhos de radiodifusão suscetíveis de funcionarem sem fonte externa de energia. Aparelhos de gravação de som - aparelhos de reprodução de som - aparelhos de gravação e de reprodução de som - partes e acessórios - exceto os de uso automotivo;21. Produtos eletrônicos, eletroeletrônicos e eletrodomésticos;VIGENTE_SNAPSHOT;;;CONFAZ_CV142_18;TABELASFISCAIS_SNAPSHOT;2026-08-31T11:34:07.624Z
21.059.00;2105900;Outros aparelhos de gravação de som - aparelhos de reprodução de som - aparelhos de gravação e de reprodução de som - partes e acessórios - exceto os de uso automotivo;21. Produtos eletrônicos, eletroeletrônicos e eletrodomésticos;VIGENTE_SNAPSHOT;;;CONFAZ_CV142_18;TABELASFISCAIS_SNAPSHOT;2026-08-31T11:34:07.624Z
21.060.00;2106000;Gravador-reprodutor e editor de imagem e som, em discos, por meio magnético, óptico ou optomagnético, exceto de uso automotivo;21. Produtos eletrônicos, eletroeletrônicos e eletrodomésticos;VIGENTE_SNAPSHOT;;;CONFAZ_CV142_18;TABELASFISCAIS_SNAPSHOT;2026-08-31T11:34:07.624Z
21.061.00;2106100;Outros aparelhos videofônicos de gravação ou reprodução, mesmo incorporando um receptor de sinais videofônicos, exceto os de uso automotivo;21. Produtos eletrônicos, eletroeletrônicos e eletrodomésticos;VIGENTE_SNAPSHOT;;;CONFAZ_CV142_18;TABELASFISCAIS_SNAPSHOT;2026-08-31T11:34:07.624Z
21.062.00;2106200;Cartões de memória (memorycards);21. Produtos eletrônicos, eletroeletrônicos e eletrodomésticos;VIGENTE_SNAPSHOT;;;CONFAZ_CV142_18;TABELASFISCAIS_SNAPSHOT;2026-08-31T11:34:07.624Z
21.063.00;2106300;Cartões inteligentes (smartcards), exceto o item classificado no CEST 21.064.00;21. Produtos eletrônicos, eletroeletrônicos e eletrodomésticos;VIGENTE_SNAPSHOT;;;CONFAZ_CV142_18;TABELASFISCAIS_SNAPSHOT;2026-08-31T11:34:07.624Z
21.064.00;2106400;Cartões inteligentes (sim cards);21. Produtos eletrônicos, eletroeletrônicos e eletrodomésticos;VIGENTE_SNAPSHOT;;;CONFAZ_CV142_18;TABELASFISCAIS_SNAPSHOT;2026-08-31T11:34:07.624Z
21.065.00;2106500;Câmeras fotográficas digitais e câmeras de vídeo;21. Produtos eletrônicos, eletroeletrônicos e eletrodomésticos;VIGENTE_SNAPSHOT;;;CONFAZ_CV142_18;TABELASFISCAIS_SNAPSHOT;2026-08-31T11:34:07.624Z
21.066.00;2106600;Outros aparelhos receptores para radiodifusão, mesmo combinados num invólucro, com um aparelho de gravação ou de reprodução de som, ou com um relógio, inclusive caixa acústica para Home Theaters classificados na posição 8518;21. Produtos eletrônicos, eletroeletrônicos e eletrodomésticos;VIGENTE_SNAPSHOT;;;CONFAZ_CV142_18;TABELASFISCAIS_SNAPSHOT;2026-08-31T11:34:07.624Z
21.067.00;2106700;Monitores e projetores que não incorporem aparelhos receptores de televisão, policromáticos;21. Produtos eletrônicos, eletroeletrônicos e eletrodomésticos;VIGENTE_SNAPSHOT;;;CONFAZ_CV142_18;TABELASFISCAIS_SNAPSHOT;2026-08-31T11:34:07.624Z
21.067.01;2106701;Projetores capazes de serem conectados diretamente a uma máquina automática para processamento de dados da posição 84.71 e concebidos para serem utilizados com esta máquina;21. Produtos eletrônicos, eletroeletrônicos e eletrodomésticos;VIGENTE_SNAPSHOT;;;CONFAZ_CV142_18;TABELASFISCAIS_SNAPSHOT;2026-08-31T11:34:07.624Z
21.068.00;2106800;Outros monitores capazes de serem conectados diretamente a uma máquina automática para processamento de dados da posição 84.71 e concebidos para serem utilizados com esta máquina, policromáticos;21. Produtos eletrônicos, eletroeletrônicos e eletrodomésticos;VIGENTE_SNAPSHOT;;;CONFAZ_CV142_18;TABELASFISCAIS_SNAPSHOT;2026-08-31T11:34:07.624Z
21.069.00;2106900;Aparelhos receptores de televisão, mesmo que incorporem um aparelho receptor de radiodifusão ou um aparelho de gravação ou reprodução de som ou de imagens - Televisores de CRT (tubo de raios catódicos);21. Produtos eletrônicos, eletroeletrônicos e eletrodomésticos;VIGENTE_SNAPSHOT;;;CONFAZ_CV142_18;TABELASFISCAIS_SNAPSHOT;2026-08-31T11:34:07.624Z
21.070.00;2107000;Aparelhos receptores de televisão, mesmo que incorporem um aparelho receptor de radiodifusão ou um aparelho de gravação ou reprodução de som ou de imagens - Televisores de LCD (Display de Cristal Líquido);21. Produtos eletrônicos, eletroeletrônicos e eletrodomésticos;VIGENTE_SNAPSHOT;;;CONFAZ_CV142_18;TABELASFISCAIS_SNAPSHOT;2026-08-31T11:34:07.624Z
21.071.00;2107100;Aparelhos receptores de televisão, mesmo que incorporem um aparelho receptor de radiodifusão ou um aparelho de gravação ou reprodução de som ou de imagens - Televisores de Plasma;21. Produtos eletrônicos, eletroeletrônicos e eletrodomésticos;VIGENTE_SNAPSHOT;;;CONFAZ_CV142_18;TABELASFISCAIS_SNAPSHOT;2026-08-31T11:34:07.624Z
21.072.00;2107200;Outros aparelhos receptores de televisão não dotados de monitores ou display de vídeo;21. Produtos eletrônicos, eletroeletrônicos e eletrodomésticos;VIGENTE_SNAPSHOT;;;CONFAZ_CV142_18;TABELASFISCAIS_SNAPSHOT;2026-08-31T11:34:07.624Z
21.073.00;2107300;Outros aparelhos receptores de televisão não relacionados nos CEST 21.069.00, 21.070.00, 21.071.00 e 21.072.00;21. Produtos eletrônicos, eletroeletrônicos e eletrodomésticos;VIGENTE_SNAPSHOT;;;CONFAZ_CV142_18;TABELASFISCAIS_SNAPSHOT;2026-08-31T11:34:07.624Z
21.074.00;2107400;Câmeras fotográficas dos tipos utilizadas para preparação de clichês ou cilindros de impressão;21. Produtos eletrônicos, eletroeletrônicos e eletrodomésticos;VIGENTE_SNAPSHOT;;;CONFAZ_CV142_18;TABELASFISCAIS_SNAPSHOT;2026-08-31T11:34:07.624Z
21.075.00;2107500;Câmeras fotográficas para filmes de revelação e copiagem instantâneas;21. Produtos eletrônicos, eletroeletrônicos e eletrodomésticos;VIGENTE_SNAPSHOT;;;CONFAZ_CV142_18;TABELASFISCAIS_SNAPSHOT;2026-08-31T11:34:07.624Z
21.076.00;2107600;Aparelhos de diatermia;21. Produtos eletrônicos, eletroeletrônicos e eletrodomésticos;VIGENTE_SNAPSHOT;;;CONFAZ_CV142_18;TABELASFISCAIS_SNAPSHOT;2026-08-31T11:34:07.624Z
21.077.00;2107700;Aparelhos de massagem;21. Produtos eletrônicos, eletroeletrônicos e eletrodomésticos;VIGENTE_SNAPSHOT;;;CONFAZ_CV142_18;TABELASFISCAIS_SNAPSHOT;2026-08-31T11:34:07.624Z
21.078.00;2107800;Reguladores de voltagem eletrônicos;21. Produtos eletrônicos, eletroeletrônicos e eletrodomésticos;VIGENTE_SNAPSHOT;;;CONFAZ_CV142_18;TABELASFISCAIS_SNAPSHOT;2026-08-31T11:34:07.624Z
21.079.00;2107900;Consoles e máquinas de jogos de vídeo, exceto os classificados na subposição 9504.30;21. Produtos eletrônicos, eletroeletrônicos e eletrodomésticos;VIGENTE_SNAPSHOT;;;CONFAZ_CV142_18;TABELASFISCAIS_SNAPSHOT;2026-08-31T11:34:07.624Z
21.080.00;2108000;Multiplexadores e concentradores;21. Produtos eletrônicos, eletroeletrônicos e eletrodomésticos;VIGENTE_SNAPSHOT;;;CONFAZ_CV142_18;TABELASFISCAIS_SNAPSHOT;2026-08-31T11:34:07.624Z
21.081.00;2108100;Centrais automáticas privadas, de capacidade inferior ou igual a 25 ramais;21. Produtos eletrônicos, eletroeletrônicos e eletrodomésticos;VIGENTE_SNAPSHOT;;;CONFAZ_CV142_18;TABELASFISCAIS_SNAPSHOT;2026-08-31T11:34:07.624Z
21.082.00;2108200;Outros aparelhos para comutação;21. Produtos eletrônicos, eletroeletrônicos e eletrodomésticos;VIGENTE_SNAPSHOT;;;CONFAZ_CV142_18;TABELASFISCAIS_SNAPSHOT;2026-08-31T11:34:07.624Z
21.083.00;2108300;Roteadores digitais, em redes com ou sem fio;21. Produtos eletrônicos, eletroeletrônicos e eletrodomésticos;VIGENTE_SNAPSHOT;;;CONFAZ_CV142_18;TABELASFISCAIS_SNAPSHOT;2026-08-31T11:34:07.624Z
21.084.00;2108400;Aparelhos emissores com receptor incorporado de tecnologia celular;21. Produtos eletrônicos, eletroeletrônicos e eletrodomésticos;VIGENTE_SNAPSHOT;;;CONFAZ_CV142_18;TABELASFISCAIS_SNAPSHOT;2026-08-31T11:34:07.624Z
21.085.00;2108500;Outros aparelhos de recepção, conversão e transmissão ou regeneração de voz, imagens ou outros dados, incluindo os aparelhos de comutação e roteamento;21. Produtos eletrônicos, eletroeletrônicos e eletrodomésticos;VIGENTE_SNAPSHOT;;;CONFAZ_CV142_18;TABELASFISCAIS_SNAPSHOT;2026-08-31T11:34:07.624Z
21.086.00;2108600;Antenas próprias para telefones celulares portáteis, exceto as telescópicas;21. Produtos eletrônicos, eletroeletrônicos e eletrodomésticos;VIGENTE_SNAPSHOT;;;CONFAZ_CV142_18;TABELASFISCAIS_SNAPSHOT;2026-08-31T11:34:07.624Z
21.087.00;2108700;Aparelhos ou máquinas de barbear, máquinas de cortar o cabelo ou de tosquiar e aparelhos de depilar, e suas partes;21. Produtos eletrônicos, eletroeletrônicos e eletrodomésticos;VIGENTE_SNAPSHOT;;;CONFAZ_CV142_18;TABELASFISCAIS_SNAPSHOT;2026-08-31T11:34:07.624Z
21.088.00;2108800;Ventiladores, exceto os de uso agrícola e do CEST 21.088.01;21. Produtos eletrônicos, eletroeletrônicos e eletrodomésticos;VIGENTE_SNAPSHOT;;;CONFAZ_CV142_18;TABELASFISCAIS_SNAPSHOT;2026-08-31T11:34:07.624Z
21.088.01;2108801;Microventiladores com área de carcaça inferior a 90 cm²;21. Produtos eletrônicos, eletroeletrônicos e eletrodomésticos;VIGENTE_SNAPSHOT;;;CONFAZ_CV142_18;TABELASFISCAIS_SNAPSHOT;2026-08-31T11:34:07.624Z
21.089.00;2108900;Ventiladores de uso agrícola;21. Produtos eletrônicos, eletroeletrônicos e eletrodomésticos;VIGENTE_SNAPSHOT;;;CONFAZ_CV142_18;TABELASFISCAIS_SNAPSHOT;2026-08-31T11:34:07.624Z
21.090.00;2109000;Coifas com dimensão horizontal máxima não superior a 120 cm;21. Produtos eletrônicos, eletroeletrônicos e eletrodomésticos;VIGENTE_SNAPSHOT;;;CONFAZ_CV142_18;TABELASFISCAIS_SNAPSHOT;2026-08-31T11:34:07.624Z
21.091.00;2109100;Partes de ventiladores ou coifas aspirantes;21. Produtos eletrônicos, eletroeletrônicos e eletrodomésticos;VIGENTE_SNAPSHOT;;;CONFAZ_CV142_18;TABELASFISCAIS_SNAPSHOT;2026-08-31T11:34:07.624Z
21.092.00;2109200;Máquinas e aparelhos de ar condicionado contendo um ventilador motorizado e dispositivos próprios para modificar a temperatura e a umidade, incluídos as máquinas e aparelhos em que a umidade não seja regulável separadamente;21. Produtos eletrônicos, eletroeletrônicos e eletrodomésticos;VIGENTE_SNAPSHOT;;;CONFAZ_CV142_18;TABELASFISCAIS_SNAPSHOT;2026-08-31T11:34:07.624Z
21.093.00;2109300;Aparelhos de ar-condicionado tipo Split System (sistema com elementos separados) com unidade externa e interna;21. Produtos eletrônicos, eletroeletrônicos e eletrodomésticos;VIGENTE_SNAPSHOT;;;CONFAZ_CV142_18;TABELASFISCAIS_SNAPSHOT;2026-08-31T11:34:07.624Z
21.094.00;2109400;Aparelhos de ar-condicionado com capacidade inferior ou igual a 30.000 frigorias/hora;21. Produtos eletrônicos, eletroeletrônicos e eletrodomésticos;VIGENTE_SNAPSHOT;;;CONFAZ_CV142_18;TABELASFISCAIS_SNAPSHOT;2026-08-31T11:34:07.624Z
21.095.00;2109500;Aparelhos de ar-condicionado com capacidade acima de 30.000 frigorias/hora;21. Produtos eletrônicos, eletroeletrônicos e eletrodomésticos;VIGENTE_SNAPSHOT;;;CONFAZ_CV142_18;TABELASFISCAIS_SNAPSHOT;2026-08-31T11:34:07.624Z
21.096.00;2109600;Unidades evaporadoras (internas) de aparelho de ar-condicionado do tipo Split System (sistema com elementos separados), com capacidade inferior ou igual a 30.000 frigorias/hora;21. Produtos eletrônicos, eletroeletrônicos e eletrodomésticos;VIGENTE_SNAPSHOT;;;CONFAZ_CV142_18;TABELASFISCAIS_SNAPSHOT;2026-08-31T11:34:07.624Z
21.097.00;2109700;Unidades condensadoras (externas) de aparelho de ar-condicionado do tipo Split System (sistema com elementos separados), com capacidade inferior ou igual a 30.000 frigorias/hora;21. Produtos eletrônicos, eletroeletrônicos e eletrodomésticos;VIGENTE_SNAPSHOT;;;CONFAZ_CV142_18;TABELASFISCAIS_SNAPSHOT;2026-08-31T11:34:07.624Z
21.098.00;2109800;Aparelhos elétricos para filtrar ou depurar água (purificadores de água refrigerados), exceto os itens classificados no CEST 21.098.01;21. Produtos eletrônicos, eletroeletrônicos e eletrodomésticos;VIGENTE_SNAPSHOT;;;CONFAZ_CV142_18;TABELASFISCAIS_SNAPSHOT;2026-08-31T11:34:07.624Z
21.098.01;2109801;Outros aparelhos elétricos para filtrar ou depurar água;21. Produtos eletrônicos, eletroeletrônicos e eletrodomésticos;VIGENTE_SNAPSHOT;;;CONFAZ_CV142_18;TABELASFISCAIS_SNAPSHOT;2026-08-31T11:34:07.624Z
21.099.00;2109900;Lavadora de alta pressão e suas partes;21. Produtos eletrônicos, eletroeletrônicos e eletrodomésticos;VIGENTE_SNAPSHOT;;;CONFAZ_CV142_18;TABELASFISCAIS_SNAPSHOT;2026-08-31T11:34:07.624Z
21.100.00;2110000;Furadeiras elétricas;21. Produtos eletrônicos, eletroeletrônicos e eletrodomésticos;VIGENTE_SNAPSHOT;;;CONFAZ_CV142_18;TABELASFISCAIS_SNAPSHOT;2026-08-31T11:34:07.624Z
21.101.00;2110100;Aparelhos elétricos para aquecimento de ambientes;21. Produtos eletrônicos, eletroeletrônicos e eletrodomésticos;VIGENTE_SNAPSHOT;;;CONFAZ_CV142_18;TABELASFISCAIS_SNAPSHOT;2026-08-31T11:34:07.624Z
21.102.00;2110200;Secadores de cabelo;21. Produtos eletrônicos, eletroeletrônicos e eletrodomésticos;VIGENTE_SNAPSHOT;;;CONFAZ_CV142_18;TABELASFISCAIS_SNAPSHOT;2026-08-31T11:34:07.624Z
21.103.00;2110300;Outros aparelhos para arranjos do cabelo;21. Produtos eletrônicos, eletroeletrônicos e eletrodomésticos;VIGENTE_SNAPSHOT;;;CONFAZ_CV142_18;TABELASFISCAIS_SNAPSHOT;2026-08-31T11:34:07.624Z
21.104.00;2110400;Aparelhos receptores para radiodifusão, mesmo combinados num mesmo invólucro, com um aparelho de gravação ou de reprodução de som, ou com um relógio, exceto os classificados na posição 8527.1, 8527.2 e 8527.9 que sejam de uso automotivo;21. Produtos eletrônicos, eletroeletrônicos e eletrodomésticos;VIGENTE_SNAPSHOT;;;CONFAZ_CV142_18;TABELASFISCAIS_SNAPSHOT;2026-08-31T11:34:07.624Z
21.105.00;2110500;Climatizadores de ar;21. Produtos eletrônicos, eletroeletrônicos e eletrodomésticos;VIGENTE_SNAPSHOT;;;CONFAZ_CV142_18;TABELASFISCAIS_SNAPSHOT;2026-08-31T11:34:07.624Z
21.106.00;2110600;Outras partes para máquinas e aparelhos de ar-condicionado que contenham um ventilador motorizado e dispositivos próprios para modificar a temperatura e a umidade, incluindo as máquinas e aparelhos em que a umidade não seja regulável separadamente;21. Produtos eletrônicos, eletroeletrônicos e eletrodomésticos;VIGENTE_SNAPSHOT;;;CONFAZ_CV142_18;TABELASFISCAIS_SNAPSHOT;2026-08-31T11:34:07.624Z
21.107.00;2110700;Câmeras de televisão;21. Produtos eletrônicos, eletroeletrônicos e eletrodomésticos;VIGENTE_SNAPSHOT;;;CONFAZ_CV142_18;TABELASFISCAIS_SNAPSHOT;2026-08-31T11:34:07.624Z
21.108.00;2110800;Balanças de uso doméstico;21. Produtos eletrônicos, eletroeletrônicos e eletrodomésticos;VIGENTE_SNAPSHOT;;;CONFAZ_CV142_18;TABELASFISCAIS_SNAPSHOT;2026-08-31T11:34:07.624Z
21.109.00;2110900;Tubos e válvulas, eletrônicos, de cátodo quente, cátodo frio ou fotocátodo (por exemplo, tubos e válvulas, de vácuo, de vapor ou de gás, ampolas retificadoras de vapor de mercúrio, tubos catódicos, tubos e válvulas para câmeras de televisão);21. Produtos eletrônicos, eletroeletrônicos e eletrodomésticos;VIGENTE_SNAPSHOT;;;CONFAZ_CV142_18;TABELASFISCAIS_SNAPSHOT;2026-08-31T11:34:07.624Z
21.110.00;2111000;Aparelhos elétricos para telefonia - outros aparelhos para transmissão ou recepção de voz, imagens ou outros dados, incluídos os aparelhos para comunicação em redes por fio ou redes sem fio, tal como uma rede local (LAN) ou uma rede de área estendida (WAN), incluídas suas partes, exceto os de uso automotivo, os classificados nos códigos NCM/SH 8517.62.51, 8517.62.52 e 8517.62.53 e no código CEST 21.127.00;21. Produtos eletrônicos, eletroeletrônicos e eletrodomésticos;VIGENTE_SNAPSHOT;;;CONFAZ_CV142_18;TABELASFISCAIS_SNAPSHOT;2026-08-31T11:34:07.624Z
21.111.00;2111100;Interfones, seus acessórios, tomadas e plugs;21. Produtos eletrônicos, eletroeletrônicos e eletrodomésticos;VIGENTE_SNAPSHOT;;;CONFAZ_CV142_18;TABELASFISCAIS_SNAPSHOT;2026-08-31T11:34:07.624Z
21.112.00;2111200;Partes reconhecíveis como exclusiva ou principalmente destinadas aos aparelhos das posições 8525 a 8528 - exceto as de uso automotivo;21. Produtos eletrônicos, eletroeletrônicos e eletrodomésticos;VIGENTE_SNAPSHOT;;;CONFAZ_CV142_18;TABELASFISCAIS_SNAPSHOT;2026-08-31T11:34:07.624Z
21.113.00;2111300;Aparelhos elétricos de sinalização acústica ou visual (por exemplo, campainhas, sirenes, quadros indicadores, aparelhos de alarme para proteção contra roubo ou incêndio) - exceto os de uso automotivo e os classificados nas posições 8531.10 e 8531.80.00.;21. Produtos eletrônicos, eletroeletrônicos e eletrodomésticos;VIGENTE_SNAPSHOT;;;CONFAZ_CV142_18;TABELASFISCAIS_SNAPSHOT;2026-08-31T11:34:07.624Z
21.114.00;2111400;Aparelhos elétricos de alarme, para proteção contra roubo ou incêndio e aparelhos semelhantes, exceto os de uso automotivo;21. Produtos eletrônicos, eletroeletrônicos e eletrodomésticos;VIGENTE_SNAPSHOT;;;CONFAZ_CV142_18;TABELASFISCAIS_SNAPSHOT;2026-08-31T11:34:07.624Z
21.115.00;2111500;Outros aparelhos de sinalização acústica ou visual, exceto os de uso automotivo;21. Produtos eletrônicos, eletroeletrônicos e eletrodomésticos;VIGENTE_SNAPSHOT;;;CONFAZ_CV142_18;TABELASFISCAIS_SNAPSHOT;2026-08-31T11:34:07.624Z
21.116.00;2111600;Circuitos impressos, exceto os de uso automotivo;21. Produtos eletrônicos, eletroeletrônicos e eletrodomésticos;VIGENTE_SNAPSHOT;;;CONFAZ_CV142_18;TABELASFISCAIS_SNAPSHOT;2026-08-31T11:34:07.624Z
21.117.00;2111700;Diodos emissores de luz (LED), exceto diodos laser;21. Produtos eletrônicos, eletroeletrônicos e eletrodomésticos;VIGENTE_SNAPSHOT;;;CONFAZ_CV142_18;TABELASFISCAIS_SNAPSHOT;2026-08-31T11:34:07.624Z
21.118.00;2111800;Eletrificadores de cercas eletrônicos;21. Produtos eletrônicos, eletroeletrônicos e eletrodomésticos;VIGENTE_SNAPSHOT;;;CONFAZ_CV142_18;TABELASFISCAIS_SNAPSHOT;2026-08-31T11:34:07.624Z
21.119.00;2111900;Aparelhos e instrumentos para medida ou controle da tensão, intensidade, resistência ou da potência, sem dispositivo registrador - exceto os de uso automotivo;21. Produtos eletrônicos, eletroeletrônicos e eletrodomésticos;VIGENTE_SNAPSHOT;;;CONFAZ_CV142_18;TABELASFISCAIS_SNAPSHOT;2026-08-31T11:34:07.624Z
21.120.00;2112000;Analisadores lógicos de circuitos digitais, de espectro de frequência, frequencímetros, fasímetros, e outros instrumentos e aparelhos de controle de grandezas elétricas e detecção;21. Produtos eletrônicos, eletroeletrônicos e eletrodomésticos;VIGENTE_SNAPSHOT;;;CONFAZ_CV142_18;TABELASFISCAIS_SNAPSHOT;2026-08-31T11:34:07.624Z
21.121.00;2112100;Interruptores horários e outros aparelhos que permitam acionar um mecanismo em tempo determinado, munidos de maquinismo de aparelhos de relojoaria ou de motor síncrono;21. Produtos eletrônicos, eletroeletrônicos e eletrodomésticos;VIGENTE_SNAPSHOT;;;CONFAZ_CV142_18;TABELASFISCAIS_SNAPSHOT;2026-08-31T11:34:07.624Z
21.122.00;2112200;Aparelhos de iluminação (incluídos os projetores) e suas partes, não especificados nem compreendidos em outras posições - anúncios, cartazes ou tabuletas e placas indicadoras luminosos, e artigos semelhantes, contendo uma fonte luminosa fixa permanente, e suas partes não especificadas nem compreendidas em outras posições, com exceção dos itens classificados nos CEST 21.123.00, 21.124.00 e 21.125.00;21. Produtos eletrônicos, eletroeletrônicos e eletrodomésticos;VIGENTE_SNAPSHOT;;;CONFAZ_CV142_18;TABELASFISCAIS_SNAPSHOT;2026-08-31T11:34:07.624Z
21.123.00;2112300;Lustres e outros aparelhos elétricos de iluminação, próprios para serem suspensos ou fixados no teto ou na parede, exceto os dos tipos utilizados na iluminação pública - e suas partes;21. Produtos eletrônicos, eletroeletrônicos e eletrodomésticos;VIGENTE_SNAPSHOT;;;CONFAZ_CV142_18;TABELASFISCAIS_SNAPSHOT;2026-08-31T11:34:07.624Z
21.124.00;2112400;Abajures de cabeceiras, de escritório e lampadários de interior, elétricos e suas partes;21. Produtos eletrônicos, eletroeletrônicos e eletrodomésticos;VIGENTE_SNAPSHOT;;;CONFAZ_CV142_18;TABELASFISCAIS_SNAPSHOT;2026-08-31T11:34:07.624Z
21.125.00;2112500;Outras luminárias e aparelhos de iluminação, elétricos, e suas partes;21. Produtos eletrônicos, eletroeletrônicos e eletrodomésticos;VIGENTE_SNAPSHOT;;;CONFAZ_CV142_18;TABELASFISCAIS_SNAPSHOT;2026-08-31T11:34:07.624Z
21.126.00;2112600;Microprocessador;21. Produtos eletrônicos, eletroeletrônicos e eletrodomésticos;VIGENTE_SNAPSHOT;;;CONFAZ_CV142_18;TABELASFISCAIS_SNAPSHOT;2026-08-31T11:34:07.624Z
21.127.00;2112700;Aparelho emissor com receptor incorporado, digital, com tecnologias de transmissão/recepção sem fio, tela sensível ao toque smartwatch;21. Produtos eletrônicos, eletroeletrônicos e eletrodomésticos;VIGENTE_SNAPSHOT;;;CONFAZ_CV142_18;TABELASFISCAIS_SNAPSHOT;2026-08-31T11:34:07.624Z
22.001.00;2200100;Ração tipo pet para animais domésticos;22. Rações para animais domésticos;VIGENTE_SNAPSHOT;;;CONFAZ_CV142_18;TABELASFISCAIS_SNAPSHOT;2026-08-31T11:34:07.624Z
23.001.00;2300100;Sorvetes de qualquer espécie;23. Sorvetes e preparados para fabricação de sorvetes em máquinas;VIGENTE_SNAPSHOT;;;CONFAZ_CV142_18;TABELASFISCAIS_SNAPSHOT;2026-08-31T11:34:07.624Z
23.002.00;2300200;Preparados para fabricação de sorvete em máquina;23. Sorvetes e preparados para fabricação de sorvetes em máquinas;VIGENTE_SNAPSHOT;;;CONFAZ_CV142_18;TABELASFISCAIS_SNAPSHOT;2026-08-31T11:34:07.624Z
23.002.01;2300201;Preparados para fabricação de sorvete em máquina;23. Sorvetes e preparados para fabricação de sorvetes em máquinas;VIGENTE_SNAPSHOT;;;CONFAZ_CV142_18;TABELASFISCAIS_SNAPSHOT;2026-08-31T11:34:07.624Z
23.002.02;2300202;Preparados para fabricação de sorvete em máquina;23. Sorvetes e preparados para fabricação de sorvetes em máquinas;VIGENTE_SNAPSHOT;;;CONFAZ_CV142_18;TABELASFISCAIS_SNAPSHOT;2026-08-31T11:34:07.624Z
23.002.03;2300203;Preparados para fabricação de sorvete em máquina;23. Sorvetes e preparados para fabricação de sorvetes em máquinas;VIGENTE_SNAPSHOT;;;CONFAZ_CV142_18;TABELASFISCAIS_SNAPSHOT;2026-08-31T11:34:07.624Z
24.001.00;2400100;Tintas, vernizes;24. Tintas e vernizes;VIGENTE_SNAPSHOT;;;CONFAZ_CV142_18;TABELASFISCAIS_SNAPSHOT;2026-08-31T11:34:07.624Z
24.002.00;2400200;Xadrez e pós assemelhados, em embalagem de conteúdo inferior ou igual a 1 kg, exceto pigmentos à base de dióxido de titânio classificados no código NCM 3206.11.10;24. Tintas e vernizes;VIGENTE_SNAPSHOT;;;CONFAZ_CV142_18;TABELASFISCAIS_SNAPSHOT;2026-08-31T11:34:07.624Z
24.002.01;2400201;Xadrez e pós assemelhados, em embalagem de conteúdo superior a 1 kg, exceto pigmentos à base de dióxido de titânio classificados no código NCM 3206.11.10;24. Tintas e vernizes;VIGENTE_SNAPSHOT;;;CONFAZ_CV142_18;TABELASFISCAIS_SNAPSHOT;2026-08-31T11:34:07.624Z
24.003.00;2400300;Corantes para aplicação em bases, tintas e vernizes;24. Tintas e vernizes;VIGENTE_SNAPSHOT;;;CONFAZ_CV142_18;TABELASFISCAIS_SNAPSHOT;2026-08-31T11:34:07.624Z
25.001.00;2500100;Veículos automóveis para transporte de 10 pessoas ou mais, incluindo o motorista, unicamente com motor de pistão, de ignição por compressão (diesel ou semidiesel), com volume interno de habitáculo, destinado a passageiros e motorista, superior a 6 m³, mas inferior a 9 m³;25. Veículos automotores;VIGENTE_SNAPSHOT;;;CONFAZ_CV142_18;TABELASFISCAIS_SNAPSHOT;2026-08-31T11:34:07.624Z
25.002.00;2500200;Veículos automóveis para transporte de 10 pessoas ou mais, incluindo o motorista, unicamente com motor elétrico para propulsão, com volume interno de habitáculo, destinado a passageiros e motorista, superior a 6 m³, mas inferior a 9 m³;25. Veículos automotores;VIGENTE_SNAPSHOT;;;CONFAZ_CV142_18;TABELASFISCAIS_SNAPSHOT;2026-08-31T11:34:07.624Z
25.003.00;2500300;Automóveis unicamente com motor de pistão alternativo de ignição por centelha (faísca*), de cilindrada não superior a 1000 cm³;25. Veículos automotores;VIGENTE_SNAPSHOT;;;CONFAZ_CV142_18;TABELASFISCAIS_SNAPSHOT;2026-08-31T11:34:07.624Z
25.004.00;2500400;Automóveis unicamente com motor de pistão alternativo de ignição por centelha (faísca*), de cilindrada superior a 1000 cm³, mas não superior a 1500 cm³, com capacidade de transporte de pessoas sentadas inferior ou igual a 6, incluído o condutor, exceto carro celular;25. Veículos automotores;VIGENTE_SNAPSHOT;;;CONFAZ_CV142_18;TABELASFISCAIS_SNAPSHOT;2026-08-31T11:34:07.624Z
25.005.00;2500500;Outros automóveis unicamente com motor de pistão alternativo de ignição por centelha (faísca*), de cilindrada superior a 1000 cm³, mas não superior a 1500 cm³, exceto carro celular;25. Veículos automotores;VIGENTE_SNAPSHOT;;;CONFAZ_CV142_18;TABELASFISCAIS_SNAPSHOT;2026-08-31T11:34:07.624Z
25.006.00;2500600;Automóveis unicamente com motor de pistão alternativo de ignição por centelha (faísca*), de cilindrada superior a 1500 cm³, mas não superior a 3000 cm³, com capacidade de transporte de pessoas sentadas inferior ou igual a 6, incluído o condutor, exceto carro celular, carro funerário e automóveis de corrida;25. Veículos automotores;VIGENTE_SNAPSHOT;;;CONFAZ_CV142_18;TABELASFISCAIS_SNAPSHOT;2026-08-31T11:34:07.624Z
25.007.00;2500700;Outros automóveis unicamente com motor de pistão alternativo de ignição por centelha (faísca*), de cilindrada superior a 1500 cm³, mas não superior a 3000 cm³, exceto carro celular, carro funerário e automóveis de corrida;25. Veículos automotores;VIGENTE_SNAPSHOT;;;CONFAZ_CV142_18;TABELASFISCAIS_SNAPSHOT;2026-08-31T11:34:07.624Z
25.008.00;2500800;Automóveis unicamente com motor de pistão alternativo de ignição por centelha (faísca*), de cilindrada superior a 3000 cm³, com capacidade de transporte de pessoas sentadas inferior ou igual a 6, incluído o condutor, exceto carro celular, carro funerário e automóveis de corrida;25. Veículos automotores;VIGENTE_SNAPSHOT;;;CONFAZ_CV142_18;TABELASFISCAIS_SNAPSHOT;2026-08-31T11:34:07.624Z
25.009.00;2500900;Outros automóveis unicamente com motor de pistão alternativo de ignição por centelha (faísca*), de cilindrada superior a 3000 cm³, exceto carro celular, carro funerário e automóveis de corrida;25. Veículos automotores;VIGENTE_SNAPSHOT;;;CONFAZ_CV142_18;TABELASFISCAIS_SNAPSHOT;2026-08-31T11:34:07.624Z
25.010.00;2501000;Automóveis unicamente com motor diesel ou semidiesel, de cilindrada superior a 1500 cm³, mas não superior a 2500 cm³, com capacidade de transporte de pessoas sentadas inferior ou igual a 6, incluído o condutor, exceto ambulância, carro celular e carro funerário;25. Veículos automotores;VIGENTE_SNAPSHOT;;;CONFAZ_CV142_18;TABELASFISCAIS_SNAPSHOT;2026-08-31T11:34:07.624Z
25.011.00;2501100;Outros automóveis unicamente com motor diesel ou semidiesel, de cilindrada superior a 1500 cm³, mas não superior a 2500 cm³, exceto ambulância, carro celular e carro funerário;25. Veículos automotores;VIGENTE_SNAPSHOT;;;CONFAZ_CV142_18;TABELASFISCAIS_SNAPSHOT;2026-08-31T11:34:07.624Z
25.012.00;2501200;Automóveis unicamente com motor diesel ou semidiesel, de cilindrada superior a 2500 cm³, com capacidade de transporte de pessoas sentadas inferior ou igual a 6, incluído o condutor, exceto carro celular e carro funerário;25. Veículos automotores;VIGENTE_SNAPSHOT;;;CONFAZ_CV142_18;TABELASFISCAIS_SNAPSHOT;2026-08-31T11:34:07.624Z
25.013.00;2501300;Outros automóveis unicamente com motor diesel ou semidiesel, de cilindrada superior a 2500 cm³, exceto carro celular e carro funerário;25. Veículos automotores;VIGENTE_SNAPSHOT;;;CONFAZ_CV142_18;TABELASFISCAIS_SNAPSHOT;2026-08-31T11:34:07.624Z
25.014.00;2501400;Veículos automóveis para transporte de mercadorias, de peso em carga máxima não superior a 5 toneladas, chassis com motor diesel ou semidiesel e cabina, exceto caminhão de peso em carga máxima superior a 3,9 toneladas;25. Veículos automotores;VIGENTE_SNAPSHOT;;;CONFAZ_CV142_18;TABELASFISCAIS_SNAPSHOT;2026-08-31T11:34:07.624Z
25.015.00;2501500;Veículos automóveis para transporte de mercadorias, de peso em carga máxima não superior a 5 toneladas, com motor diesel ou semidiesel, com caixa basculante, exceto caminhão de peso em carga máxima superior a 3,9 toneladas;25. Veículos automotores;VIGENTE_SNAPSHOT;;;CONFAZ_CV142_18;TABELASFISCAIS_SNAPSHOT;2026-08-31T11:34:07.624Z
25.016.00;2501600;Veículos automóveis para transporte de mercadorias, de peso em carga máxima não superior a 5 toneladas, frigoríficos ou isotérmicos, com motor diesel ou semidiesel, exceto caminhão de peso em carga máxima superior a 3,9 toneladas;25. Veículos automotores;VIGENTE_SNAPSHOT;;;CONFAZ_CV142_18;TABELASFISCAIS_SNAPSHOT;2026-08-31T11:34:07.624Z
25.017.00;2501700;Outros veículos automóveis para transporte de mercadorias, de peso em carga máxima não superior a 5 toneladas, com motor diesel ou semidiesel, exceto carro-forte para transporte de valores e caminhão de peso em carga máxima superior a 3,9 toneladas;25. Veículos automotores;VIGENTE_SNAPSHOT;;;CONFAZ_CV142_18;TABELASFISCAIS_SNAPSHOT;2026-08-31T11:34:07.624Z
25.018.00;2501800;Veículos automóveis para transporte de mercadorias, de peso em carga máxima não superior a 5 toneladas, com motor a explosão, chassis e cabina, exceto caminhão de peso em carga máxima superior a 3,9 toneladas;25. Veículos automotores;VIGENTE_SNAPSHOT;;;CONFAZ_CV142_18;TABELASFISCAIS_SNAPSHOT;2026-08-31T11:34:07.624Z
25.019.00;2501900;Veículos automóveis para transporte de mercadorias, de peso em carga máxima não superior a 5 toneladas, com motor explosão com caixa basculante, exceto caminhão de peso em carga máxima superior a 3,9 toneladas;25. Veículos automotores;VIGENTE_SNAPSHOT;;;CONFAZ_CV142_18;TABELASFISCAIS_SNAPSHOT;2026-08-31T11:34:07.624Z
25.020.00;2502000;Veículos automóveis para transporte de mercadorias, de peso em carga máxima não superior a 5 toneladas, frigoríficos ou isotérmicos com motor explosão, exceto caminhão de peso em carga máxima superior a 3,9 toneladas;25. Veículos automotores;VIGENTE_SNAPSHOT;;;CONFAZ_CV142_18;TABELASFISCAIS_SNAPSHOT;2026-08-31T11:34:07.624Z
25.021.00;2502100;Outros veículos automóveis para transporte de mercadorias, de peso em carga máxima não superior a 5 toneladas, com motor a explosão, exceto carro-forte para transporte de valores e caminhão de peso em carga máxima superior a 3,9 toneladas;25. Veículos automotores;VIGENTE_SNAPSHOT;;;CONFAZ_CV142_18;TABELASFISCAIS_SNAPSHOT;2026-08-31T11:34:07.624Z
25.022.00;2502200;Veículos automóveis para transporte de 10 pessoas ou mais, incluindo o motorista, com motor de pistão, de ignição por compressão (diesel ou semidiesel) e um motor elétrico, com volume interno de habitáculo, destinado a passageiros e motorista, superior a 6 m³, mas inferior a 9 m³;25. Veículos automotores;VIGENTE_SNAPSHOT;;;CONFAZ_CV142_18;TABELASFISCAIS_SNAPSHOT;2026-08-31T11:34:07.624Z
25.023.00;2502300;Veículos automóveis para transporte de 10 pessoas ou mais, incluindo o motorista, com motor de pistão alternativo, de ignição por centelha (faísca) e um motor elétrico, com volume interno de habitáculo, destinado a passageiros e motorista, superior a 6 m³, mas inferior a 9 m³;25. Veículos automotores;VIGENTE_SNAPSHOT;;;CONFAZ_CV142_18;TABELASFISCAIS_SNAPSHOT;2026-08-31T11:34:07.624Z
25.024.00;2502400;Outros veículos automóveis para transporte de 10 pessoas ou mais, incluindo o motorista, com volume interno de habitáculo, destinado a passageiros e motorista, superior a 6 m³, mas inferior a 9 m³;25. Veículos automotores;VIGENTE_SNAPSHOT;;;CONFAZ_CV142_18;TABELASFISCAIS_SNAPSHOT;2026-08-31T11:34:07.624Z
25.025.00;2502500;Automóveis equipados para propulsão, simultaneamente, com um motor de pistão alternativo de ignição por centelha (faísca*) e um motor elétrico, exceto os suscetíveis de serem carregados por conexão a uma fonte externa de energia elétrica, o carro celular e o carro funerário;25. Veículos automotores;VIGENTE_SNAPSHOT;;;CONFAZ_CV142_18;TABELASFISCAIS_SNAPSHOT;2026-08-31T11:34:07.624Z
25.026.00;2502600;Automóveis equipados para propulsão, simultaneamente, com um motor de pistão por compressão (diesel ou semidiesel) e um motor elétrico, exceto os suscetíveis de serem carregados por conexão a uma fonte externa de energia elétrica, exceto o carro celular e o carro funerário;25. Veículos automotores;VIGENTE_SNAPSHOT;;;CONFAZ_CV142_18;TABELASFISCAIS_SNAPSHOT;2026-08-31T11:34:07.624Z
25.027.00;2502700;Automóveis equipados para propulsão, simultaneamente, com um motor de pistão alternativo de ignição por centelha (faísca*) e um motor elétrico, suscetíveis de serem carregados por conexão a uma fonte externa de energia elétrica, exceto o carro celular e o carro funerário;25. Veículos automotores;VIGENTE_SNAPSHOT;;;CONFAZ_CV142_18;TABELASFISCAIS_SNAPSHOT;2026-08-31T11:34:07.624Z
25.028.00;2502800;Automóveis equipados para propulsão, simultaneamente, com um motor de pistão por compressão (diesel ou semidiesel) e um motor elétrico, suscetíveis de serem carregados por conexão a uma fonte externa de energia elétrica, exceto o carro celular e o carro funerário;25. Veículos automotores;VIGENTE_SNAPSHOT;;;CONFAZ_CV142_18;TABELASFISCAIS_SNAPSHOT;2026-08-31T11:34:07.624Z
25.029.00;2502900;Outros veículos, equipados unicamente com motor elétrico para propulsão;25. Veículos automotores;VIGENTE_SNAPSHOT;;;CONFAZ_CV142_18;TABELASFISCAIS_SNAPSHOT;2026-08-31T11:34:07.624Z
25.030.00;2503000;Outros veículos para transportes de mercadorias equipados para propulsão, simultaneamente, com motor de pistão de ignição por compressão (diesel ou semidiesel) e motor elétrico de peso em carga máxima (bruto) não superior a 5 toneladas, exceto caminhão de peso em carga máxima superior a 3,9 toneladas;25. Veículos automotores;VIGENTE_SNAPSHOT;;;CONFAZ_CV142_18;TABELASFISCAIS_SNAPSHOT;2026-08-31T11:34:07.624Z
25.031.00;2503100;Outros veículos para transportes de mercadorias equipados para propulsão, simultaneamente, com motor de pistão de ignição por centelha (faísca) e motor elétrico de peso em carga máxima (bruto) não superior a 5 toneladas, exceto caminhão de peso em carga máxima superior a 3,9 toneladas;25. Veículos automotores;VIGENTE_SNAPSHOT;;;CONFAZ_CV142_18;TABELASFISCAIS_SNAPSHOT;2026-08-31T11:34:07.624Z
26.001.00;2600100;Motocicletas (incluídos os ciclomotores) e outros ciclos equipados com motor auxiliar, mesmo com carro lateral, exceto os classificados no CEST 26.001.01 - carros laterais.;26. Veículos de duas e três rodas motorizados;VIGENTE_SNAPSHOT;;;CONFAZ_CV142_18;TABELASFISCAIS_SNAPSHOT;2026-08-31T11:34:07.624Z
26.001.01;2600101;Bicicletas e outros ciclos (incluídos os triciclos) com propulsão de motor elétrico auxiliar assistido pela força humana.;26. Veículos de duas e três rodas motorizados;VIGENTE_SNAPSHOT;;;CONFAZ_CV142_18;TABELASFISCAIS_SNAPSHOT;2026-08-31T11:34:07.624Z
28.001.00;2800100;Perfumes (extratos);28. Venda de mercadorias pelo sistema porta a porta;VIGENTE_SNAPSHOT;;;CONFAZ_CV142_18;TABELASFISCAIS_SNAPSHOT;2026-08-31T11:34:07.624Z
28.002.00;2800200;Águas-de-colônia;28. Venda de mercadorias pelo sistema porta a porta;VIGENTE_SNAPSHOT;;;CONFAZ_CV142_18;TABELASFISCAIS_SNAPSHOT;2026-08-31T11:34:07.624Z
28.003.00;2800300;Produtos de maquiagem para os lábios;28. Venda de mercadorias pelo sistema porta a porta;VIGENTE_SNAPSHOT;;;CONFAZ_CV142_18;TABELASFISCAIS_SNAPSHOT;2026-08-31T11:34:07.624Z
28.004.00;2800400;Sombra, delineador, lápis para sobrancelhas e rímel;28. Venda de mercadorias pelo sistema porta a porta;VIGENTE_SNAPSHOT;;;CONFAZ_CV142_18;TABELASFISCAIS_SNAPSHOT;2026-08-31T11:34:07.624Z
28.005.00;2800500;Outros produtos de maquiagem para os olhos;28. Venda de mercadorias pelo sistema porta a porta;VIGENTE_SNAPSHOT;;;CONFAZ_CV142_18;TABELASFISCAIS_SNAPSHOT;2026-08-31T11:34:07.624Z
28.006.00;2800600;Preparações para manicuros e pedicuros;28. Venda de mercadorias pelo sistema porta a porta;VIGENTE_SNAPSHOT;;;CONFAZ_CV142_18;TABELASFISCAIS_SNAPSHOT;2026-08-31T11:34:07.624Z
28.007.00;2800700;Pós para maquiagem, incluindo os compactos;28. Venda de mercadorias pelo sistema porta a porta;VIGENTE_SNAPSHOT;;;CONFAZ_CV142_18;TABELASFISCAIS_SNAPSHOT;2026-08-31T11:34:07.624Z
28.008.00;2800800;Cremes de beleza, cremes nutritivos e loções tônicas;28. Venda de mercadorias pelo sistema porta a porta;VIGENTE_SNAPSHOT;;;CONFAZ_CV142_18;TABELASFISCAIS_SNAPSHOT;2026-08-31T11:34:07.624Z
28.009.00;2800900;Outros produtos de beleza ou de maquiagem preparados e preparações para conservação ou cuidados da pele, exceto as preparações antissolares e os bronzeadores;28. Venda de mercadorias pelo sistema porta a porta;VIGENTE_SNAPSHOT;;;CONFAZ_CV142_18;TABELASFISCAIS_SNAPSHOT;2026-08-31T11:34:07.624Z
28.010.00;2801000;Preparações antissolares e os bronzeadores;28. Venda de mercadorias pelo sistema porta a porta;VIGENTE_SNAPSHOT;;;CONFAZ_CV142_18;TABELASFISCAIS_SNAPSHOT;2026-08-31T11:34:07.624Z
28.011.00;2801100;Xampus para o cabelo;28. Venda de mercadorias pelo sistema porta a porta;VIGENTE_SNAPSHOT;;;CONFAZ_CV142_18;TABELASFISCAIS_SNAPSHOT;2026-08-31T11:34:07.624Z
28.012.00;2801200;Preparações para ondulação ou alisamento, permanentes, dos cabelos;28. Venda de mercadorias pelo sistema porta a porta;VIGENTE_SNAPSHOT;;;CONFAZ_CV142_18;TABELASFISCAIS_SNAPSHOT;2026-08-31T11:34:07.624Z
28.013.00;2801300;Outras preparações capilares;28. Venda de mercadorias pelo sistema porta a porta;VIGENTE_SNAPSHOT;;;CONFAZ_CV142_18;TABELASFISCAIS_SNAPSHOT;2026-08-31T11:34:07.624Z
28.014.00;2801400;Tintura para o cabelo;28. Venda de mercadorias pelo sistema porta a porta;VIGENTE_SNAPSHOT;;;CONFAZ_CV142_18;TABELASFISCAIS_SNAPSHOT;2026-08-31T11:34:07.624Z
28.015.00;2801500;Preparações para barbear (antes, durante ou após);28. Venda de mercadorias pelo sistema porta a porta;VIGENTE_SNAPSHOT;;;CONFAZ_CV142_18;TABELASFISCAIS_SNAPSHOT;2026-08-31T11:34:07.624Z
28.016.00;2801600;Desodorantes (desodorizantes) corporais líquidos, exceto os classificados no CEST 28.016.01;28. Venda de mercadorias pelo sistema porta a porta;VIGENTE_SNAPSHOT;;;CONFAZ_CV142_18;TABELASFISCAIS_SNAPSHOT;2026-08-31T11:34:07.624Z
28.016.01;2801601;Loções e óleos desodorantes hidratantes líquidos;28. Venda de mercadorias pelo sistema porta a porta;VIGENTE_SNAPSHOT;;;CONFAZ_CV142_18;TABELASFISCAIS_SNAPSHOT;2026-08-31T11:34:07.624Z
28.016.02;2801602;Antiperspirantes líquidos;28. Venda de mercadorias pelo sistema porta a porta;VIGENTE_SNAPSHOT;;;CONFAZ_CV142_18;TABELASFISCAIS_SNAPSHOT;2026-08-31T11:34:07.624Z
28.017.00;2801700;Outros desodorantes (desodorizantes) corporais, exceto os classificados no CEST 28.017.01;28. Venda de mercadorias pelo sistema porta a porta;VIGENTE_SNAPSHOT;;;CONFAZ_CV142_18;TABELASFISCAIS_SNAPSHOT;2026-08-31T11:34:07.624Z
28.017.01;2801701;Outras loções e óleos desodorantes hidratantes;28. Venda de mercadorias pelo sistema porta a porta;VIGENTE_SNAPSHOT;;;CONFAZ_CV142_18;TABELASFISCAIS_SNAPSHOT;2026-08-31T11:34:07.624Z
28.017.02;2801702;Outros antiperspirantes;28. Venda de mercadorias pelo sistema porta a porta;VIGENTE_SNAPSHOT;;;CONFAZ_CV142_18;TABELASFISCAIS_SNAPSHOT;2026-08-31T11:34:07.624Z
28.018.00;2801800;Outros produtos de perfumaria ou de toucador preparados;28. Venda de mercadorias pelo sistema porta a porta;VIGENTE_SNAPSHOT;;;CONFAZ_CV142_18;TABELASFISCAIS_SNAPSHOT;2026-08-31T11:34:07.624Z
28.019.00;2801900;Outras preparações cosméticas;28. Venda de mercadorias pelo sistema porta a porta;VIGENTE_SNAPSHOT;;;CONFAZ_CV142_18;TABELASFISCAIS_SNAPSHOT;2026-08-31T11:34:07.624Z
28.020.00;2802000;Sabões de toucador em barras, pedaços ou figuras moldados, exceto CEST 28.020.01;28. Venda de mercadorias pelo sistema porta a porta;VIGENTE_SNAPSHOT;;;CONFAZ_CV142_18;TABELASFISCAIS_SNAPSHOT;2026-08-31T11:34:07.624Z
28.020.01;2802001;Lenços umedecidos;28. Venda de mercadorias pelo sistema porta a porta;VIGENTE_SNAPSHOT;;;CONFAZ_CV142_18;TABELASFISCAIS_SNAPSHOT;2026-08-31T11:34:07.624Z
28.021.00;2802100;Outros sabões, produtos e preparações orgânicos tensoativos, inclusive papel, pastas (ouates), feltros e falsos tecidos, impregnados, revestidos ou recobertos de sabão ou de detergentes;28. Venda de mercadorias pelo sistema porta a porta;VIGENTE_SNAPSHOT;;;CONFAZ_CV142_18;TABELASFISCAIS_SNAPSHOT;2026-08-31T11:34:07.624Z
28.022.00;2802200;Sabões de toucador sob outras formas;28. Venda de mercadorias pelo sistema porta a porta;VIGENTE_SNAPSHOT;;;CONFAZ_CV142_18;TABELASFISCAIS_SNAPSHOT;2026-08-31T11:34:07.624Z
28.023.00;2802300;Produtos e preparações orgânicos tensoativos para lavagem da pele, em forma de líquido ou de creme, acondicionados para venda a retalho, mesmo contendo sabão;28. Venda de mercadorias pelo sistema porta a porta;VIGENTE_SNAPSHOT;;;CONFAZ_CV142_18;TABELASFISCAIS_SNAPSHOT;2026-08-31T11:34:07.624Z
28.024.00;2802400;Lenços de papel, incluindo os de desmaquiar;28. Venda de mercadorias pelo sistema porta a porta;VIGENTE_SNAPSHOT;;;CONFAZ_CV142_18;TABELASFISCAIS_SNAPSHOT;2026-08-31T11:34:07.624Z
28.024.01;2802401;Toalhas de mão;28. Venda de mercadorias pelo sistema porta a porta;VIGENTE_SNAPSHOT;;;CONFAZ_CV142_18;TABELASFISCAIS_SNAPSHOT;2026-08-31T11:34:07.624Z
28.025.00;2802500;Apontadores de lápis para maquiagem;28. Venda de mercadorias pelo sistema porta a porta;VIGENTE_SNAPSHOT;;;CONFAZ_CV142_18;TABELASFISCAIS_SNAPSHOT;2026-08-31T11:34:07.624Z
28.025.01;2802501;Espátulas, abre-cartas e raspadeiras;28. Venda de mercadorias pelo sistema porta a porta;VIGENTE_SNAPSHOT;;;CONFAZ_CV142_18;TABELASFISCAIS_SNAPSHOT;2026-08-31T11:34:07.624Z
28.025.02;2802502;Lâminas de espátulas, de abre-cartas, de raspadeiras e de apontadores de lápis;28. Venda de mercadorias pelo sistema porta a porta;VIGENTE_SNAPSHOT;;;CONFAZ_CV142_18;TABELASFISCAIS_SNAPSHOT;2026-08-31T11:34:07.624Z
28.026.00;2802600;Utensílios e sortidos de utensílios de manicuros ou de pedicuros (incluindo as limas para unhas);28. Venda de mercadorias pelo sistema porta a porta;VIGENTE_SNAPSHOT;;;CONFAZ_CV142_18;TABELASFISCAIS_SNAPSHOT;2026-08-31T11:34:07.624Z
28.027.00;2802700;Escovas e pincéis de barba, escovas para cabelos, para cílios ou para unhas e outras escovas de toucador de pessoas;28. Venda de mercadorias pelo sistema porta a porta;VIGENTE_SNAPSHOT;;;CONFAZ_CV142_18;TABELASFISCAIS_SNAPSHOT;2026-08-31T11:34:07.624Z
28.027.01;2802701;Vassouras e escovas, mesmo constituindo partes de máquinas, de aparelhos ou de veículos, vassouras mecânicas de uso manual não motorizadas, pincéis e espanadores - cabeças preparadas para escovas, pincéis e artigos semelhantes - bonecas e rolos para pintura - rodos de borracha ou de matérias flexíveis semelhantes, outros;28. Venda de mercadorias pelo sistema porta a porta;VIGENTE_SNAPSHOT;;;CONFAZ_CV142_18;TABELASFISCAIS_SNAPSHOT;2026-08-31T11:34:07.624Z
28.028.00;2802800;Pincéis para aplicação de produtos cosméticos;28. Venda de mercadorias pelo sistema porta a porta;VIGENTE_SNAPSHOT;;;CONFAZ_CV142_18;TABELASFISCAIS_SNAPSHOT;2026-08-31T11:34:07.624Z
28.028.01;2802801;Pincéis e escovas, para artistas e pincéis de escrever;28. Venda de mercadorias pelo sistema porta a porta;VIGENTE_SNAPSHOT;;;CONFAZ_CV142_18;TABELASFISCAIS_SNAPSHOT;2026-08-31T11:34:07.624Z
28.029.00;2802900;Vaporizadores de toucador, suas armações e cabeças de armações;28. Venda de mercadorias pelo sistema porta a porta;VIGENTE_SNAPSHOT;;;CONFAZ_CV142_18;TABELASFISCAIS_SNAPSHOT;2026-08-31T11:34:07.624Z
28.030.00;2803000;Borlas ou esponjas para pós ou para aplicação de outros cosméticos ou de produtos de toucador;28. Venda de mercadorias pelo sistema porta a porta;VIGENTE_SNAPSHOT;;;CONFAZ_CV142_18;TABELASFISCAIS_SNAPSHOT;2026-08-31T11:34:07.624Z
28.031.00;2803100;Malas e maletas de toucador;28. Venda de mercadorias pelo sistema porta a porta;VIGENTE_SNAPSHOT;;;CONFAZ_CV142_18;TABELASFISCAIS_SNAPSHOT;2026-08-31T11:34:07.624Z
28.032.00;2803200;Pentes, travessas para cabelo e artigos semelhantes - grampos (alfinetes) para cabelo - pinças (pinceguiches), onduladores, bobs (rolos) e artefatos semelhantes para penteados, e suas partes;28. Venda de mercadorias pelo sistema porta a porta;VIGENTE_SNAPSHOT;;;CONFAZ_CV142_18;TABELASFISCAIS_SNAPSHOT;2026-08-31T11:34:07.624Z
28.033.00;2803300;Mamadeiras;28. Venda de mercadorias pelo sistema porta a porta;VIGENTE_SNAPSHOT;;;CONFAZ_CV142_18;TABELASFISCAIS_SNAPSHOT;2026-08-31T11:34:07.624Z
28.034.00;2803400;Chupetas e bicos para mamadeiras e para chupetas;28. Venda de mercadorias pelo sistema porta a porta;VIGENTE_SNAPSHOT;;;CONFAZ_CV142_18;TABELASFISCAIS_SNAPSHOT;2026-08-31T11:34:07.624Z
28.035.00;2803500;Outras plantas e partes, para perfumaria, medicina e semelhantes;28. Venda de mercadorias pelo sistema porta a porta;VIGENTE_SNAPSHOT;;;CONFAZ_CV142_18;TABELASFISCAIS_SNAPSHOT;2026-08-31T11:34:07.624Z
28.036.00;2803600;Vestuário e seus acessórios, de plásticos, inclusive luvas;28. Venda de mercadorias pelo sistema porta a porta;VIGENTE_SNAPSHOT;;;CONFAZ_CV142_18;TABELASFISCAIS_SNAPSHOT;2026-08-31T11:34:07.624Z
28.037.00;2803700;Estatuetas e outros objetos de ornamentação, de plásticos;28. Venda de mercadorias pelo sistema porta a porta;VIGENTE_SNAPSHOT;;;CONFAZ_CV142_18;TABELASFISCAIS_SNAPSHOT;2026-08-31T11:34:07.624Z
28.038.00;2803800;Outras obras de plásticos;28. Venda de mercadorias pelo sistema porta a porta;VIGENTE_SNAPSHOT;;;CONFAZ_CV142_18;TABELASFISCAIS_SNAPSHOT;2026-08-31T11:34:07.624Z
28.039.00;2803900;Bolsas de folhas de plástico;28. Venda de mercadorias pelo sistema porta a porta;VIGENTE_SNAPSHOT;;;CONFAZ_CV142_18;TABELASFISCAIS_SNAPSHOT;2026-08-31T11:34:07.624Z
28.040.00;2804000;Bolsas de matérias têxteis;28. Venda de mercadorias pelo sistema porta a porta;VIGENTE_SNAPSHOT;;;CONFAZ_CV142_18;TABELASFISCAIS_SNAPSHOT;2026-08-31T11:34:07.624Z
28.041.00;2804100;Bolsas de outras matérias;28. Venda de mercadorias pelo sistema porta a porta;VIGENTE_SNAPSHOT;;;CONFAZ_CV142_18;TABELASFISCAIS_SNAPSHOT;2026-08-31T11:34:07.624Z
28.042.00;2804200;Artigos de bolsos/bolsas, de outras matérias;28. Venda de mercadorias pelo sistema porta a porta;VIGENTE_SNAPSHOT;;;CONFAZ_CV142_18;TABELASFISCAIS_SNAPSHOT;2026-08-31T11:34:07.624Z
28.043.00;2804300;Outros artefatos, de folhas de plásticos ou matérias têxteis;28. Venda de mercadorias pelo sistema porta a porta;VIGENTE_SNAPSHOT;;;CONFAZ_CV142_18;TABELASFISCAIS_SNAPSHOT;2026-08-31T11:34:07.624Z
28.044.00;2804400;Outros artefatos, de outras matérias;28. Venda de mercadorias pelo sistema porta a porta;VIGENTE_SNAPSHOT;;;CONFAZ_CV142_18;TABELASFISCAIS_SNAPSHOT;2026-08-31T11:34:07.624Z
28.045.00;2804500;Caixas e cartonagens, dobráveis, de papel/cartão, não ondulados;28. Venda de mercadorias pelo sistema porta a porta;VIGENTE_SNAPSHOT;;;CONFAZ_CV142_18;TABELASFISCAIS_SNAPSHOT;2026-08-31T11:34:07.624Z
28.046.00;2804600;Outros sacos, bolsas e cartuchos, de papel ou cartão;28. Venda de mercadorias pelo sistema porta a porta;VIGENTE_SNAPSHOT;;;CONFAZ_CV142_18;TABELASFISCAIS_SNAPSHOT;2026-08-31T11:34:07.624Z
28.047.00;2804700;Etiquetas de papel ou cartão, impressas;28. Venda de mercadorias pelo sistema porta a porta;VIGENTE_SNAPSHOT;;;CONFAZ_CV142_18;TABELASFISCAIS_SNAPSHOT;2026-08-31T11:34:07.624Z
28.048.00;2804800;Outros impressos publicitários, catálogos comerciais e semelhantes;28. Venda de mercadorias pelo sistema porta a porta;VIGENTE_SNAPSHOT;;;CONFAZ_CV142_18;TABELASFISCAIS_SNAPSHOT;2026-08-31T11:34:07.624Z
28.049.00;2804900;Outras meias de malha de outras matérias têxteis;28. Venda de mercadorias pelo sistema porta a porta;VIGENTE_SNAPSHOT;;;CONFAZ_CV142_18;TABELASFISCAIS_SNAPSHOT;2026-08-31T11:34:07.624Z
28.050.00;2805000;Outros acessórios confeccionados, de vestuário;28. Venda de mercadorias pelo sistema porta a porta;VIGENTE_SNAPSHOT;;;CONFAZ_CV142_18;TABELASFISCAIS_SNAPSHOT;2026-08-31T11:34:07.624Z
28.051.00;2805100;Roupas de toucador/cozinha, de tecidos atoalhados de algodão;28. Venda de mercadorias pelo sistema porta a porta;VIGENTE_SNAPSHOT;;;CONFAZ_CV142_18;TABELASFISCAIS_SNAPSHOT;2026-08-31T11:34:07.624Z
28.052.00;2805200;Outros artefatos têxteis confeccionados;28. Venda de mercadorias pelo sistema porta a porta;VIGENTE_SNAPSHOT;;;CONFAZ_CV142_18;TABELASFISCAIS_SNAPSHOT;2026-08-31T11:34:07.624Z
28.053.00;2805300;Chapéus e outros artefatos de outras matérias, exceto de malha;28. Venda de mercadorias pelo sistema porta a porta;VIGENTE_SNAPSHOT;;;CONFAZ_CV142_18;TABELASFISCAIS_SNAPSHOT;2026-08-31T11:34:07.624Z
28.054.00;2805400;Artigos para outras festas, carnaval ou outros divertimentos;28. Venda de mercadorias pelo sistema porta a porta;VIGENTE_SNAPSHOT;;;CONFAZ_CV142_18;TABELASFISCAIS_SNAPSHOT;2026-08-31T11:34:07.624Z
28.055.00;2805500;Produtos destinados à higiene bucal;28. Venda de mercadorias pelo sistema porta a porta;VIGENTE_SNAPSHOT;;;CONFAZ_CV142_18;TABELASFISCAIS_SNAPSHOT;2026-08-31T11:34:07.624Z
28.056.00;2805600;Outros produtos cosméticos e de higiene pessoal não relacionados em outros itens deste anexo;28. Venda de mercadorias pelo sistema porta a porta;VIGENTE_SNAPSHOT;;;CONFAZ_CV142_18;TABELASFISCAIS_SNAPSHOT;2026-08-31T11:34:07.624Z
28.057.00;2805700;Outros artigos destinados a cuidados pessoais não relacionados em outros itens deste anexo;28. Venda de mercadorias pelo sistema porta a porta;VIGENTE_SNAPSHOT;;;CONFAZ_CV142_18;TABELASFISCAIS_SNAPSHOT;2026-08-31T11:34:07.624Z
28.058.00;2805800;Acessórios (por exemplo, bijuterias, relógios, óculos de sol, bolsas, mochilas, frasqueiras, carteiras, porta-cartões, porta-documentos, porta-celulares e embalagens presenteáveis (por exemplo, caixinhas de papel), entre outros itens assemelhados);28. Venda de mercadorias pelo sistema porta a porta;VIGENTE_SNAPSHOT;;;CONFAZ_CV142_18;TABELASFISCAIS_SNAPSHOT;2026-08-31T11:34:07.624Z
28.059.00;2805900;Vestuário e seus acessórios - calçados, polainas e artefatos semelhantes, e suas partes;28. Venda de mercadorias pelo sistema porta a porta;VIGENTE_SNAPSHOT;;;CONFAZ_CV142_18;TABELASFISCAIS_SNAPSHOT;2026-08-31T11:34:07.624Z
28.060.00;2806000;Outros artigos de vestuário em geral, exceto os relacionados no item anterior;28. Venda de mercadorias pelo sistema porta a porta;VIGENTE_SNAPSHOT;;;CONFAZ_CV142_18;TABELASFISCAIS_SNAPSHOT;2026-08-31T11:34:07.624Z
28.061.00;2806100;Artigos de casa;28. Venda de mercadorias pelo sistema porta a porta;VIGENTE_SNAPSHOT;;;CONFAZ_CV142_18;TABELASFISCAIS_SNAPSHOT;2026-08-31T11:34:07.624Z
28.062.00;2806200;Produtos das indústrias alimentares e bebidas;28. Venda de mercadorias pelo sistema porta a porta;VIGENTE_SNAPSHOT;;;CONFAZ_CV142_18;TABELASFISCAIS_SNAPSHOT;2026-08-31T11:34:07.624Z
28.063.00;2806300;Produtos de limpeza e conservação doméstica;28. Venda de mercadorias pelo sistema porta a porta;VIGENTE_SNAPSHOT;;;CONFAZ_CV142_18;TABELASFISCAIS_SNAPSHOT;2026-08-31T11:34:07.624Z
28.064.00;2806400;Artigos infantis;28. Venda de mercadorias pelo sistema porta a porta;VIGENTE_SNAPSHOT;;;CONFAZ_CV142_18;TABELASFISCAIS_SNAPSHOT;2026-08-31T11:34:07.624Z
28.999.00;2899900;Outros produtos comercializados pelo sistema de marketing direto porta-a-porta a consumidor final não relacionados em outros itens deste anexo;28. Venda de mercadorias pelo sistema porta a porta;VIGENTE_SNAPSHOT;;;CONFAZ_CV142_18;TABELASFISCAIS_SNAPSHOT;2026-08-31T11:34:07.624Z
